audit_title,physical_cell_id,stage_id,threshold_reference,available_capacity_fields,cycle_index_fields,last_above_cycle,first_at_or_below_cycle,censoring_class,audit_status,evidence_paths,impact,minimal_next_step
用户风险接受的候选数据审计,1,soh100_to_80,NOT_VERIFIABLE: no authoritative per-cell SOH80 capacity-reference field in raw CSV headers,Capacity(Ah)|Capa. Sum(Ah)|Char. Cap.(Ah)|Dischar. Cap.(Ah),CurCycle|TotCycle present inside tester files; RPT filename index is not a physical aging-cycle field,,,invalid_protocol,NOT_VERIFIABLE,/Users/wanghaoming/Public/SOC电池数据中心/SOC电池数据中心/Battery raw data/RPT Data/1. LOW C@ 25°C #1/0.csv|/Users/wanghaoming/Public/SOC电池数据中心/SOC电池数据中心/Battery raw data/RPT Data/1. LOW C@ 25°C #1/1.csv|/Users/wanghaoming/Public/SOC电池数据中心/SOC电池数据中心/Battery raw data/RPT Data/1. LOW C@ 25°C #1/2.csv|/Users/wanghaoming/Public/SOC电池数据中心/SOC电池数据中心/Battery raw data/RPT Data/1. LOW C@ 25°C #1/3.csv|/Users/wanghaoming/Public/SOC电池数据中心/SOC电池数据中心/Battery raw data/RPT Data/1. LOW C@ 25°C #1/4.csv|/Users/wanghaoming/Public/SOC电池数据中心/SOC电池数据中心/Battery raw data/RPT Data/1. LOW C@ 25°C #1/5.csv|/Users/wanghaoming/Public/SOC电池数据中心/SOC电池数据中心/Battery raw data/RPT Data/1. LOW C@ 25°C #1/6.csv|/Users/wanghaoming/Public/SOC电池数据中心/SOC电池数据中心/Battery raw data/0.033C RPT Data/1. LOW C@ 25°C #1.csv|/Users/wanghaoming/Public/SOC电池数据中心/SOC电池数据中心/Battery raw data/Cycle Data/1. LOW C@ 25°C #1/1. CYC1-100_0.5C @25°C.csv|/Users/wanghaoming/Public/SOC电池数据中心/SOC电池数据中心/Battery raw data/Cycle Data/1. LOW C@ 25°C #1/2. CYC101-200_0.5C @25°C.csv|/Users/wanghaoming/Public/SOC电池数据中心/SOC电池数据中心/Battery raw data/Cycle Data/1. LOW C@ 25°C #1/3. CYC201-300_0.5C @25°C.csv|/Users/wanghaoming/Public/SOC电池数据中心/SOC电池数据中心/Battery raw data/Cycle Data/1. LOW C@ 25°C #1/4. CYC301-350_0.5C @25°C.csv|/Users/wanghaoming/Public/SOC电池数据中心/SOC电池数据中心/Battery raw data/Cycle Data/1. LOW C@ 25°C #1/5. CYC351-425_0.5C @25°C.csv|/Users/wanghaoming/Public/SOC电池数据中心/SOC电池数据中心/Battery raw data/Cycle Data/1. LOW C@ 25°C #1/6. CYC426-465_0.5C @25°C.csv,No observed/right/left label may be emitted; RPT-to-physical-cycle alignment and threshold reference are unproven.,Provide authoritative protocol evidence binding each RPT to physical aging cycle and defining SOH80 reference/capacity step.
用户风险接受的候选数据审计,1,soh80_to_60,NOT_VERIFIABLE: no authoritative SOH60 capacity-reference/standardized checkpoint field in After-SOH80 raw CSV headers,Capacity(Ah)|Capa. Sum(Ah)|Char. Cap.(Ah)|Dischar. Cap.(Ah),CurCycle|TotCycle present; stage-relative physical meaning is not accompanied by threshold-reference provenance,,,invalid_protocol,NOT_VERIFIABLE,/Users/wanghaoming/Public/SOC电池数据中心/SOC电池数据中心/Battery raw data/After SOH80 Data/1. CYCLE_after_SOH80_LOW C@ 25°C #1.csv|/Users/wanghaoming/Public/SOC电池数据中心/SOC电池数据中心/Battery raw data/2nd_lifetime.xlsx,No observed/right/left label may be emitted; continuous cycle capacity cannot substitute for the defined SOH60 checkpoint without protocol evidence.,Provide authoritative second-stage protocol and exact capacity-reference/checkpoint mapping; then re-audit adjacent above/below observations.
用户风险接受的候选数据审计,2,soh100_to_80,NOT_VERIFIABLE: no authoritative per-cell SOH80 capacity-reference field in raw CSV headers,Capacity(Ah)|Capa. Sum(Ah)|Char. Cap.(Ah)|Dischar. Cap.(Ah),CurCycle|TotCycle present inside tester files; RPT filename index is not a physical aging-cycle field,,,invalid_protocol,NOT_VERIFIABLE,/Users/wanghaoming/Public/SOC电池数据中心/SOC电池数据中心/Battery raw data/RPT Data/2. LOW C@ 25°C #2/0.csv|/Users/wanghaoming/Public/SOC电池数据中心/SOC电池数据中心/Battery raw data/RPT Data/2. LOW C@ 25°C #2/1.csv|/Users/wanghaoming/Public/SOC电池数据中心/SOC电池数据中心/Battery raw data/RPT Data/2. LOW C@ 25°C #2/2.csv|/Users/wanghaoming/Public/SOC电池数据中心/SOC电池数据中心/Battery raw data/RPT Data/2. LOW C@ 25°C #2/3.csv|/Users/wanghaoming/Public/SOC电池数据中心/SOC电池数据中心/Battery raw data/RPT Data/2. LOW C@ 25°C #2/4.csv|/Users/wanghaoming/Public/SOC电池数据中心/SOC电池数据中心/Battery raw data/RPT Data/2. LOW C@ 25°C #2/5.csv|/Users/wanghaoming/Public/SOC电池数据中心/SOC电池数据中心/Battery raw data/RPT Data/2. LOW C@ 25°C #2/6.csv|/Users/wanghaoming/Public/SOC电池数据中心/SOC电池数据中心/Battery raw data/0.033C RPT Data/2. LOW C@ 25°C #2.csv|/Users/wanghaoming/Public/SOC电池数据中心/SOC电池数据中心/Battery raw data/Cycle Data/2. LOW C@ 25°C #2/1. CYC1-100_0.5C @25°C.csv|/Users/wanghaoming/Public/SOC电池数据中心/SOC电池数据中心/Battery raw data/Cycle Data/2. LOW C@ 25°C #2/2. CYC101-200_0.5C @25°C.csv|/Users/wanghaoming/Public/SOC电池数据中心/SOC电池数据中心/Battery raw data/Cycle Data/2. LOW C@ 25°C #2/3. CYC201-300_0.5C @25°C.csv|/Users/wanghaoming/Public/SOC电池数据中心/SOC电池数据中心/Battery raw data/Cycle Data/2. LOW C@ 25°C #2/4. CYC301-350_0.5C @25°C.csv|/Users/wanghaoming/Public/SOC电池数据中心/SOC电池数据中心/Battery raw data/Cycle Data/2. LOW C@ 25°C #2/5. CYC351-425_0.5C @25°C.csv|/Users/wanghaoming/Public/SOC电池数据中心/SOC电池数据中心/Battery raw data/Cycle Data/2. LOW C@ 25°C #2/6. CYC426-465_0.5C @25°C.csv,No observed/right/left label may be emitted; RPT-to-physical-cycle alignment and threshold reference are unproven.,Provide authoritative protocol evidence binding each RPT to physical aging cycle and defining SOH80 reference/capacity step.
用户风险接受的候选数据审计,2,soh80_to_60,NOT_VERIFIABLE: no authoritative SOH60 capacity-reference/standardized checkpoint field in After-SOH80 raw CSV headers,Capacity(Ah)|Capa. Sum(Ah)|Char. Cap.(Ah)|Dischar. Cap.(Ah),CurCycle|TotCycle present; stage-relative physical meaning is not accompanied by threshold-reference provenance,,,invalid_protocol,NOT_VERIFIABLE,/Users/wanghaoming/Public/SOC电池数据中心/SOC电池数据中心/Battery raw data/After SOH80 Data/2. CYCLE_after_SOH80_LOW C@ 25°C #2.csv|/Users/wanghaoming/Public/SOC电池数据中心/SOC电池数据中心/Battery raw data/2nd_lifetime.xlsx,No observed/right/left label may be emitted; continuous cycle capacity cannot substitute for the defined SOH60 checkpoint without protocol evidence.,Provide authoritative second-stage protocol and exact capacity-reference/checkpoint mapping; then re-audit adjacent above/below observations.
用户风险接受的候选数据审计,3,soh100_to_80,NOT_VERIFIABLE: no authoritative per-cell SOH80 capacity-reference field in raw CSV headers,Capacity(Ah)|Capa. Sum(Ah)|Char. Cap.(Ah)|Dischar. Cap.(Ah),CurCycle|TotCycle present inside tester files; RPT filename index is not a physical aging-cycle field,,,invalid_protocol,NOT_VERIFIABLE,/Users/wanghaoming/Public/SOC电池数据中心/SOC电池数据中心/Battery raw data/RPT Data/3. LOW C@ 25°C #3/0.csv|/Users/wanghaoming/Public/SOC电池数据中心/SOC电池数据中心/Battery raw data/RPT Data/3. LOW C@ 25°C #3/1.csv|/Users/wanghaoming/Public/SOC电池数据中心/SOC电池数据中心/Battery raw data/RPT Data/3. LOW C@ 25°C #3/2.csv|/Users/wanghaoming/Public/SOC电池数据中心/SOC电池数据中心/Battery raw data/RPT Data/3. LOW C@ 25°C #3/3.csv|/Users/wanghaoming/Public/SOC电池数据中心/SOC电池数据中心/Battery raw data/RPT Data/3. LOW C@ 25°C #3/4.csv|/Users/wanghaoming/Public/SOC电池数据中心/SOC电池数据中心/Battery raw data/RPT Data/3. LOW C@ 25°C #3/5.csv|/Users/wanghaoming/Public/SOC电池数据中心/SOC电池数据中心/Battery raw data/RPT Data/3. LOW C@ 25°C #3/6.csv|/Users/wanghaoming/Public/SOC电池数据中心/SOC电池数据中心/Battery raw data/0.033C RPT Data/3. LOW C@ 25°C #3.csv|/Users/wanghaoming/Public/SOC电池数据中心/SOC电池数据中心/Battery raw data/Cycle Data/3. LOW C@ 25°C #3/1. CYC1-100_0.5C @25°C.csv|/Users/wanghaoming/Public/SOC电池数据中心/SOC电池数据中心/Battery raw data/Cycle Data/3. LOW C@ 25°C #3/2. CYC101-200_0.5C @25°C.csv|/Users/wanghaoming/Public/SOC电池数据中心/SOC电池数据中心/Battery raw data/Cycle Data/3. LOW C@ 25°C #3/3. CYC201-300_0.5C @25°C.csv|/Users/wanghaoming/Public/SOC电池数据中心/SOC电池数据中心/Battery raw data/Cycle Data/3. LOW C@ 25°C #3/4. CYC301-350_0.5C @25°C.csv|/Users/wanghaoming/Public/SOC电池数据中心/SOC电池数据中心/Battery raw data/Cycle Data/3. LOW C@ 25°C #3/5. CYC351-425_0.5C @25°C.csv|/Users/wanghaoming/Public/SOC电池数据中心/SOC电池数据中心/Battery raw data/Cycle Data/3. LOW C@ 25°C #3/6. CYC426-465_0.5C @25°C.csv,No observed/right/left label may be emitted; RPT-to-physical-cycle alignment and threshold reference are unproven.,Provide authoritative protocol evidence binding each RPT to physical aging cycle and defining SOH80 reference/capacity step.
用户风险接受的候选数据审计,3,soh80_to_60,NOT_VERIFIABLE: no authoritative SOH60 capacity-reference/standardized checkpoint field in After-SOH80 raw CSV headers,Capacity(Ah)|Capa. Sum(Ah)|Char. Cap.(Ah)|Dischar. Cap.(Ah),CurCycle|TotCycle present; stage-relative physical meaning is not accompanied by threshold-reference provenance,,,invalid_protocol,NOT_VERIFIABLE,/Users/wanghaoming/Public/SOC电池数据中心/SOC电池数据中心/Battery raw data/After SOH80 Data/3. CYCLE_after_SOH80_LOW C@ 25°C #3.csv|/Users/wanghaoming/Public/SOC电池数据中心/SOC电池数据中心/Battery raw data/2nd_lifetime.xlsx,No observed/right/left label may be emitted; continuous cycle capacity cannot substitute for the defined SOH60 checkpoint without protocol evidence.,Provide authoritative second-stage protocol and exact capacity-reference/checkpoint mapping; then re-audit adjacent above/below observations.
用户风险接受的候选数据审计,4,soh100_to_80,NOT_VERIFIABLE: no authoritative per-cell SOH80 capacity-reference field in raw CSV headers,Capacity(Ah)|Capa. Sum(Ah)|Char. Cap.(Ah)|Dischar. Cap.(Ah),CurCycle|TotCycle present inside tester files; RPT filename index is not a physical aging-cycle field,,,invalid_protocol,NOT_VERIFIABLE,/Users/wanghaoming/Public/SOC电池数据中心/SOC电池数据中心/Battery raw data/RPT Data/4. LOW C@ 25°C #4/0.csv|/Users/wanghaoming/Public/SOC电池数据中心/SOC电池数据中心/Battery raw data/RPT Data/4. LOW C@ 25°C #4/1.csv|/Users/wanghaoming/Public/SOC电池数据中心/SOC电池数据中心/Battery raw data/RPT Data/4. LOW C@ 25°C #4/2.csv|/Users/wanghaoming/Public/SOC电池数据中心/SOC电池数据中心/Battery raw data/RPT Data/4. LOW C@ 25°C #4/3.csv|/Users/wanghaoming/Public/SOC电池数据中心/SOC电池数据中心/Battery raw data/RPT Data/4. LOW C@ 25°C #4/4.csv|/Users/wanghaoming/Public/SOC电池数据中心/SOC电池数据中心/Battery raw data/RPT Data/4. LOW C@ 25°C #4/5.csv|/Users/wanghaoming/Public/SOC电池数据中心/SOC电池数据中心/Battery raw data/RPT Data/4. LOW C@ 25°C #4/6.csv|/Users/wanghaoming/Public/SOC电池数据中心/SOC电池数据中心/Battery raw data/0.033C RPT Data/4. LOW C@ 25°C #4.csv|/Users/wanghaoming/Public/SOC电池数据中心/SOC电池数据中心/Battery raw data/Cycle Data/4. LOW C@ 25°C #4/1. CYC1-100_0.5C @25°C.csv|/Users/wanghaoming/Public/SOC电池数据中心/SOC电池数据中心/Battery raw data/Cycle Data/4. LOW C@ 25°C #4/2. CYC101-200_0.5C @25°C.csv|/Users/wanghaoming/Public/SOC电池数据中心/SOC电池数据中心/Battery raw data/Cycle Data/4. LOW C@ 25°C #4/3. CYC201-300_0.5C @25°C.csv|/Users/wanghaoming/Public/SOC电池数据中心/SOC电池数据中心/Battery raw data/Cycle Data/4. LOW C@ 25°C #4/4. CYC301-350_0.5C @25°.csv|/Users/wanghaoming/Public/SOC电池数据中心/SOC电池数据中心/Battery raw data/Cycle Data/4. LOW C@ 25°C #4/5. CYC351-425_0.5C @25°C.csv|/Users/wanghaoming/Public/SOC电池数据中心/SOC电池数据中心/Battery raw data/Cycle Data/4. LOW C@ 25°C #4/6. CYC426-465_0.5C @25°C.csv,No observed/right/left label may be emitted; RPT-to-physical-cycle alignment and threshold reference are unproven.,Provide authoritative protocol evidence binding each RPT to physical aging cycle and defining SOH80 reference/capacity step.
用户风险接受的候选数据审计,4,soh80_to_60,NOT_VERIFIABLE: no authoritative SOH60 capacity-reference/standardized checkpoint field in After-SOH80 raw CSV headers,Capacity(Ah)|Capa. Sum(Ah)|Char. Cap.(Ah)|Dischar. Cap.(Ah),CurCycle|TotCycle present; stage-relative physical meaning is not accompanied by threshold-reference provenance,,,invalid_protocol,NOT_VERIFIABLE,/Users/wanghaoming/Public/SOC电池数据中心/SOC电池数据中心/Battery raw data/After SOH80 Data/4. CYCLE_after_SOH80_LOW C@ 25°C #4.csv|/Users/wanghaoming/Public/SOC电池数据中心/SOC电池数据中心/Battery raw data/2nd_lifetime.xlsx,No observed/right/left label may be emitted; continuous cycle capacity cannot substitute for the defined SOH60 checkpoint without protocol evidence.,Provide authoritative second-stage protocol and exact capacity-reference/checkpoint mapping; then re-audit adjacent above/below observations.
用户风险接受的候选数据审计,5,soh100_to_80,NOT_VERIFIABLE: no authoritative per-cell SOH80 capacity-reference field in raw CSV headers,Capacity(Ah)|Capa. Sum(Ah)|Char. Cap.(Ah)|Dischar. Cap.(Ah),CurCycle|TotCycle present inside tester files; RPT filename index is not a physical aging-cycle field,,,invalid_protocol,NOT_VERIFIABLE,/Users/wanghaoming/Public/SOC电池数据中心/SOC电池数据中心/Battery raw data/RPT Data/5. LOW C@ 25°C #5/0.csv|/Users/wanghaoming/Public/SOC电池数据中心/SOC电池数据中心/Battery raw data/RPT Data/5. LOW C@ 25°C #5/1.csv|/Users/wanghaoming/Public/SOC电池数据中心/SOC电池数据中心/Battery raw data/RPT Data/5. LOW C@ 25°C #5/2.csv|/Users/wanghaoming/Public/SOC电池数据中心/SOC电池数据中心/Battery raw data/RPT Data/5. LOW C@ 25°C #5/3.csv|/Users/wanghaoming/Public/SOC电池数据中心/SOC电池数据中心/Battery raw data/RPT Data/5. LOW C@ 25°C #5/4.csv|/Users/wanghaoming/Public/SOC电池数据中心/SOC电池数据中心/Battery raw data/RPT Data/5. LOW C@ 25°C #5/5.csv|/Users/wanghaoming/Public/SOC电池数据中心/SOC电池数据中心/Battery raw data/0.033C RPT Data/5. LOW C@ 25°C #5.csv|/Users/wanghaoming/Public/SOC电池数据中心/SOC电池数据中心/Battery raw data/Cycle Data/5. LOW C@ 25°C #5/1. CYC1-100_1C @25°C.csv|/Users/wanghaoming/Public/SOC电池数据中心/SOC电池数据中心/Battery raw data/Cycle Data/5. LOW C@ 25°C #5/2. CYC101-200_1C @25°C.csv|/Users/wanghaoming/Public/SOC电池数据中心/SOC电池数据中心/Battery raw data/Cycle Data/5. LOW C@ 25°C #5/3. CYC201-300_1C @25°C.csv|/Users/wanghaoming/Public/SOC电池数据中心/SOC电池数据中心/Battery raw data/Cycle Data/5. LOW C@ 25°C #5/4. CYC301-400_1C @25°C.csv|/Users/wanghaoming/Public/SOC电池数据中心/SOC电池数据中心/Battery raw data/Cycle Data/5. LOW C@ 25°C #5/5. CYC401-435_1C @25°C.csv,No observed/right/left label may be emitted; RPT-to-physical-cycle alignment and threshold reference are unproven.,Provide authoritative protocol evidence binding each RPT to physical aging cycle and defining SOH80 reference/capacity step.
用户风险接受的候选数据审计,5,soh80_to_60,NOT_VERIFIABLE: no authoritative SOH60 capacity-reference/standardized checkpoint field in After-SOH80 raw CSV headers,Capacity(Ah)|Capa. Sum(Ah)|Char. Cap.(Ah)|Dischar. Cap.(Ah),CurCycle|TotCycle present; stage-relative physical meaning is not accompanied by threshold-reference provenance,,,invalid_protocol,NOT_VERIFIABLE,/Users/wanghaoming/Public/SOC电池数据中心/SOC电池数据中心/Battery raw data/After SOH80 Data/5. CYCLE_after_SOH80_LOW C@ 25°C #5.csv|/Users/wanghaoming/Public/SOC电池数据中心/SOC电池数据中心/Battery raw data/2nd_lifetime.xlsx,No observed/right/left label may be emitted; continuous cycle capacity cannot substitute for the defined SOH60 checkpoint without protocol evidence.,Provide authoritative second-stage protocol and exact capacity-reference/checkpoint mapping; then re-audit adjacent above/below observations.
用户风险接受的候选数据审计,6,soh100_to_80,NOT_VERIFIABLE: no authoritative per-cell SOH80 capacity-reference field in raw CSV headers,Capacity(Ah)|Capa. Sum(Ah)|Char. Cap.(Ah)|Dischar. Cap.(Ah),CurCycle|TotCycle present inside tester files; RPT filename index is not a physical aging-cycle field,,,invalid_protocol,NOT_VERIFIABLE,/Users/wanghaoming/Public/SOC电池数据中心/SOC电池数据中心/Battery raw data/RPT Data/6. LOW C@ 25°C #6/0.csv|/Users/wanghaoming/Public/SOC电池数据中心/SOC电池数据中心/Battery raw data/RPT Data/6. LOW C@ 25°C #6/1.csv|/Users/wanghaoming/Public/SOC电池数据中心/SOC电池数据中心/Battery raw data/RPT Data/6. LOW C@ 25°C #6/2.csv|/Users/wanghaoming/Public/SOC电池数据中心/SOC电池数据中心/Battery raw data/RPT Data/6. LOW C@ 25°C #6/3.csv|/Users/wanghaoming/Public/SOC电池数据中心/SOC电池数据中心/Battery raw data/RPT Data/6. LOW C@ 25°C #6/4.csv|/Users/wanghaoming/Public/SOC电池数据中心/SOC电池数据中心/Battery raw data/RPT Data/6. LOW C@ 25°C #6/5.csv|/Users/wanghaoming/Public/SOC电池数据中心/SOC电池数据中心/Battery raw data/RPT Data/6. LOW C@ 25°C #6/6.csv|/Users/wanghaoming/Public/SOC电池数据中心/SOC电池数据中心/Battery raw data/0.033C RPT Data/6. LOW C@ 25°C #6.csv|/Users/wanghaoming/Public/SOC电池数据中心/SOC电池数据中心/Battery raw data/Cycle Data/6. LOW C@ 25°C #6/1. CYC1-100_1C @25°C.csv|/Users/wanghaoming/Public/SOC电池数据中心/SOC电池数据中心/Battery raw data/Cycle Data/6. LOW C@ 25°C #6/2. CYC101-200_1C @25°C.csv|/Users/wanghaoming/Public/SOC电池数据中心/SOC电池数据中心/Battery raw data/Cycle Data/6. LOW C@ 25°C #6/3. CYC201-300_1C @25°C.csv|/Users/wanghaoming/Public/SOC电池数据中心/SOC电池数据中心/Battery raw data/Cycle Data/6. LOW C@ 25°C #6/4. CYC301-400_1C @25°C.csv|/Users/wanghaoming/Public/SOC电池数据中心/SOC电池数据中心/Battery raw data/Cycle Data/6. LOW C@ 25°C #6/5. CYC401-435_1C @25°C.csv|/Users/wanghaoming/Public/SOC电池数据中心/SOC电池数据中心/Battery raw data/Cycle Data/6. LOW C@ 25°C #6/6. CYC436-470_1C @25°C.csv,No observed/right/left label may be emitted; RPT-to-physical-cycle alignment and threshold reference are unproven.,Provide authoritative protocol evidence binding each RPT to physical aging cycle and defining SOH80 reference/capacity step.
用户风险接受的候选数据审计,6,soh80_to_60,NOT_VERIFIABLE: no authoritative SOH60 capacity-reference/standardized checkpoint field in After-SOH80 raw CSV headers,Capacity(Ah)|Capa. Sum(Ah)|Char. Cap.(Ah)|Dischar. Cap.(Ah),CurCycle|TotCycle present; stage-relative physical meaning is not accompanied by threshold-reference provenance,,,invalid_protocol,NOT_VERIFIABLE,/Users/wanghaoming/Public/SOC电池数据中心/SOC电池数据中心/Battery raw data/After SOH80 Data/6. CYCLE_after_SOH80_LOW C@ 25°C #6.csv|/Users/wanghaoming/Public/SOC电池数据中心/SOC电池数据中心/Battery raw data/2nd_lifetime.xlsx,No observed/right/left label may be emitted; continuous cycle capacity cannot substitute for the defined SOH60 checkpoint without protocol evidence.,Provide authoritative second-stage protocol and exact capacity-reference/checkpoint mapping; then re-audit adjacent above/below observations.
用户风险接受的候选数据审计,7,soh100_to_80,NOT_VERIFIABLE: no authoritative per-cell SOH80 capacity-reference field in raw CSV headers,Capacity(Ah)|Capa. Sum(Ah)|Char. Cap.(Ah)|Dischar. Cap.(Ah),CurCycle|TotCycle present inside tester files; RPT filename index is not a physical aging-cycle field,,,invalid_protocol,NOT_VERIFIABLE,/Users/wanghaoming/Public/SOC电池数据中心/SOC电池数据中心/Battery raw data/RPT Data/7. LOW C@ 25°C #7/0.csv|/Users/wanghaoming/Public/SOC电池数据中心/SOC电池数据中心/Battery raw data/RPT Data/7. LOW C@ 25°C #7/1.csv|/Users/wanghaoming/Public/SOC电池数据中心/SOC电池数据中心/Battery raw data/RPT Data/7. LOW C@ 25°C #7/2.csv|/Users/wanghaoming/Public/SOC电池数据中心/SOC电池数据中心/Battery raw data/RPT Data/7. LOW C@ 25°C #7/3.csv|/Users/wanghaoming/Public/SOC电池数据中心/SOC电池数据中心/Battery raw data/RPT Data/7. LOW C@ 25°C #7/4.csv|/Users/wanghaoming/Public/SOC电池数据中心/SOC电池数据中心/Battery raw data/RPT Data/7. LOW C@ 25°C #7/5.csv|/Users/wanghaoming/Public/SOC电池数据中心/SOC电池数据中心/Battery raw data/0.033C RPT Data/7. LOW C@ 25°C #7.csv|/Users/wanghaoming/Public/SOC电池数据中心/SOC电池数据中心/Battery raw data/Cycle Data/7. LOW C@ 25°C #7/1. CYC1-100_1C @25°C.csv|/Users/wanghaoming/Public/SOC电池数据中心/SOC电池数据中心/Battery raw data/Cycle Data/7. LOW C@ 25°C #7/2. CYC101-200_1C @25°C.csv|/Users/wanghaoming/Public/SOC电池数据中心/SOC电池数据中心/Battery raw data/Cycle Data/7. LOW C@ 25°C #7/3. CYC201-300_1C @25°C.csv|/Users/wanghaoming/Public/SOC电池数据中心/SOC电池数据中心/Battery raw data/Cycle Data/7. LOW C@ 25°C #7/4. CYC301-350_1C @25°C.csv|/Users/wanghaoming/Public/SOC电池数据中心/SOC电池数据中心/Battery raw data/Cycle Data/7. LOW C@ 25°C #7/5. CYC351-425_1C @25°C.csv,No observed/right/left label may be emitted; RPT-to-physical-cycle alignment and threshold reference are unproven.,Provide authoritative protocol evidence binding each RPT to physical aging cycle and defining SOH80 reference/capacity step.
用户风险接受的候选数据审计,7,soh80_to_60,NOT_VERIFIABLE: no authoritative SOH60 capacity-reference/standardized checkpoint field in After-SOH80 raw CSV headers,Capacity(Ah)|Capa. Sum(Ah)|Char. Cap.(Ah)|Dischar. Cap.(Ah),CurCycle|TotCycle present; stage-relative physical meaning is not accompanied by threshold-reference provenance,,,invalid_protocol,NOT_VERIFIABLE,/Users/wanghaoming/Public/SOC电池数据中心/SOC电池数据中心/Battery raw data/After SOH80 Data/7. CYCLE_after_SOH80_LOW C@ 25°C #7.csv|/Users/wanghaoming/Public/SOC电池数据中心/SOC电池数据中心/Battery raw data/2nd_lifetime.xlsx,No observed/right/left label may be emitted; continuous cycle capacity cannot substitute for the defined SOH60 checkpoint without protocol evidence.,Provide authoritative second-stage protocol and exact capacity-reference/checkpoint mapping; then re-audit adjacent above/below observations.
用户风险接受的候选数据审计,8,soh100_to_80,NOT_VERIFIABLE: no authoritative per-cell SOH80 capacity-reference field in raw CSV headers,Capacity(Ah)|Capa. Sum(Ah)|Char. Cap.(Ah)|Dischar. Cap.(Ah),CurCycle|TotCycle present inside tester files; RPT filename index is not a physical aging-cycle field,,,invalid_protocol,NOT_VERIFIABLE,/Users/wanghaoming/Public/SOC电池数据中心/SOC电池数据中心/Battery raw data/RPT Data/8. LOW C@ 25°C #8/0.csv|/Users/wanghaoming/Public/SOC电池数据中心/SOC电池数据中心/Battery raw data/RPT Data/8. LOW C@ 25°C #8/1.csv|/Users/wanghaoming/Public/SOC电池数据中心/SOC电池数据中心/Battery raw data/RPT Data/8. LOW C@ 25°C #8/2.csv|/Users/wanghaoming/Public/SOC电池数据中心/SOC电池数据中心/Battery raw data/RPT Data/8. LOW C@ 25°C #8/3.csv|/Users/wanghaoming/Public/SOC电池数据中心/SOC电池数据中心/Battery raw data/RPT Data/8. LOW C@ 25°C #8/4.csv|/Users/wanghaoming/Public/SOC电池数据中心/SOC电池数据中心/Battery raw data/RPT Data/8. LOW C@ 25°C #8/5.csv|/Users/wanghaoming/Public/SOC电池数据中心/SOC电池数据中心/Battery raw data/0.033C RPT Data/8. LOW C@ 25°C #8.csv|/Users/wanghaoming/Public/SOC电池数据中心/SOC电池数据中心/Battery raw data/Cycle Data/8. LOW C@ 25°C #8/1. CYC1-100_1C @25°C.csv|/Users/wanghaoming/Public/SOC电池数据中心/SOC电池数据中心/Battery raw data/Cycle Data/8. LOW C@ 25°C #8/2. CYC101-200_1C @25°C.csv|/Users/wanghaoming/Public/SOC电池数据中心/SOC电池数据中心/Battery raw data/Cycle Data/8. LOW C@ 25°C #8/3. CYC201-300_1C @25°C.csv|/Users/wanghaoming/Public/SOC电池数据中心/SOC电池数据中心/Battery raw data/Cycle Data/8. LOW C@ 25°C #8/4. CYC301-400_1C @25°C.csv|/Users/wanghaoming/Public/SOC电池数据中心/SOC电池数据中心/Battery raw data/Cycle Data/8. LOW C@ 25°C #8/5. CYC401-435_1C @25°C.csv,No observed/right/left label may be emitted; RPT-to-physical-cycle alignment and threshold reference are unproven.,Provide authoritative protocol evidence binding each RPT to physical aging cycle and defining SOH80 reference/capacity step.
用户风险接受的候选数据审计,8,soh80_to_60,NOT_VERIFIABLE: no authoritative SOH60 capacity-reference/standardized checkpoint field in After-SOH80 raw CSV headers,Capacity(Ah)|Capa. Sum(Ah)|Char. Cap.(Ah)|Dischar. Cap.(Ah),CurCycle|TotCycle present; stage-relative physical meaning is not accompanied by threshold-reference provenance,,,invalid_protocol,NOT_VERIFIABLE,/Users/wanghaoming/Public/SOC电池数据中心/SOC电池数据中心/Battery raw data/After SOH80 Data/8. CYCLE_after_SOH80_LOW C@ 25°C #8.csv|/Users/wanghaoming/Public/SOC电池数据中心/SOC电池数据中心/Battery raw data/2nd_lifetime.xlsx,No observed/right/left label may be emitted; continuous cycle capacity cannot substitute for the defined SOH60 checkpoint without protocol evidence.,Provide authoritative second-stage protocol and exact capacity-reference/checkpoint mapping; then re-audit adjacent above/below observations.
用户风险接受的候选数据审计,9,soh100_to_80,NOT_VERIFIABLE: no authoritative per-cell SOH80 capacity-reference field in raw CSV headers,Capacity(Ah)|Capa. Sum(Ah)|Char. Cap.(Ah)|Dischar. Cap.(Ah),CurCycle|TotCycle present inside tester files; RPT filename index is not a physical aging-cycle field,,,invalid_protocol,NOT_VERIFIABLE,/Users/wanghaoming/Public/SOC电池数据中心/SOC电池数据中心/Battery raw data/RPT Data/9. HIGH C@ 25°C #1/0.csv|/Users/wanghaoming/Public/SOC电池数据中心/SOC电池数据中心/Battery raw data/RPT Data/9. HIGH C@ 25°C #1/1.csv|/Users/wanghaoming/Public/SOC电池数据中心/SOC电池数据中心/Battery raw data/RPT Data/9. HIGH C@ 25°C #1/2.csv|/Users/wanghaoming/Public/SOC电池数据中心/SOC电池数据中心/Battery raw data/RPT Data/9. HIGH C@ 25°C #1/3.csv|/Users/wanghaoming/Public/SOC电池数据中心/SOC电池数据中心/Battery raw data/RPT Data/9. HIGH C@ 25°C #1/4.csv|/Users/wanghaoming/Public/SOC电池数据中心/SOC电池数据中心/Battery raw data/RPT Data/9. HIGH C@ 25°C #1/5.csv|/Users/wanghaoming/Public/SOC电池数据中心/SOC电池数据中心/Battery raw data/0.033C RPT Data/9. HIGH C@ 25°C #1.csv|/Users/wanghaoming/Public/SOC电池数据中心/SOC电池数据中心/Battery raw data/Cycle Data/9. HIGH C@ 25°C #1/1. CYC1-100_3C @25°C.csv|/Users/wanghaoming/Public/SOC电池数据中心/SOC电池数据中心/Battery raw data/Cycle Data/9. HIGH C@ 25°C #1/2. CYC101-200_3C @25°C.csv|/Users/wanghaoming/Public/SOC电池数据中心/SOC电池数据中心/Battery raw data/Cycle Data/9. HIGH C@ 25°C #1/3. CYC201-300_3C @25°C.csv|/Users/wanghaoming/Public/SOC电池数据中心/SOC电池数据中心/Battery raw data/Cycle Data/9. HIGH C@ 25°C #1/4. CYC301-400_3C @25°C.csv|/Users/wanghaoming/Public/SOC电池数据中心/SOC电池数据中心/Battery raw data/Cycle Data/9. HIGH C@ 25°C #1/5. CYC401-450_3C @25°C.csv,No observed/right/left label may be emitted; RPT-to-physical-cycle alignment and threshold reference are unproven.,Provide authoritative protocol evidence binding each RPT to physical aging cycle and defining SOH80 reference/capacity step.
用户风险接受的候选数据审计,9,soh80_to_60,NOT_VERIFIABLE: no authoritative SOH60 capacity-reference/standardized checkpoint field in After-SOH80 raw CSV headers,Capacity(Ah)|Capa. Sum(Ah)|Char. Cap.(Ah)|Dischar. Cap.(Ah),CurCycle|TotCycle present; stage-relative physical meaning is not accompanied by threshold-reference provenance,,,invalid_protocol,NOT_VERIFIABLE,/Users/wanghaoming/Public/SOC电池数据中心/SOC电池数据中心/Battery raw data/After SOH80 Data/9. CYCLE_after_SOH80_HIGH C@ 25°C #1.csv|/Users/wanghaoming/Public/SOC电池数据中心/SOC电池数据中心/Battery raw data/2nd_lifetime.xlsx,No observed/right/left label may be emitted; continuous cycle capacity cannot substitute for the defined SOH60 checkpoint without protocol evidence.,Provide authoritative second-stage protocol and exact capacity-reference/checkpoint mapping; then re-audit adjacent above/below observations.
用户风险接受的候选数据审计,10,soh100_to_80,NOT_VERIFIABLE: no authoritative per-cell SOH80 capacity-reference field in raw CSV headers,Capacity(Ah)|Capa. Sum(Ah)|Char. Cap.(Ah)|Dischar. Cap.(Ah),CurCycle|TotCycle present inside tester files; RPT filename index is not a physical aging-cycle field,,,invalid_protocol,NOT_VERIFIABLE,/Users/wanghaoming/Public/SOC电池数据中心/SOC电池数据中心/Battery raw data/RPT Data/10. HIGH C@ 25°C #2/0.csv|/Users/wanghaoming/Public/SOC电池数据中心/SOC电池数据中心/Battery raw data/RPT Data/10. HIGH C@ 25°C #2/1.csv|/Users/wanghaoming/Public/SOC电池数据中心/SOC电池数据中心/Battery raw data/RPT Data/10. HIGH C@ 25°C #2/2.csv|/Users/wanghaoming/Public/SOC电池数据中心/SOC电池数据中心/Battery raw data/RPT Data/10. HIGH C@ 25°C #2/3.csv|/Users/wanghaoming/Public/SOC电池数据中心/SOC电池数据中心/Battery raw data/RPT Data/10. HIGH C@ 25°C #2/4.csv|/Users/wanghaoming/Public/SOC电池数据中心/SOC电池数据中心/Battery raw data/0.033C RPT Data/10. HIGH C@ 25°C #2.csv|/Users/wanghaoming/Public/SOC电池数据中心/SOC电池数据中心/Battery raw data/Cycle Data/10. HIGH C@ 25°C #2/1. CYC1-100_3C @25°C.csv|/Users/wanghaoming/Public/SOC电池数据中心/SOC电池数据中心/Battery raw data/Cycle Data/10. HIGH C@ 25°C #2/2. CYC101-200_3C @25°C.csv|/Users/wanghaoming/Public/SOC电池数据中心/SOC电池数据中心/Battery raw data/Cycle Data/10. HIGH C@ 25°C #2/3. CYC201-300_3C @25°C.csv|/Users/wanghaoming/Public/SOC电池数据中心/SOC电池数据中心/Battery raw data/Cycle Data/10. HIGH C@ 25°C #2/4. CYC301-375_3C @25°C.csv,No observed/right/left label may be emitted; RPT-to-physical-cycle alignment and threshold reference are unproven.,Provide authoritative protocol evidence binding each RPT to physical aging cycle and defining SOH80 reference/capacity step.
用户风险接受的候选数据审计,10,soh80_to_60,NOT_VERIFIABLE: no authoritative SOH60 capacity-reference/standardized checkpoint field in After-SOH80 raw CSV headers,Capacity(Ah)|Capa. Sum(Ah)|Char. Cap.(Ah)|Dischar. Cap.(Ah),CurCycle|TotCycle present; stage-relative physical meaning is not accompanied by threshold-reference provenance,,,invalid_protocol,NOT_VERIFIABLE,/Users/wanghaoming/Public/SOC电池数据中心/SOC电池数据中心/Battery raw data/After SOH80 Data/10. CYCLE_after_SOH80_HIGH C@ 25°C #2.csv|/Users/wanghaoming/Public/SOC电池数据中心/SOC电池数据中心/Battery raw data/2nd_lifetime.xlsx,No observed/right/left label may be emitted; continuous cycle capacity cannot substitute for the defined SOH60 checkpoint without protocol evidence.,Provide authoritative second-stage protocol and exact capacity-reference/checkpoint mapping; then re-audit adjacent above/below observations.
用户风险接受的候选数据审计,11,soh100_to_80,NOT_VERIFIABLE: no authoritative per-cell SOH80 capacity-reference field in raw CSV headers,Capacity(Ah)|Capa. Sum(Ah)|Char. Cap.(Ah)|Dischar. Cap.(Ah),CurCycle|TotCycle present inside tester files; RPT filename index is not a physical aging-cycle field,,,invalid_protocol,NOT_VERIFIABLE,/Users/wanghaoming/Public/SOC电池数据中心/SOC电池数据中心/Battery raw data/RPT Data/11. HIGH C@ 25°C #3/0.csv|/Users/wanghaoming/Public/SOC电池数据中心/SOC电池数据中心/Battery raw data/RPT Data/11. HIGH C@ 25°C #3/1.csv|/Users/wanghaoming/Public/SOC电池数据中心/SOC电池数据中心/Battery raw data/RPT Data/11. HIGH C@ 25°C #3/2.csv|/Users/wanghaoming/Public/SOC电池数据中心/SOC电池数据中心/Battery raw data/RPT Data/11. HIGH C@ 25°C #3/3.csv|/Users/wanghaoming/Public/SOC电池数据中心/SOC电池数据中心/Battery raw data/RPT Data/11. HIGH C@ 25°C #3/4.csv|/Users/wanghaoming/Public/SOC电池数据中心/SOC电池数据中心/Battery raw data/0.033C RPT Data/11. HIGH C@ 25°C #3.csv|/Users/wanghaoming/Public/SOC电池数据中心/SOC电池数据中心/Battery raw data/Cycle Data/11. HIGH C@ 25°C #3/1. CYC1-100_3C @25°C.csv|/Users/wanghaoming/Public/SOC电池数据中心/SOC电池数据中心/Battery raw data/Cycle Data/11. HIGH C@ 25°C #3/2. CYC101-200_3C @25°C.csv|/Users/wanghaoming/Public/SOC电池数据中心/SOC电池数据中心/Battery raw data/Cycle Data/11. HIGH C@ 25°C #3/3. CYC201-300_3C @25°C.csv|/Users/wanghaoming/Public/SOC电池数据中心/SOC电池数据中心/Battery raw data/Cycle Data/11. HIGH C@ 25°C #3/4. CYC301-400_3C @25°C.csv,No observed/right/left label may be emitted; RPT-to-physical-cycle alignment and threshold reference are unproven.,Provide authoritative protocol evidence binding each RPT to physical aging cycle and defining SOH80 reference/capacity step.
用户风险接受的候选数据审计,11,soh80_to_60,NOT_VERIFIABLE: no authoritative SOH60 capacity-reference/standardized checkpoint field in After-SOH80 raw CSV headers,Capacity(Ah)|Capa. Sum(Ah)|Char. Cap.(Ah)|Dischar. Cap.(Ah),CurCycle|TotCycle present; stage-relative physical meaning is not accompanied by threshold-reference provenance,,,invalid_protocol,NOT_VERIFIABLE,/Users/wanghaoming/Public/SOC电池数据中心/SOC电池数据中心/Battery raw data/After SOH80 Data/11. CYCLE_after_SOH80_HIGH C@ 25°C #3.csv|/Users/wanghaoming/Public/SOC电池数据中心/SOC电池数据中心/Battery raw data/2nd_lifetime.xlsx,No observed/right/left label may be emitted; continuous cycle capacity cannot substitute for the defined SOH60 checkpoint without protocol evidence.,Provide authoritative second-stage protocol and exact capacity-reference/checkpoint mapping; then re-audit adjacent above/below observations.
用户风险接受的候选数据审计,12,soh100_to_80,NOT_VERIFIABLE: no authoritative per-cell SOH80 capacity-reference field in raw CSV headers,Capacity(Ah)|Capa. Sum(Ah)|Char. Cap.(Ah)|Dischar. Cap.(Ah),CurCycle|TotCycle present inside tester files; RPT filename index is not a physical aging-cycle field,,,invalid_protocol,NOT_VERIFIABLE,/Users/wanghaoming/Public/SOC电池数据中心/SOC电池数据中心/Battery raw data/RPT Data/12. HIGH C@ 25°C #4/0.csv|/Users/wanghaoming/Public/SOC电池数据中心/SOC电池数据中心/Battery raw data/RPT Data/12. HIGH C@ 25°C #4/1.csv|/Users/wanghaoming/Public/SOC电池数据中心/SOC电池数据中心/Battery raw data/RPT Data/12. HIGH C@ 25°C #4/2.csv|/Users/wanghaoming/Public/SOC电池数据中心/SOC电池数据中心/Battery raw data/RPT Data/12. HIGH C@ 25°C #4/3.csv|/Users/wanghaoming/Public/SOC电池数据中心/SOC电池数据中心/Battery raw data/RPT Data/12. HIGH C@ 25°C #4/4.csv|/Users/wanghaoming/Public/SOC电池数据中心/SOC电池数据中心/Battery raw data/RPT Data/12. HIGH C@ 25°C #4/5.csv|/Users/wanghaoming/Public/SOC电池数据中心/SOC电池数据中心/Battery raw data/0.033C RPT Data/12. HIGH C@ 25°C #4.csv|/Users/wanghaoming/Public/SOC电池数据中心/SOC电池数据中心/Battery raw data/Cycle Data/12. HIGH C@ 25°C #4/1. CYC1-100_3C @25°C.csv|/Users/wanghaoming/Public/SOC电池数据中心/SOC电池数据中心/Battery raw data/Cycle Data/12. HIGH C@ 25°C #4/2. CYC101-200_3C @25°C.csv|/Users/wanghaoming/Public/SOC电池数据中心/SOC电池数据中心/Battery raw data/Cycle Data/12. HIGH C@ 25°C #4/3. CYC201-300_3C @25°C.csv|/Users/wanghaoming/Public/SOC电池数据中心/SOC电池数据中心/Battery raw data/Cycle Data/12. HIGH C@ 25°C #4/4. CYC301-400_3C @25°C.csv|/Users/wanghaoming/Public/SOC电池数据中心/SOC电池数据中心/Battery raw data/Cycle Data/12. HIGH C@ 25°C #4/5. CYC401-450_3C @25°C.csv,No observed/right/left label may be emitted; RPT-to-physical-cycle alignment and threshold reference are unproven.,Provide authoritative protocol evidence binding each RPT to physical aging cycle and defining SOH80 reference/capacity step.
用户风险接受的候选数据审计,12,soh80_to_60,NOT_VERIFIABLE: no authoritative SOH60 capacity-reference/standardized checkpoint field in After-SOH80 raw CSV headers,Capacity(Ah)|Capa. Sum(Ah)|Char. Cap.(Ah)|Dischar. Cap.(Ah),CurCycle|TotCycle present; stage-relative physical meaning is not accompanied by threshold-reference provenance,,,invalid_protocol,NOT_VERIFIABLE,/Users/wanghaoming/Public/SOC电池数据中心/SOC电池数据中心/Battery raw data/After SOH80 Data/12. CYCLE_after_SOH80_HIGH C@ 25°C #4.csv|/Users/wanghaoming/Public/SOC电池数据中心/SOC电池数据中心/Battery raw data/2nd_lifetime.xlsx,No observed/right/left label may be emitted; continuous cycle capacity cannot substitute for the defined SOH60 checkpoint without protocol evidence.,Provide authoritative second-stage protocol and exact capacity-reference/checkpoint mapping; then re-audit adjacent above/below observations.
用户风险接受的候选数据审计,13,soh100_to_80,NOT_VERIFIABLE: no authoritative per-cell SOH80 capacity-reference field in raw CSV headers,Capacity(Ah)|Capa. Sum(Ah)|Char. Cap.(Ah)|Dischar. Cap.(Ah),CurCycle|TotCycle present inside tester files; RPT filename index is not a physical aging-cycle field,,,invalid_protocol,NOT_VERIFIABLE,/Users/wanghaoming/Public/SOC电池数据中心/SOC电池数据中心/Battery raw data/RPT Data/13. 1V@ 25°C #1/0.csv|/Users/wanghaoming/Public/SOC电池数据中心/SOC电池数据中心/Battery raw data/RPT Data/13. 1V@ 25°C #1/1.csv|/Users/wanghaoming/Public/SOC电池数据中心/SOC电池数据中心/Battery raw data/RPT Data/13. 1V@ 25°C #1/2.csv|/Users/wanghaoming/Public/SOC电池数据中心/SOC电池数据中心/Battery raw data/RPT Data/13. 1V@ 25°C #1/3.csv|/Users/wanghaoming/Public/SOC电池数据中心/SOC电池数据中心/Battery raw data/RPT Data/13. 1V@ 25°C #1/4.csv|/Users/wanghaoming/Public/SOC电池数据中心/SOC电池数据中心/Battery raw data/0.033C RPT Data/13. 1V@ 25°C #1.csv|/Users/wanghaoming/Public/SOC电池数据中心/SOC电池数据中心/Battery raw data/Cycle Data/13. 1V@ 25°C #1/1. CYC1-50_1V @25°C.csv|/Users/wanghaoming/Public/SOC电池数据中心/SOC电池数据中心/Battery raw data/Cycle Data/13. 1V@ 25°C #1/2. CYC51-100_1V @25°C.csv|/Users/wanghaoming/Public/SOC电池数据中心/SOC电池数据中心/Battery raw data/Cycle Data/13. 1V@ 25°C #1/3. CYC101-150_1V @25°C.csv|/Users/wanghaoming/Public/SOC电池数据中心/SOC电池数据中心/Battery raw data/Cycle Data/13. 1V@ 25°C #1/4. CYC151-165_1V @25°C.csv,No observed/right/left label may be emitted; RPT-to-physical-cycle alignment and threshold reference are unproven.,Provide authoritative protocol evidence binding each RPT to physical aging cycle and defining SOH80 reference/capacity step.
用户风险接受的候选数据审计,13,soh80_to_60,NOT_VERIFIABLE: no authoritative SOH60 capacity-reference/standardized checkpoint field in After-SOH80 raw CSV headers,Capacity(Ah)|Capa. Sum(Ah)|Char. Cap.(Ah)|Dischar. Cap.(Ah),CurCycle|TotCycle present; stage-relative physical meaning is not accompanied by threshold-reference provenance,,,invalid_protocol,NOT_VERIFIABLE,/Users/wanghaoming/Public/SOC电池数据中心/SOC电池数据中心/Battery raw data/After SOH80 Data/13. CYCLE_after_SOH80_1V@ 25°C #1.csv|/Users/wanghaoming/Public/SOC电池数据中心/SOC电池数据中心/Battery raw data/2nd_lifetime.xlsx,No observed/right/left label may be emitted; continuous cycle capacity cannot substitute for the defined SOH60 checkpoint without protocol evidence.,Provide authoritative second-stage protocol and exact capacity-reference/checkpoint mapping; then re-audit adjacent above/below observations.
用户风险接受的候选数据审计,14,soh100_to_80,NOT_VERIFIABLE: no authoritative per-cell SOH80 capacity-reference field in raw CSV headers,Capacity(Ah)|Capa. Sum(Ah)|Char. Cap.(Ah)|Dischar. Cap.(Ah),CurCycle|TotCycle present inside tester files; RPT filename index is not a physical aging-cycle field,,,invalid_protocol,NOT_VERIFIABLE,/Users/wanghaoming/Public/SOC电池数据中心/SOC电池数据中心/Battery raw data/RPT Data/14. 1V@ 25°C #2/0.csv|/Users/wanghaoming/Public/SOC电池数据中心/SOC电池数据中心/Battery raw data/RPT Data/14. 1V@ 25°C #2/1.csv|/Users/wanghaoming/Public/SOC电池数据中心/SOC电池数据中心/Battery raw data/RPT Data/14. 1V@ 25°C #2/2.csv|/Users/wanghaoming/Public/SOC电池数据中心/SOC电池数据中心/Battery raw data/RPT Data/14. 1V@ 25°C #2/3.csv|/Users/wanghaoming/Public/SOC电池数据中心/SOC电池数据中心/Battery raw data/RPT Data/14. 1V@ 25°C #2/4.csv|/Users/wanghaoming/Public/SOC电池数据中心/SOC电池数据中心/Battery raw data/0.033C RPT Data/14. 1V@ 25°C #2.csv|/Users/wanghaoming/Public/SOC电池数据中心/SOC电池数据中心/Battery raw data/Cycle Data/14. 1V@ 25°C #2/1. CYC1-50_1V @25°C.csv|/Users/wanghaoming/Public/SOC电池数据中心/SOC电池数据中心/Battery raw data/Cycle Data/14. 1V@ 25°C #2/2. CYC51-100_1V @25°C.csv|/Users/wanghaoming/Public/SOC电池数据中心/SOC电池数据中心/Battery raw data/Cycle Data/14. 1V@ 25°C #2/3. CYC101-150_1V @25°C.csv|/Users/wanghaoming/Public/SOC电池数据中心/SOC电池数据中心/Battery raw data/Cycle Data/14. 1V@ 25°C #2/4. CYC151-170_1V @25°C.csv,No observed/right/left label may be emitted; RPT-to-physical-cycle alignment and threshold reference are unproven.,Provide authoritative protocol evidence binding each RPT to physical aging cycle and defining SOH80 reference/capacity step.
用户风险接受的候选数据审计,14,soh80_to_60,NOT_VERIFIABLE: no authoritative SOH60 capacity-reference/standardized checkpoint field in After-SOH80 raw CSV headers,Capacity(Ah)|Capa. Sum(Ah)|Char. Cap.(Ah)|Dischar. Cap.(Ah),CurCycle|TotCycle present; stage-relative physical meaning is not accompanied by threshold-reference provenance,,,invalid_protocol,NOT_VERIFIABLE,/Users/wanghaoming/Public/SOC电池数据中心/SOC电池数据中心/Battery raw data/After SOH80 Data/14. CYCLE_after_SOH80_1V@ 25°C #2.csv|/Users/wanghaoming/Public/SOC电池数据中心/SOC电池数据中心/Battery raw data/2nd_lifetime.xlsx,No observed/right/left label may be emitted; continuous cycle capacity cannot substitute for the defined SOH60 checkpoint without protocol evidence.,Provide authoritative second-stage protocol and exact capacity-reference/checkpoint mapping; then re-audit adjacent above/below observations.
用户风险接受的候选数据审计,15,soh100_to_80,NOT_VERIFIABLE: no authoritative per-cell SOH80 capacity-reference field in raw CSV headers,Capacity(Ah)|Capa. Sum(Ah)|Char. Cap.(Ah)|Dischar. Cap.(Ah),CurCycle|TotCycle present inside tester files; RPT filename index is not a physical aging-cycle field,,,invalid_protocol,NOT_VERIFIABLE,/Users/wanghaoming/Public/SOC电池数据中心/SOC电池数据中心/Battery raw data/RPT Data/15. 1V@ 25°C #3/0.csv|/Users/wanghaoming/Public/SOC电池数据中心/SOC电池数据中心/Battery raw data/RPT Data/15. 1V@ 25°C #3/1.csv|/Users/wanghaoming/Public/SOC电池数据中心/SOC电池数据中心/Battery raw data/RPT Data/15. 1V@ 25°C #3/2.csv|/Users/wanghaoming/Public/SOC电池数据中心/SOC电池数据中心/Battery raw data/RPT Data/15. 1V@ 25°C #3/3.csv|/Users/wanghaoming/Public/SOC电池数据中心/SOC电池数据中心/Battery raw data/RPT Data/15. 1V@ 25°C #3/4.csv|/Users/wanghaoming/Public/SOC电池数据中心/SOC电池数据中心/Battery raw data/0.033C RPT Data/15. 1V@ 25°C #3.csv|/Users/wanghaoming/Public/SOC电池数据中心/SOC电池数据中心/Battery raw data/Cycle Data/15. 1V@ 25°C #3/1. CYC1-50_1V @25°C.csv|/Users/wanghaoming/Public/SOC电池数据中心/SOC电池数据中心/Battery raw data/Cycle Data/15. 1V@ 25°C #3/2. CYC51-100_1V @25°C.csv|/Users/wanghaoming/Public/SOC电池数据中心/SOC电池数据中心/Battery raw data/Cycle Data/15. 1V@ 25°C #3/3. CYC101-150_1V @25°C.csv|/Users/wanghaoming/Public/SOC电池数据中心/SOC电池数据中心/Battery raw data/Cycle Data/15. 1V@ 25°C #3/4. CYC151-165_1V @25°C.csv,No observed/right/left label may be emitted; RPT-to-physical-cycle alignment and threshold reference are unproven.,Provide authoritative protocol evidence binding each RPT to physical aging cycle and defining SOH80 reference/capacity step.
用户风险接受的候选数据审计,15,soh80_to_60,NOT_VERIFIABLE: no authoritative SOH60 capacity-reference/standardized checkpoint field in After-SOH80 raw CSV headers,Capacity(Ah)|Capa. Sum(Ah)|Char. Cap.(Ah)|Dischar. Cap.(Ah),CurCycle|TotCycle present; stage-relative physical meaning is not accompanied by threshold-reference provenance,,,invalid_protocol,NOT_VERIFIABLE,/Users/wanghaoming/Public/SOC电池数据中心/SOC电池数据中心/Battery raw data/After SOH80 Data/15. CYCLE_after_SOH80_1V@ 25°C #3.csv|/Users/wanghaoming/Public/SOC电池数据中心/SOC电池数据中心/Battery raw data/2nd_lifetime.xlsx,No observed/right/left label may be emitted; continuous cycle capacity cannot substitute for the defined SOH60 checkpoint without protocol evidence.,Provide authoritative second-stage protocol and exact capacity-reference/checkpoint mapping; then re-audit adjacent above/below observations.
用户风险接受的候选数据审计,16,soh100_to_80,NOT_VERIFIABLE: no authoritative per-cell SOH80 capacity-reference field in raw CSV headers,Capacity(Ah)|Capa. Sum(Ah)|Char. Cap.(Ah)|Dischar. Cap.(Ah),CurCycle|TotCycle present inside tester files; RPT filename index is not a physical aging-cycle field,,,invalid_protocol,NOT_VERIFIABLE,/Users/wanghaoming/Public/SOC电池数据中心/SOC电池数据中心/Battery raw data/RPT Data/16. 1V@ 25°C #4/0.csv|/Users/wanghaoming/Public/SOC电池数据中心/SOC电池数据中心/Battery raw data/RPT Data/16. 1V@ 25°C #4/1.csv|/Users/wanghaoming/Public/SOC电池数据中心/SOC电池数据中心/Battery raw data/RPT Data/16. 1V@ 25°C #4/2.csv|/Users/wanghaoming/Public/SOC电池数据中心/SOC电池数据中心/Battery raw data/RPT Data/16. 1V@ 25°C #4/3.csv|/Users/wanghaoming/Public/SOC电池数据中心/SOC电池数据中心/Battery raw data/RPT Data/16. 1V@ 25°C #4/4.csv|/Users/wanghaoming/Public/SOC电池数据中心/SOC电池数据中心/Battery raw data/0.033C RPT Data/16. 1V@ 25°C #4.csv|/Users/wanghaoming/Public/SOC电池数据中心/SOC电池数据中心/Battery raw data/Cycle Data/16. 1V@ 25°C #4/1. CYC1-50_1V @25°C.csv|/Users/wanghaoming/Public/SOC电池数据中心/SOC电池数据中心/Battery raw data/Cycle Data/16. 1V@ 25°C #4/2. CYC51-100_1V @25°C.csv|/Users/wanghaoming/Public/SOC电池数据中心/SOC电池数据中心/Battery raw data/Cycle Data/16. 1V@ 25°C #4/3. CYC101-150_1V @25°C.csv|/Users/wanghaoming/Public/SOC电池数据中心/SOC电池数据中心/Battery raw data/Cycle Data/16. 1V@ 25°C #4/4. CYC151-165_1V @25°C.csv,No observed/right/left label may be emitted; RPT-to-physical-cycle alignment and threshold reference are unproven.,Provide authoritative protocol evidence binding each RPT to physical aging cycle and defining SOH80 reference/capacity step.
用户风险接受的候选数据审计,16,soh80_to_60,NOT_VERIFIABLE: no authoritative SOH60 capacity-reference/standardized checkpoint field in After-SOH80 raw CSV headers,Capacity(Ah)|Capa. Sum(Ah)|Char. Cap.(Ah)|Dischar. Cap.(Ah),CurCycle|TotCycle present; stage-relative physical meaning is not accompanied by threshold-reference provenance,,,invalid_protocol,NOT_VERIFIABLE,/Users/wanghaoming/Public/SOC电池数据中心/SOC电池数据中心/Battery raw data/After SOH80 Data/16. CYCLE_after_SOH80_1V@ 25°C #4.csv|/Users/wanghaoming/Public/SOC电池数据中心/SOC电池数据中心/Battery raw data/2nd_lifetime.xlsx,No observed/right/left label may be emitted; continuous cycle capacity cannot substitute for the defined SOH60 checkpoint without protocol evidence.,Provide authoritative second-stage protocol and exact capacity-reference/checkpoint mapping; then re-audit adjacent above/below observations.
用户风险接受的候选数据审计,17,soh100_to_80,NOT_VERIFIABLE: no authoritative per-cell SOH80 capacity-reference field in raw CSV headers,Capacity(Ah)|Capa. Sum(Ah)|Char. Cap.(Ah)|Dischar. Cap.(Ah),CurCycle|TotCycle present inside tester files; RPT filename index is not a physical aging-cycle field,,,invalid_protocol,NOT_VERIFIABLE,/Users/wanghaoming/Public/SOC电池数据中心/SOC电池数据中心/Battery raw data/RPT Data/17. 4.35V@ 25°C #1/0.csv|/Users/wanghaoming/Public/SOC电池数据中心/SOC电池数据中心/Battery raw data/RPT Data/17. 4.35V@ 25°C #1/1.csv|/Users/wanghaoming/Public/SOC电池数据中心/SOC电池数据中心/Battery raw data/RPT Data/17. 4.35V@ 25°C #1/2.csv|/Users/wanghaoming/Public/SOC电池数据中心/SOC电池数据中心/Battery raw data/RPT Data/17. 4.35V@ 25°C #1/3.csv|/Users/wanghaoming/Public/SOC电池数据中心/SOC电池数据中心/Battery raw data/RPT Data/17. 4.35V@ 25°C #1/4.csv|/Users/wanghaoming/Public/SOC电池数据中心/SOC电池数据中心/Battery raw data/RPT Data/17. 4.35V@ 25°C #1/5.csv|/Users/wanghaoming/Public/SOC电池数据中心/SOC电池数据中心/Battery raw data/0.033C RPT Data/17. 4.35V@ 25°C #1.csv|/Users/wanghaoming/Public/SOC电池数据中心/SOC电池数据中心/Battery raw data/Cycle Data/17. 4.35V@ 25°C #1/1. CYC1-50_4.35V @25°C.csv|/Users/wanghaoming/Public/SOC电池数据中心/SOC电池数据中心/Battery raw data/Cycle Data/17. 4.35V@ 25°C #1/2. CYC51-100_4.35V @25°C.csv|/Users/wanghaoming/Public/SOC电池数据中心/SOC电池数据中心/Battery raw data/Cycle Data/17. 4.35V@ 25°C #1/3. CYC101-150_4.35V @25°C.csv|/Users/wanghaoming/Public/SOC电池数据中心/SOC电池数据中心/Battery raw data/Cycle Data/17. 4.35V@ 25°C #1/4. CYC151-205_4.35V @25°C.csv|/Users/wanghaoming/Public/SOC电池数据中心/SOC电池数据中心/Battery raw data/Cycle Data/17. 4.35V@ 25°C #1/5. CYC206-225_4.35V @25°C.csv,No observed/right/left label may be emitted; RPT-to-physical-cycle alignment and threshold reference are unproven.,Provide authoritative protocol evidence binding each RPT to physical aging cycle and defining SOH80 reference/capacity step.
用户风险接受的候选数据审计,17,soh80_to_60,NOT_VERIFIABLE: no authoritative SOH60 capacity-reference/standardized checkpoint field in After-SOH80 raw CSV headers,Capacity(Ah)|Capa. Sum(Ah)|Char. Cap.(Ah)|Dischar. Cap.(Ah),CurCycle|TotCycle present; stage-relative physical meaning is not accompanied by threshold-reference provenance,,,invalid_protocol,NOT_VERIFIABLE,/Users/wanghaoming/Public/SOC电池数据中心/SOC电池数据中心/Battery raw data/After SOH80 Data/17. CYCLE_after_SOH80_4.35V@ 25°C #1.csv|/Users/wanghaoming/Public/SOC电池数据中心/SOC电池数据中心/Battery raw data/2nd_lifetime.xlsx,No observed/right/left label may be emitted; continuous cycle capacity cannot substitute for the defined SOH60 checkpoint without protocol evidence.,Provide authoritative second-stage protocol and exact capacity-reference/checkpoint mapping; then re-audit adjacent above/below observations.
用户风险接受的候选数据审计,18,soh100_to_80,NOT_VERIFIABLE: no authoritative per-cell SOH80 capacity-reference field in raw CSV headers,Capacity(Ah)|Capa. Sum(Ah)|Char. Cap.(Ah)|Dischar. Cap.(Ah),CurCycle|TotCycle present inside tester files; RPT filename index is not a physical aging-cycle field,,,invalid_protocol,NOT_VERIFIABLE,/Users/wanghaoming/Public/SOC电池数据中心/SOC电池数据中心/Battery raw data/RPT Data/18. 4.35V@ 25°C #2/0.csv|/Users/wanghaoming/Public/SOC电池数据中心/SOC电池数据中心/Battery raw data/RPT Data/18. 4.35V@ 25°C #2/1.csv|/Users/wanghaoming/Public/SOC电池数据中心/SOC电池数据中心/Battery raw data/RPT Data/18. 4.35V@ 25°C #2/2.csv|/Users/wanghaoming/Public/SOC电池数据中心/SOC电池数据中心/Battery raw data/RPT Data/18. 4.35V@ 25°C #2/3.csv|/Users/wanghaoming/Public/SOC电池数据中心/SOC电池数据中心/Battery raw data/RPT Data/18. 4.35V@ 25°C #2/4.csv|/Users/wanghaoming/Public/SOC电池数据中心/SOC电池数据中心/Battery raw data/RPT Data/18. 4.35V@ 25°C #2/5.csv|/Users/wanghaoming/Public/SOC电池数据中心/SOC电池数据中心/Battery raw data/0.033C RPT Data/18. 4.35V@ 25°C #2.csv|/Users/wanghaoming/Public/SOC电池数据中心/SOC电池数据中心/Battery raw data/Cycle Data/18. 4.35V@ 25°C #2/1. CYC1-50_4.35V @25°C.csv|/Users/wanghaoming/Public/SOC电池数据中心/SOC电池数据中心/Battery raw data/Cycle Data/18. 4.35V@ 25°C #2/2. CYC51-100_4.35V @25°C.csv|/Users/wanghaoming/Public/SOC电池数据中心/SOC电池数据中心/Battery raw data/Cycle Data/18. 4.35V@ 25°C #2/3. CYC101-150_4.35V @25°C.csv|/Users/wanghaoming/Public/SOC电池数据中心/SOC电池数据中心/Battery raw data/Cycle Data/18. 4.35V@ 25°C #2/4. CYC151-205_4.35V@25°C.csv|/Users/wanghaoming/Public/SOC电池数据中心/SOC电池数据中心/Battery raw data/Cycle Data/18. 4.35V@ 25°C #2/5. CYC206-215_4.35V@25°C.csv,No observed/right/left label may be emitted; RPT-to-physical-cycle alignment and threshold reference are unproven.,Provide authoritative protocol evidence binding each RPT to physical aging cycle and defining SOH80 reference/capacity step.
用户风险接受的候选数据审计,18,soh80_to_60,NOT_VERIFIABLE: no authoritative SOH60 capacity-reference/standardized checkpoint field in After-SOH80 raw CSV headers,Capacity(Ah)|Capa. Sum(Ah)|Char. Cap.(Ah)|Dischar. Cap.(Ah),CurCycle|TotCycle present; stage-relative physical meaning is not accompanied by threshold-reference provenance,,,invalid_protocol,NOT_VERIFIABLE,/Users/wanghaoming/Public/SOC电池数据中心/SOC电池数据中心/Battery raw data/After SOH80 Data/18. CYCLE_after_SOH80_4.35V@ 25°C #2.csv|/Users/wanghaoming/Public/SOC电池数据中心/SOC电池数据中心/Battery raw data/2nd_lifetime.xlsx,No observed/right/left label may be emitted; continuous cycle capacity cannot substitute for the defined SOH60 checkpoint without protocol evidence.,Provide authoritative second-stage protocol and exact capacity-reference/checkpoint mapping; then re-audit adjacent above/below observations.
用户风险接受的候选数据审计,19,soh100_to_80,NOT_VERIFIABLE: no authoritative per-cell SOH80 capacity-reference field in raw CSV headers,Capacity(Ah)|Capa. Sum(Ah)|Char. Cap.(Ah)|Dischar. Cap.(Ah),CurCycle|TotCycle present inside tester files; RPT filename index is not a physical aging-cycle field,,,invalid_protocol,NOT_VERIFIABLE,/Users/wanghaoming/Public/SOC电池数据中心/SOC电池数据中心/Battery raw data/RPT Data/19. 4.35V@ 25°C #3/0.csv|/Users/wanghaoming/Public/SOC电池数据中心/SOC电池数据中心/Battery raw data/RPT Data/19. 4.35V@ 25°C #3/1.csv|/Users/wanghaoming/Public/SOC电池数据中心/SOC电池数据中心/Battery raw data/RPT Data/19. 4.35V@ 25°C #3/2.csv|/Users/wanghaoming/Public/SOC电池数据中心/SOC电池数据中心/Battery raw data/RPT Data/19. 4.35V@ 25°C #3/3.csv|/Users/wanghaoming/Public/SOC电池数据中心/SOC电池数据中心/Battery raw data/RPT Data/19. 4.35V@ 25°C #3/4.csv|/Users/wanghaoming/Public/SOC电池数据中心/SOC电池数据中心/Battery raw data/RPT Data/19. 4.35V@ 25°C #3/5.csv|/Users/wanghaoming/Public/SOC电池数据中心/SOC电池数据中心/Battery raw data/0.033C RPT Data/19. 4.35V@ 25°C #3.csv|/Users/wanghaoming/Public/SOC电池数据中心/SOC电池数据中心/Battery raw data/Cycle Data/19. 4.35V@ 25°C #3/1. CYC1-50_4.35V @25°C.csv|/Users/wanghaoming/Public/SOC电池数据中心/SOC电池数据中心/Battery raw data/Cycle Data/19. 4.35V@ 25°C #3/2. CYC51-100_4.35V @25°C.csv|/Users/wanghaoming/Public/SOC电池数据中心/SOC电池数据中心/Battery raw data/Cycle Data/19. 4.35V@ 25°C #3/3. CYC101-150_4.35V @25°C.csv|/Users/wanghaoming/Public/SOC电池数据中心/SOC电池数据中心/Battery raw data/Cycle Data/19. 4.35V@ 25°C #3/4. CYC151-205_4.35V@25°C.csv|/Users/wanghaoming/Public/SOC电池数据中心/SOC电池数据中心/Battery raw data/Cycle Data/19. 4.35V@ 25°C #3/5. CYC206-220_4.35V @25°C.csv,No observed/right/left label may be emitted; RPT-to-physical-cycle alignment and threshold reference are unproven.,Provide authoritative protocol evidence binding each RPT to physical aging cycle and defining SOH80 reference/capacity step.
用户风险接受的候选数据审计,19,soh80_to_60,NOT_VERIFIABLE: no authoritative SOH60 capacity-reference/standardized checkpoint field in After-SOH80 raw CSV headers,Capacity(Ah)|Capa. Sum(Ah)|Char. Cap.(Ah)|Dischar. Cap.(Ah),CurCycle|TotCycle present; stage-relative physical meaning is not accompanied by threshold-reference provenance,,,invalid_protocol,NOT_VERIFIABLE,/Users/wanghaoming/Public/SOC电池数据中心/SOC电池数据中心/Battery raw data/After SOH80 Data/19. CYCLE_after_SOH80_4.35V@ 25°C #3.csv|/Users/wanghaoming/Public/SOC电池数据中心/SOC电池数据中心/Battery raw data/2nd_lifetime.xlsx,No observed/right/left label may be emitted; continuous cycle capacity cannot substitute for the defined SOH60 checkpoint without protocol evidence.,Provide authoritative second-stage protocol and exact capacity-reference/checkpoint mapping; then re-audit adjacent above/below observations.
用户风险接受的候选数据审计,20,soh100_to_80,NOT_VERIFIABLE: no authoritative per-cell SOH80 capacity-reference field in raw CSV headers,Capacity(Ah)|Capa. Sum(Ah)|Char. Cap.(Ah)|Dischar. Cap.(Ah),CurCycle|TotCycle present inside tester files; RPT filename index is not a physical aging-cycle field,,,invalid_protocol,NOT_VERIFIABLE,/Users/wanghaoming/Public/SOC电池数据中心/SOC电池数据中心/Battery raw data/RPT Data/20. 4.35V@ 25°C #4/0.csv|/Users/wanghaoming/Public/SOC电池数据中心/SOC电池数据中心/Battery raw data/RPT Data/20. 4.35V@ 25°C #4/1.csv|/Users/wanghaoming/Public/SOC电池数据中心/SOC电池数据中心/Battery raw data/RPT Data/20. 4.35V@ 25°C #4/2.csv|/Users/wanghaoming/Public/SOC电池数据中心/SOC电池数据中心/Battery raw data/RPT Data/20. 4.35V@ 25°C #4/3.csv|/Users/wanghaoming/Public/SOC电池数据中心/SOC电池数据中心/Battery raw data/RPT Data/20. 4.35V@ 25°C #4/4.csv|/Users/wanghaoming/Public/SOC电池数据中心/SOC电池数据中心/Battery raw data/RPT Data/20. 4.35V@ 25°C #4/5.csv|/Users/wanghaoming/Public/SOC电池数据中心/SOC电池数据中心/Battery raw data/0.033C RPT Data/20. 4.35V@ 25°C #4.csv|/Users/wanghaoming/Public/SOC电池数据中心/SOC电池数据中心/Battery raw data/Cycle Data/20. 4.35V@ 25°C #4/1. CYC1-50_4.35V @25°C.csv|/Users/wanghaoming/Public/SOC电池数据中心/SOC电池数据中心/Battery raw data/Cycle Data/20. 4.35V@ 25°C #4/2. CYC51-100_4.35V @25°C.csv|/Users/wanghaoming/Public/SOC电池数据中心/SOC电池数据中心/Battery raw data/Cycle Data/20. 4.35V@ 25°C #4/3. CYC101-150_4.35V @25°C.csv|/Users/wanghaoming/Public/SOC电池数据中心/SOC电池数据中心/Battery raw data/Cycle Data/20. 4.35V@ 25°C #4/4. CYC151-205_4.35V @25°C.csv|/Users/wanghaoming/Public/SOC电池数据中心/SOC电池数据中心/Battery raw data/Cycle Data/20. 4.35V@ 25°C #4/5. CYC206-215_4.35V @25°C.csv,No observed/right/left label may be emitted; RPT-to-physical-cycle alignment and threshold reference are unproven.,Provide authoritative protocol evidence binding each RPT to physical aging cycle and defining SOH80 reference/capacity step.
用户风险接受的候选数据审计,20,soh80_to_60,NOT_VERIFIABLE: no authoritative SOH60 capacity-reference/standardized checkpoint field in After-SOH80 raw CSV headers,Capacity(Ah)|Capa. Sum(Ah)|Char. Cap.(Ah)|Dischar. Cap.(Ah),CurCycle|TotCycle present; stage-relative physical meaning is not accompanied by threshold-reference provenance,,,invalid_protocol,NOT_VERIFIABLE,/Users/wanghaoming/Public/SOC电池数据中心/SOC电池数据中心/Battery raw data/After SOH80 Data/20. CYCLE_after_SOH80_4.35V@ 25°C #4.csv|/Users/wanghaoming/Public/SOC电池数据中心/SOC电池数据中心/Battery raw data/2nd_lifetime.xlsx,No observed/right/left label may be emitted; continuous cycle capacity cannot substitute for the defined SOH60 checkpoint without protocol evidence.,Provide authoritative second-stage protocol and exact capacity-reference/checkpoint mapping; then re-audit adjacent above/below observations.
用户风险接受的候选数据审计,21,soh100_to_80,NOT_VERIFIABLE: no authoritative per-cell SOH80 capacity-reference field in raw CSV headers,Capacity(Ah)|Capa. Sum(Ah)|Char. Cap.(Ah)|Dischar. Cap.(Ah),CurCycle|TotCycle present inside tester files; RPT filename index is not a physical aging-cycle field,,,invalid_protocol,NOT_VERIFIABLE,/Users/wanghaoming/Public/SOC电池数据中心/SOC电池数据中心/Battery raw data/RPT Data/21. 4.5V@ 25°C #1/0.csv|/Users/wanghaoming/Public/SOC电池数据中心/SOC电池数据中心/Battery raw data/RPT Data/21. 4.5V@ 25°C #1/1.csv|/Users/wanghaoming/Public/SOC电池数据中心/SOC电池数据中心/Battery raw data/RPT Data/21. 4.5V@ 25°C #1/2.csv|/Users/wanghaoming/Public/SOC电池数据中心/SOC电池数据中心/Battery raw data/RPT Data/21. 4.5V@ 25°C #1/3.csv|/Users/wanghaoming/Public/SOC电池数据中心/SOC电池数据中心/Battery raw data/RPT Data/21. 4.5V@ 25°C #1/4.csv|/Users/wanghaoming/Public/SOC电池数据中心/SOC电池数据中心/Battery raw data/0.033C RPT Data/21. 4.5V@ 25°C #1.csv|/Users/wanghaoming/Public/SOC电池数据中心/SOC电池数据中心/Battery raw data/Cycle Data/21. 4.5V@ 25°C #1/1. CYC 1-50_4.5V @25°C.csv|/Users/wanghaoming/Public/SOC电池数据中心/SOC电池数据中心/Battery raw data/Cycle Data/21. 4.5V@ 25°C #1/2. CYC 51-100_4.5V @25°C.csv|/Users/wanghaoming/Public/SOC电池数据中心/SOC电池数据中心/Battery raw data/Cycle Data/21. 4.5V@ 25°C #1/3. CYC 101-115_4.5V @25°C.csv|/Users/wanghaoming/Public/SOC电池数据中心/SOC电池数据中心/Battery raw data/Cycle Data/21. 4.5V@ 25°C #1/4. CYC 115-130_4.5V @25°C.csv,No observed/right/left label may be emitted; RPT-to-physical-cycle alignment and threshold reference are unproven.,Provide authoritative protocol evidence binding each RPT to physical aging cycle and defining SOH80 reference/capacity step.
用户风险接受的候选数据审计,21,soh80_to_60,NOT_VERIFIABLE: no authoritative SOH60 capacity-reference/standardized checkpoint field in After-SOH80 raw CSV headers,Capacity(Ah)|Capa. Sum(Ah)|Char. Cap.(Ah)|Dischar. Cap.(Ah),CurCycle|TotCycle present; stage-relative physical meaning is not accompanied by threshold-reference provenance,,,invalid_protocol,NOT_VERIFIABLE,/Users/wanghaoming/Public/SOC电池数据中心/SOC电池数据中心/Battery raw data/After SOH80 Data/21. CYCLE_after_SOH80_4.5V@ 25°C #1.csv|/Users/wanghaoming/Public/SOC电池数据中心/SOC电池数据中心/Battery raw data/2nd_lifetime.xlsx,No observed/right/left label may be emitted; continuous cycle capacity cannot substitute for the defined SOH60 checkpoint without protocol evidence.,Provide authoritative second-stage protocol and exact capacity-reference/checkpoint mapping; then re-audit adjacent above/below observations.
用户风险接受的候选数据审计,22,soh100_to_80,NOT_VERIFIABLE: no authoritative per-cell SOH80 capacity-reference field in raw CSV headers,Capacity(Ah)|Capa. Sum(Ah)|Char. Cap.(Ah)|Dischar. Cap.(Ah),CurCycle|TotCycle present inside tester files; RPT filename index is not a physical aging-cycle field,,,invalid_protocol,NOT_VERIFIABLE,/Users/wanghaoming/Public/SOC电池数据中心/SOC电池数据中心/Battery raw data/RPT Data/22. 4.5V@ 25°C #2/0.csv|/Users/wanghaoming/Public/SOC电池数据中心/SOC电池数据中心/Battery raw data/RPT Data/22. 4.5V@ 25°C #2/1.csv|/Users/wanghaoming/Public/SOC电池数据中心/SOC电池数据中心/Battery raw data/RPT Data/22. 4.5V@ 25°C #2/2.csv|/Users/wanghaoming/Public/SOC电池数据中心/SOC电池数据中心/Battery raw data/RPT Data/22. 4.5V@ 25°C #2/3.csv|/Users/wanghaoming/Public/SOC电池数据中心/SOC电池数据中心/Battery raw data/0.033C RPT Data/22. 4.5V@ 25°C #2.csv|/Users/wanghaoming/Public/SOC电池数据中心/SOC电池数据中心/Battery raw data/Cycle Data/22. 4.5V@ 25°C #2/1. CYC1-50_4.5V @25°C.csv|/Users/wanghaoming/Public/SOC电池数据中心/SOC电池数据中心/Battery raw data/Cycle Data/22. 4.5V@ 25°C #2/2. CYC51-100_4.5V @25°C.csv|/Users/wanghaoming/Public/SOC电池数据中心/SOC电池数据中心/Battery raw data/Cycle Data/22. 4.5V@ 25°C #2/3. CYC101-130_4.5V @25°C.csv,No observed/right/left label may be emitted; RPT-to-physical-cycle alignment and threshold reference are unproven.,Provide authoritative protocol evidence binding each RPT to physical aging cycle and defining SOH80 reference/capacity step.
用户风险接受的候选数据审计,22,soh80_to_60,NOT_VERIFIABLE: no authoritative SOH60 capacity-reference/standardized checkpoint field in After-SOH80 raw CSV headers,Capacity(Ah)|Capa. Sum(Ah)|Char. Cap.(Ah)|Dischar. Cap.(Ah),CurCycle|TotCycle present; stage-relative physical meaning is not accompanied by threshold-reference provenance,,,invalid_protocol,NOT_VERIFIABLE,/Users/wanghaoming/Public/SOC电池数据中心/SOC电池数据中心/Battery raw data/After SOH80 Data/22. CYCLE_after_SOH80_4.5V@ 25°C #2.csv|/Users/wanghaoming/Public/SOC电池数据中心/SOC电池数据中心/Battery raw data/2nd_lifetime.xlsx,No observed/right/left label may be emitted; continuous cycle capacity cannot substitute for the defined SOH60 checkpoint without protocol evidence.,Provide authoritative second-stage protocol and exact capacity-reference/checkpoint mapping; then re-audit adjacent above/below observations.
用户风险接受的候选数据审计,23,soh100_to_80,NOT_VERIFIABLE: no authoritative per-cell SOH80 capacity-reference field in raw CSV headers,Capacity(Ah)|Capa. Sum(Ah)|Char. Cap.(Ah)|Dischar. Cap.(Ah),CurCycle|TotCycle present inside tester files; RPT filename index is not a physical aging-cycle field,,,invalid_protocol,NOT_VERIFIABLE,/Users/wanghaoming/Public/SOC电池数据中心/SOC电池数据中心/Battery raw data/RPT Data/23. 4.5V@ 25°C #3/0.csv|/Users/wanghaoming/Public/SOC电池数据中心/SOC电池数据中心/Battery raw data/RPT Data/23. 4.5V@ 25°C #3/1.csv|/Users/wanghaoming/Public/SOC电池数据中心/SOC电池数据中心/Battery raw data/RPT Data/23. 4.5V@ 25°C #3/2.csv|/Users/wanghaoming/Public/SOC电池数据中心/SOC电池数据中心/Battery raw data/RPT Data/23. 4.5V@ 25°C #3/3.csv|/Users/wanghaoming/Public/SOC电池数据中心/SOC电池数据中心/Battery raw data/0.033C RPT Data/23. 4.5V@ 25°C #3.csv|/Users/wanghaoming/Public/SOC电池数据中心/SOC电池数据中心/Battery raw data/Cycle Data/23. 4.5V@ 25°C #3/1. CYC 1-50_4.5V @25°C.csv|/Users/wanghaoming/Public/SOC电池数据中心/SOC电池数据中心/Battery raw data/Cycle Data/23. 4.5V@ 25°C #3/2. CYC 51-100_4.5V @25°C.csv|/Users/wanghaoming/Public/SOC电池数据中心/SOC电池数据中心/Battery raw data/Cycle Data/23. 4.5V@ 25°C #3/3. CYC 101-130_4.5V @25°C.csv,No observed/right/left label may be emitted; RPT-to-physical-cycle alignment and threshold reference are unproven.,Provide authoritative protocol evidence binding each RPT to physical aging cycle and defining SOH80 reference/capacity step.
用户风险接受的候选数据审计,23,soh80_to_60,NOT_VERIFIABLE: no authoritative SOH60 capacity-reference/standardized checkpoint field in After-SOH80 raw CSV headers,Capacity(Ah)|Capa. Sum(Ah)|Char. Cap.(Ah)|Dischar. Cap.(Ah),CurCycle|TotCycle present; stage-relative physical meaning is not accompanied by threshold-reference provenance,,,invalid_protocol,NOT_VERIFIABLE,/Users/wanghaoming/Public/SOC电池数据中心/SOC电池数据中心/Battery raw data/After SOH80 Data/23. CYCLE_after_SOH80_4.5V@ 25°C #3.csv|/Users/wanghaoming/Public/SOC电池数据中心/SOC电池数据中心/Battery raw data/2nd_lifetime.xlsx,No observed/right/left label may be emitted; continuous cycle capacity cannot substitute for the defined SOH60 checkpoint without protocol evidence.,Provide authoritative second-stage protocol and exact capacity-reference/checkpoint mapping; then re-audit adjacent above/below observations.
用户风险接受的候选数据审计,24,soh100_to_80,NOT_VERIFIABLE: no authoritative per-cell SOH80 capacity-reference field in raw CSV headers,Capacity(Ah)|Capa. Sum(Ah)|Char. Cap.(Ah)|Dischar. Cap.(Ah),CurCycle|TotCycle present inside tester files; RPT filename index is not a physical aging-cycle field,,,invalid_protocol,NOT_VERIFIABLE,/Users/wanghaoming/Public/SOC电池数据中心/SOC电池数据中心/Battery raw data/RPT Data/24. 4.5V@ 25°C #4/0.csv|/Users/wanghaoming/Public/SOC电池数据中心/SOC电池数据中心/Battery raw data/RPT Data/24. 4.5V@ 25°C #4/1.csv|/Users/wanghaoming/Public/SOC电池数据中心/SOC电池数据中心/Battery raw data/RPT Data/24. 4.5V@ 25°C #4/2.csv|/Users/wanghaoming/Public/SOC电池数据中心/SOC电池数据中心/Battery raw data/RPT Data/24. 4.5V@ 25°C #4/3.csv|/Users/wanghaoming/Public/SOC电池数据中心/SOC电池数据中心/Battery raw data/0.033C RPT Data/24. 4.5V@ 25°C #4.csv|/Users/wanghaoming/Public/SOC电池数据中心/SOC电池数据中心/Battery raw data/Cycle Data/24. 4.5V@ 25°C #4/1. CYC1-50_4.5V @25°C.csv|/Users/wanghaoming/Public/SOC电池数据中心/SOC电池数据中心/Battery raw data/Cycle Data/24. 4.5V@ 25°C #4/2. CYC51-100_4.5V @25°C.csv|/Users/wanghaoming/Public/SOC电池数据中心/SOC电池数据中心/Battery raw data/Cycle Data/24. 4.5V@ 25°C #4/3. CYC101-120_4.5V @25°C.csv,No observed/right/left label may be emitted; RPT-to-physical-cycle alignment and threshold reference are unproven.,Provide authoritative protocol evidence binding each RPT to physical aging cycle and defining SOH80 reference/capacity step.
用户风险接受的候选数据审计,24,soh80_to_60,NOT_VERIFIABLE: no authoritative SOH60 capacity-reference/standardized checkpoint field in After-SOH80 raw CSV headers,Capacity(Ah)|Capa. Sum(Ah)|Char. Cap.(Ah)|Dischar. Cap.(Ah),CurCycle|TotCycle present; stage-relative physical meaning is not accompanied by threshold-reference provenance,,,invalid_protocol,NOT_VERIFIABLE,/Users/wanghaoming/Public/SOC电池数据中心/SOC电池数据中心/Battery raw data/After SOH80 Data/24. CYCLE_after_SOH80_4.5V@ 25°C #4.csv|/Users/wanghaoming/Public/SOC电池数据中心/SOC电池数据中心/Battery raw data/2nd_lifetime.xlsx,No observed/right/left label may be emitted; continuous cycle capacity cannot substitute for the defined SOH60 checkpoint without protocol evidence.,Provide authoritative second-stage protocol and exact capacity-reference/checkpoint mapping; then re-audit adjacent above/below observations.
用户风险接受的候选数据审计,25,soh100_to_80,NOT_VERIFIABLE: no authoritative per-cell SOH80 capacity-reference field in raw CSV headers,Capacity(Ah)|Capa. Sum(Ah)|Char. Cap.(Ah)|Dischar. Cap.(Ah),CurCycle|TotCycle present inside tester files; RPT filename index is not a physical aging-cycle field,,,invalid_protocol,NOT_VERIFIABLE,/Users/wanghaoming/Public/SOC电池数据中心/SOC电池数据中心/Battery raw data/RPT Data/25. 45°C #1/0.csv|/Users/wanghaoming/Public/SOC电池数据中心/SOC电池数据中心/Battery raw data/RPT Data/25. 45°C #1/1.csv|/Users/wanghaoming/Public/SOC电池数据中心/SOC电池数据中心/Battery raw data/RPT Data/25. 45°C #1/2.csv|/Users/wanghaoming/Public/SOC电池数据中心/SOC电池数据中心/Battery raw data/RPT Data/25. 45°C #1/3.csv|/Users/wanghaoming/Public/SOC电池数据中心/SOC电池数据中心/Battery raw data/RPT Data/25. 45°C #1/4.csv|/Users/wanghaoming/Public/SOC电池数据中心/SOC电池数据中心/Battery raw data/RPT Data/25. 45°C #1/5.csv|/Users/wanghaoming/Public/SOC电池数据中心/SOC电池数据中心/Battery raw data/RPT Data/25. 45°C #1/6.csv|/Users/wanghaoming/Public/SOC电池数据中心/SOC电池数据中心/Battery raw data/RPT Data/25. 45°C #1/7.csv|/Users/wanghaoming/Public/SOC电池数据中心/SOC电池数据中心/Battery raw data/0.033C RPT Data/25. 45°C #1.csv|/Users/wanghaoming/Public/SOC电池数据中心/SOC电池数据中心/Battery raw data/Cycle Data/25. 45°C #1/1. CYC1-50_0.5C @45°C.csv|/Users/wanghaoming/Public/SOC电池数据中心/SOC电池数据中心/Battery raw data/Cycle Data/25. 45°C #1/2. CYC51-100_0.5C @45°C.csv|/Users/wanghaoming/Public/SOC电池数据中心/SOC电池数据中心/Battery raw data/Cycle Data/25. 45°C #1/3. CYC101-150_0.5C @45°C.csv|/Users/wanghaoming/Public/SOC电池数据中心/SOC电池数据中心/Battery raw data/Cycle Data/25. 45°C #1/4. CYC151-200_0.5C @45°C.csv|/Users/wanghaoming/Public/SOC电池数据中心/SOC电池数据中心/Battery raw data/Cycle Data/25. 45°C #1/5. CYC201-250_0.5C @45°C.csv|/Users/wanghaoming/Public/SOC电池数据中心/SOC电池数据中心/Battery raw data/Cycle Data/25. 45°C #1/6. CYC251-350 0.5C @45°C.csv|/Users/wanghaoming/Public/SOC电池数据中心/SOC电池数据中心/Battery raw data/Cycle Data/25. 45°C #1/7. CYC351-450 0.5C @45°C.csv,No observed/right/left label may be emitted; RPT-to-physical-cycle alignment and threshold reference are unproven.,Provide authoritative protocol evidence binding each RPT to physical aging cycle and defining SOH80 reference/capacity step.
用户风险接受的候选数据审计,25,soh80_to_60,NOT_VERIFIABLE: no authoritative SOH60 capacity-reference/standardized checkpoint field in After-SOH80 raw CSV headers,Capacity(Ah)|Capa. Sum(Ah)|Char. Cap.(Ah)|Dischar. Cap.(Ah),CurCycle|TotCycle present; stage-relative physical meaning is not accompanied by threshold-reference provenance,,,invalid_protocol,NOT_VERIFIABLE,/Users/wanghaoming/Public/SOC电池数据中心/SOC电池数据中心/Battery raw data/After SOH80 Data/25. CYCLE_after_SOH80_45°C #1.csv|/Users/wanghaoming/Public/SOC电池数据中心/SOC电池数据中心/Battery raw data/2nd_lifetime.xlsx,No observed/right/left label may be emitted; continuous cycle capacity cannot substitute for the defined SOH60 checkpoint without protocol evidence.,Provide authoritative second-stage protocol and exact capacity-reference/checkpoint mapping; then re-audit adjacent above/below observations.
用户风险接受的候选数据审计,26,soh100_to_80,NOT_VERIFIABLE: no authoritative per-cell SOH80 capacity-reference field in raw CSV headers,Capacity(Ah)|Capa. Sum(Ah)|Char. Cap.(Ah)|Dischar. Cap.(Ah),CurCycle|TotCycle present inside tester files; RPT filename index is not a physical aging-cycle field,,,invalid_protocol,NOT_VERIFIABLE,/Users/wanghaoming/Public/SOC电池数据中心/SOC电池数据中心/Battery raw data/RPT Data/26. 45°C #2/0.csv|/Users/wanghaoming/Public/SOC电池数据中心/SOC电池数据中心/Battery raw data/RPT Data/26. 45°C #2/1.csv|/Users/wanghaoming/Public/SOC电池数据中心/SOC电池数据中心/Battery raw data/RPT Data/26. 45°C #2/2.csv|/Users/wanghaoming/Public/SOC电池数据中心/SOC电池数据中心/Battery raw data/RPT Data/26. 45°C #2/3.csv|/Users/wanghaoming/Public/SOC电池数据中心/SOC电池数据中心/Battery raw data/RPT Data/26. 45°C #2/4.csv|/Users/wanghaoming/Public/SOC电池数据中心/SOC电池数据中心/Battery raw data/RPT Data/26. 45°C #2/5.csv|/Users/wanghaoming/Public/SOC电池数据中心/SOC电池数据中心/Battery raw data/RPT Data/26. 45°C #2/6.csv|/Users/wanghaoming/Public/SOC电池数据中心/SOC电池数据中心/Battery raw data/RPT Data/26. 45°C #2/7.csv|/Users/wanghaoming/Public/SOC电池数据中心/SOC电池数据中心/Battery raw data/0.033C RPT Data/26. 45°C #2.csv|/Users/wanghaoming/Public/SOC电池数据中心/SOC电池数据中心/Battery raw data/Cycle Data/26. 45°C #2/1. CYC1-50_0.5C @45°C.csv|/Users/wanghaoming/Public/SOC电池数据中心/SOC电池数据中心/Battery raw data/Cycle Data/26. 45°C #2/2. CYC51-100_0.5C @45°C.csv|/Users/wanghaoming/Public/SOC电池数据中心/SOC电池数据中心/Battery raw data/Cycle Data/26. 45°C #2/3. CYC101-150_0.5C @45°C.csv|/Users/wanghaoming/Public/SOC电池数据中心/SOC电池数据中心/Battery raw data/Cycle Data/26. 45°C #2/4. CYC151-200_0.5C @45°C.csv|/Users/wanghaoming/Public/SOC电池数据中心/SOC电池数据中心/Battery raw data/Cycle Data/26. 45°C #2/5. CYC201-250_0.5C @45°C.csv|/Users/wanghaoming/Public/SOC电池数据中心/SOC电池数据中心/Battery raw data/Cycle Data/26. 45°C #2/6. CYC251-350 0.5C @45°C.csv|/Users/wanghaoming/Public/SOC电池数据中心/SOC电池数据中心/Battery raw data/Cycle Data/26. 45°C #2/7. CYC351-450 0.5C @45°C.csv,No observed/right/left label may be emitted; RPT-to-physical-cycle alignment and threshold reference are unproven.,Provide authoritative protocol evidence binding each RPT to physical aging cycle and defining SOH80 reference/capacity step.
用户风险接受的候选数据审计,26,soh80_to_60,NOT_VERIFIABLE: no authoritative SOH60 capacity-reference/standardized checkpoint field in After-SOH80 raw CSV headers,Capacity(Ah)|Capa. Sum(Ah)|Char. Cap.(Ah)|Dischar. Cap.(Ah),CurCycle|TotCycle present; stage-relative physical meaning is not accompanied by threshold-reference provenance,,,invalid_protocol,NOT_VERIFIABLE,/Users/wanghaoming/Public/SOC电池数据中心/SOC电池数据中心/Battery raw data/After SOH80 Data/26. CYCLE_after_SOH80_45°C #2.csv|/Users/wanghaoming/Public/SOC电池数据中心/SOC电池数据中心/Battery raw data/2nd_lifetime.xlsx,No observed/right/left label may be emitted; continuous cycle capacity cannot substitute for the defined SOH60 checkpoint without protocol evidence.,Provide authoritative second-stage protocol and exact capacity-reference/checkpoint mapping; then re-audit adjacent above/below observations.
用户风险接受的候选数据审计,27,soh100_to_80,NOT_VERIFIABLE: no authoritative per-cell SOH80 capacity-reference field in raw CSV headers,Capacity(Ah)|Capa. Sum(Ah)|Char. Cap.(Ah)|Dischar. Cap.(Ah),CurCycle|TotCycle present inside tester files; RPT filename index is not a physical aging-cycle field,,,invalid_protocol,NOT_VERIFIABLE,/Users/wanghaoming/Public/SOC电池数据中心/SOC电池数据中心/Battery raw data/RPT Data/27. 45°C #3/0.csv|/Users/wanghaoming/Public/SOC电池数据中心/SOC电池数据中心/Battery raw data/RPT Data/27. 45°C #3/1.csv|/Users/wanghaoming/Public/SOC电池数据中心/SOC电池数据中心/Battery raw data/RPT Data/27. 45°C #3/2.csv|/Users/wanghaoming/Public/SOC电池数据中心/SOC电池数据中心/Battery raw data/RPT Data/27. 45°C #3/3.csv|/Users/wanghaoming/Public/SOC电池数据中心/SOC电池数据中心/Battery raw data/RPT Data/27. 45°C #3/4.csv|/Users/wanghaoming/Public/SOC电池数据中心/SOC电池数据中心/Battery raw data/RPT Data/27. 45°C #3/5.csv|/Users/wanghaoming/Public/SOC电池数据中心/SOC电池数据中心/Battery raw data/RPT Data/27. 45°C #3/6.csv|/Users/wanghaoming/Public/SOC电池数据中心/SOC电池数据中心/Battery raw data/RPT Data/27. 45°C #3/7.csv|/Users/wanghaoming/Public/SOC电池数据中心/SOC电池数据中心/Battery raw data/0.033C RPT Data/27. 45°C #3.csv|/Users/wanghaoming/Public/SOC电池数据中心/SOC电池数据中心/Battery raw data/Cycle Data/27. 45°C #3/1. CYC1-50_0.5C @45°C.csv|/Users/wanghaoming/Public/SOC电池数据中心/SOC电池数据中心/Battery raw data/Cycle Data/27. 45°C #3/2. CYC51-100_0.5C @45°C.csv|/Users/wanghaoming/Public/SOC电池数据中心/SOC电池数据中心/Battery raw data/Cycle Data/27. 45°C #3/3. CYC101-150_0.5C @45°C.csv|/Users/wanghaoming/Public/SOC电池数据中心/SOC电池数据中心/Battery raw data/Cycle Data/27. 45°C #3/4. CYC151-200_0.5C @45°C.csv|/Users/wanghaoming/Public/SOC电池数据中心/SOC电池数据中心/Battery raw data/Cycle Data/27. 45°C #3/5. CYC201-250_0.5C @45°C.csv|/Users/wanghaoming/Public/SOC电池数据中心/SOC电池数据中心/Battery raw data/Cycle Data/27. 45°C #3/6. CYC251-350 0.5C @45°C.csv|/Users/wanghaoming/Public/SOC电池数据中心/SOC电池数据中心/Battery raw data/Cycle Data/27. 45°C #3/7. CYC351-450 0.5C @45°C.csv,No observed/right/left label may be emitted; RPT-to-physical-cycle alignment and threshold reference are unproven.,Provide authoritative protocol evidence binding each RPT to physical aging cycle and defining SOH80 reference/capacity step.
用户风险接受的候选数据审计,27,soh80_to_60,NOT_VERIFIABLE: no authoritative SOH60 capacity-reference/standardized checkpoint field in After-SOH80 raw CSV headers,Capacity(Ah)|Capa. Sum(Ah)|Char. Cap.(Ah)|Dischar. Cap.(Ah),CurCycle|TotCycle present; stage-relative physical meaning is not accompanied by threshold-reference provenance,,,invalid_protocol,NOT_VERIFIABLE,/Users/wanghaoming/Public/SOC电池数据中心/SOC电池数据中心/Battery raw data/After SOH80 Data/27.CYCLE_after_SOH80_45°C #3.csv|/Users/wanghaoming/Public/SOC电池数据中心/SOC电池数据中心/Battery raw data/2nd_lifetime.xlsx,No observed/right/left label may be emitted; continuous cycle capacity cannot substitute for the defined SOH60 checkpoint without protocol evidence.,Provide authoritative second-stage protocol and exact capacity-reference/checkpoint mapping; then re-audit adjacent above/below observations.
用户风险接受的候选数据审计,28,soh100_to_80,NOT_VERIFIABLE: no authoritative per-cell SOH80 capacity-reference field in raw CSV headers,Capacity(Ah)|Capa. Sum(Ah)|Char. Cap.(Ah)|Dischar. Cap.(Ah),CurCycle|TotCycle present inside tester files; RPT filename index is not a physical aging-cycle field,,,invalid_protocol,NOT_VERIFIABLE,/Users/wanghaoming/Public/SOC电池数据中心/SOC电池数据中心/Battery raw data/RPT Data/28. 45°C #4/0.csv|/Users/wanghaoming/Public/SOC电池数据中心/SOC电池数据中心/Battery raw data/RPT Data/28. 45°C #4/1.csv|/Users/wanghaoming/Public/SOC电池数据中心/SOC电池数据中心/Battery raw data/RPT Data/28. 45°C #4/2.csv|/Users/wanghaoming/Public/SOC电池数据中心/SOC电池数据中心/Battery raw data/RPT Data/28. 45°C #4/3.csv|/Users/wanghaoming/Public/SOC电池数据中心/SOC电池数据中心/Battery raw data/RPT Data/28. 45°C #4/4.csv|/Users/wanghaoming/Public/SOC电池数据中心/SOC电池数据中心/Battery raw data/RPT Data/28. 45°C #4/5.csv|/Users/wanghaoming/Public/SOC电池数据中心/SOC电池数据中心/Battery raw data/RPT Data/28. 45°C #4/6.csv|/Users/wanghaoming/Public/SOC电池数据中心/SOC电池数据中心/Battery raw data/RPT Data/28. 45°C #4/7.csv|/Users/wanghaoming/Public/SOC电池数据中心/SOC电池数据中心/Battery raw data/0.033C RPT Data/28. 45°C #4.csv|/Users/wanghaoming/Public/SOC电池数据中心/SOC电池数据中心/Battery raw data/Cycle Data/28. 45°C #4/1. CYC1-50_0.5C @45°C.csv|/Users/wanghaoming/Public/SOC电池数据中心/SOC电池数据中心/Battery raw data/Cycle Data/28. 45°C #4/2. CYC51-100_0.5C @45°C.csv|/Users/wanghaoming/Public/SOC电池数据中心/SOC电池数据中心/Battery raw data/Cycle Data/28. 45°C #4/3. CYC101-150_0.5C @45°C.csv|/Users/wanghaoming/Public/SOC电池数据中心/SOC电池数据中心/Battery raw data/Cycle Data/28. 45°C #4/4. CYC151-200_0.5C @45°C.csv|/Users/wanghaoming/Public/SOC电池数据中心/SOC电池数据中心/Battery raw data/Cycle Data/28. 45°C #4/5. CYC201-250_0.5C @45°C.csv|/Users/wanghaoming/Public/SOC电池数据中心/SOC电池数据中心/Battery raw data/Cycle Data/28. 45°C #4/6. CYC251-350 0.5C @45°C.csv|/Users/wanghaoming/Public/SOC电池数据中心/SOC电池数据中心/Battery raw data/Cycle Data/28. 45°C #4/7. CYC351-450 0.5C @45°C.csv,No observed/right/left label may be emitted; RPT-to-physical-cycle alignment and threshold reference are unproven.,Provide authoritative protocol evidence binding each RPT to physical aging cycle and defining SOH80 reference/capacity step.
用户风险接受的候选数据审计,28,soh80_to_60,NOT_VERIFIABLE: no authoritative SOH60 capacity-reference/standardized checkpoint field in After-SOH80 raw CSV headers,Capacity(Ah)|Capa. Sum(Ah)|Char. Cap.(Ah)|Dischar. Cap.(Ah),CurCycle|TotCycle present; stage-relative physical meaning is not accompanied by threshold-reference provenance,,,invalid_protocol,NOT_VERIFIABLE,/Users/wanghaoming/Public/SOC电池数据中心/SOC电池数据中心/Battery raw data/After SOH80 Data/28. CYCLE_after_SOH80_45°C #4.csv|/Users/wanghaoming/Public/SOC电池数据中心/SOC电池数据中心/Battery raw data/2nd_lifetime.xlsx,No observed/right/left label may be emitted; continuous cycle capacity cannot substitute for the defined SOH60 checkpoint without protocol evidence.,Provide authoritative second-stage protocol and exact capacity-reference/checkpoint mapping; then re-audit adjacent above/below observations.
用户风险接受的候选数据审计,29,soh100_to_80,NOT_VERIFIABLE: no authoritative per-cell SOH80 capacity-reference field in raw CSV headers,Capacity(Ah)|Capa. Sum(Ah)|Char. Cap.(Ah)|Dischar. Cap.(Ah),CurCycle|TotCycle present inside tester files; RPT filename index is not a physical aging-cycle field,,,invalid_protocol,NOT_VERIFIABLE,/Users/wanghaoming/Public/SOC电池数据中心/SOC电池数据中心/Battery raw data/RPT Data/29. 45°C #5/0.csv|/Users/wanghaoming/Public/SOC电池数据中心/SOC电池数据中心/Battery raw data/RPT Data/29. 45°C #5/1.csv|/Users/wanghaoming/Public/SOC电池数据中心/SOC电池数据中心/Battery raw data/RPT Data/29. 45°C #5/2.csv|/Users/wanghaoming/Public/SOC电池数据中心/SOC电池数据中心/Battery raw data/RPT Data/29. 45°C #5/3.csv|/Users/wanghaoming/Public/SOC电池数据中心/SOC电池数据中心/Battery raw data/RPT Data/29. 45°C #5/4.csv|/Users/wanghaoming/Public/SOC电池数据中心/SOC电池数据中心/Battery raw data/RPT Data/29. 45°C #5/5.csv|/Users/wanghaoming/Public/SOC电池数据中心/SOC电池数据中心/Battery raw data/RPT Data/29. 45°C #5/6.csv|/Users/wanghaoming/Public/SOC电池数据中心/SOC电池数据中心/Battery raw data/RPT Data/29. 45°C #5/7.csv|/Users/wanghaoming/Public/SOC电池数据中心/SOC电池数据中心/Battery raw data/0.033C RPT Data/29. 45°C #5.csv|/Users/wanghaoming/Public/SOC电池数据中心/SOC电池数据中心/Battery raw data/Cycle Data/29. 45°C #5/1. CYC1-50_1C @45°C.csv|/Users/wanghaoming/Public/SOC电池数据中心/SOC电池数据中心/Battery raw data/Cycle Data/29. 45°C #5/2. CYC51-100_1C @45°C.csv|/Users/wanghaoming/Public/SOC电池数据中心/SOC电池数据中心/Battery raw data/Cycle Data/29. 45°C #5/3. CYC101-150_1C @45°C.csv|/Users/wanghaoming/Public/SOC电池数据中心/SOC电池数据中心/Battery raw data/Cycle Data/29. 45°C #5/4. CYC151-200_1C @45°C.csv|/Users/wanghaoming/Public/SOC电池数据中心/SOC电池数据中心/Battery raw data/Cycle Data/29. 45°C #5/5. CYC201-250_1C @45°C.csv|/Users/wanghaoming/Public/SOC电池数据中心/SOC电池数据中心/Battery raw data/Cycle Data/29. 45°C #5/6. CYC251-350_1C @45°C.csv|/Users/wanghaoming/Public/SOC电池数据中心/SOC电池数据中心/Battery raw data/Cycle Data/29. 45°C #5/7. CYC351-450_1C @45°C.csv,No observed/right/left label may be emitted; RPT-to-physical-cycle alignment and threshold reference are unproven.,Provide authoritative protocol evidence binding each RPT to physical aging cycle and defining SOH80 reference/capacity step.
用户风险接受的候选数据审计,29,soh80_to_60,NOT_VERIFIABLE: no authoritative SOH60 capacity-reference/standardized checkpoint field in After-SOH80 raw CSV headers,Capacity(Ah)|Capa. Sum(Ah)|Char. Cap.(Ah)|Dischar. Cap.(Ah),CurCycle|TotCycle present; stage-relative physical meaning is not accompanied by threshold-reference provenance,,,invalid_protocol,NOT_VERIFIABLE,/Users/wanghaoming/Public/SOC电池数据中心/SOC电池数据中心/Battery raw data/After SOH80 Data/29. CYCLE_after_SOH80_45°C #5.csv|/Users/wanghaoming/Public/SOC电池数据中心/SOC电池数据中心/Battery raw data/2nd_lifetime.xlsx,No observed/right/left label may be emitted; continuous cycle capacity cannot substitute for the defined SOH60 checkpoint without protocol evidence.,Provide authoritative second-stage protocol and exact capacity-reference/checkpoint mapping; then re-audit adjacent above/below observations.
用户风险接受的候选数据审计,30,soh100_to_80,NOT_VERIFIABLE: no authoritative per-cell SOH80 capacity-reference field in raw CSV headers,Capacity(Ah)|Capa. Sum(Ah)|Char. Cap.(Ah)|Dischar. Cap.(Ah),CurCycle|TotCycle present inside tester files; RPT filename index is not a physical aging-cycle field,,,invalid_protocol,NOT_VERIFIABLE,/Users/wanghaoming/Public/SOC电池数据中心/SOC电池数据中心/Battery raw data/RPT Data/30. 45°C #6/0.csv|/Users/wanghaoming/Public/SOC电池数据中心/SOC电池数据中心/Battery raw data/RPT Data/30. 45°C #6/1.csv|/Users/wanghaoming/Public/SOC电池数据中心/SOC电池数据中心/Battery raw data/RPT Data/30. 45°C #6/2.csv|/Users/wanghaoming/Public/SOC电池数据中心/SOC电池数据中心/Battery raw data/RPT Data/30. 45°C #6/3.csv|/Users/wanghaoming/Public/SOC电池数据中心/SOC电池数据中心/Battery raw data/RPT Data/30. 45°C #6/4.csv|/Users/wanghaoming/Public/SOC电池数据中心/SOC电池数据中心/Battery raw data/RPT Data/30. 45°C #6/5.csv|/Users/wanghaoming/Public/SOC电池数据中心/SOC电池数据中心/Battery raw data/RPT Data/30. 45°C #6/6.csv|/Users/wanghaoming/Public/SOC电池数据中心/SOC电池数据中心/Battery raw data/RPT Data/30. 45°C #6/7.csv|/Users/wanghaoming/Public/SOC电池数据中心/SOC电池数据中心/Battery raw data/0.033C RPT Data/30. 45°C #6.csv|/Users/wanghaoming/Public/SOC电池数据中心/SOC电池数据中心/Battery raw data/Cycle Data/30. 45°C #6/1. CYC1-50_1C @45°C.csv|/Users/wanghaoming/Public/SOC电池数据中心/SOC电池数据中心/Battery raw data/Cycle Data/30. 45°C #6/2. CYC51-100_1C @45°C.csv|/Users/wanghaoming/Public/SOC电池数据中心/SOC电池数据中心/Battery raw data/Cycle Data/30. 45°C #6/3. CYC101-150_1C @45°C.csv|/Users/wanghaoming/Public/SOC电池数据中心/SOC电池数据中心/Battery raw data/Cycle Data/30. 45°C #6/4. CYC151-200_1C @45°C.csv|/Users/wanghaoming/Public/SOC电池数据中心/SOC电池数据中心/Battery raw data/Cycle Data/30. 45°C #6/5. CYC201-250_1C @45°C.csv|/Users/wanghaoming/Public/SOC电池数据中心/SOC电池数据中心/Battery raw data/Cycle Data/30. 45°C #6/6. CYC251-350_1C @45°C.csv|/Users/wanghaoming/Public/SOC电池数据中心/SOC电池数据中心/Battery raw data/Cycle Data/30. 45°C #6/7. CYC351-450_1C @45°C.csv,No observed/right/left label may be emitted; RPT-to-physical-cycle alignment and threshold reference are unproven.,Provide authoritative protocol evidence binding each RPT to physical aging cycle and defining SOH80 reference/capacity step.
用户风险接受的候选数据审计,30,soh80_to_60,NOT_VERIFIABLE: no authoritative SOH60 capacity-reference/standardized checkpoint field in After-SOH80 raw CSV headers,Capacity(Ah)|Capa. Sum(Ah)|Char. Cap.(Ah)|Dischar. Cap.(Ah),CurCycle|TotCycle present; stage-relative physical meaning is not accompanied by threshold-reference provenance,,,invalid_protocol,NOT_VERIFIABLE,/Users/wanghaoming/Public/SOC电池数据中心/SOC电池数据中心/Battery raw data/After SOH80 Data/30. CYCLE_after_SOH80_45°C #6.csv|/Users/wanghaoming/Public/SOC电池数据中心/SOC电池数据中心/Battery raw data/2nd_lifetime.xlsx,No observed/right/left label may be emitted; continuous cycle capacity cannot substitute for the defined SOH60 checkpoint without protocol evidence.,Provide authoritative second-stage protocol and exact capacity-reference/checkpoint mapping; then re-audit adjacent above/below observations.
用户风险接受的候选数据审计,31,soh100_to_80,NOT_VERIFIABLE: no authoritative per-cell SOH80 capacity-reference field in raw CSV headers,Capacity(Ah)|Capa. Sum(Ah)|Char. Cap.(Ah)|Dischar. Cap.(Ah),CurCycle|TotCycle present inside tester files; RPT filename index is not a physical aging-cycle field,,,invalid_protocol,NOT_VERIFIABLE,/Users/wanghaoming/Public/SOC电池数据中心/SOC电池数据中心/Battery raw data/RPT Data/31. 45°C #7/0.csv|/Users/wanghaoming/Public/SOC电池数据中心/SOC电池数据中心/Battery raw data/RPT Data/31. 45°C #7/1.csv|/Users/wanghaoming/Public/SOC电池数据中心/SOC电池数据中心/Battery raw data/RPT Data/31. 45°C #7/2.csv|/Users/wanghaoming/Public/SOC电池数据中心/SOC电池数据中心/Battery raw data/RPT Data/31. 45°C #7/3.csv|/Users/wanghaoming/Public/SOC电池数据中心/SOC电池数据中心/Battery raw data/RPT Data/31. 45°C #7/4.csv|/Users/wanghaoming/Public/SOC电池数据中心/SOC电池数据中心/Battery raw data/RPT Data/31. 45°C #7/5.csv|/Users/wanghaoming/Public/SOC电池数据中心/SOC电池数据中心/Battery raw data/RPT Data/31. 45°C #7/6.csv|/Users/wanghaoming/Public/SOC电池数据中心/SOC电池数据中心/Battery raw data/RPT Data/31. 45°C #7/7.csv|/Users/wanghaoming/Public/SOC电池数据中心/SOC电池数据中心/Battery raw data/0.033C RPT Data/31. 45°C #7.csv|/Users/wanghaoming/Public/SOC电池数据中心/SOC电池数据中心/Battery raw data/Cycle Data/31. 45°C #7/1. CYC1-50_1C @45°C.csv|/Users/wanghaoming/Public/SOC电池数据中心/SOC电池数据中心/Battery raw data/Cycle Data/31. 45°C #7/2. CYC51-100_1C @45°C.csv|/Users/wanghaoming/Public/SOC电池数据中心/SOC电池数据中心/Battery raw data/Cycle Data/31. 45°C #7/3. CYC101-150_1C @45°C.csv|/Users/wanghaoming/Public/SOC电池数据中心/SOC电池数据中心/Battery raw data/Cycle Data/31. 45°C #7/4. CYC151-200_1C @45°C.csv|/Users/wanghaoming/Public/SOC电池数据中心/SOC电池数据中心/Battery raw data/Cycle Data/31. 45°C #7/5. CYC201-250_1C @45°C.csv|/Users/wanghaoming/Public/SOC电池数据中心/SOC电池数据中心/Battery raw data/Cycle Data/31. 45°C #7/6. CYC251-350_1C @45°C.csv|/Users/wanghaoming/Public/SOC电池数据中心/SOC电池数据中心/Battery raw data/Cycle Data/31. 45°C #7/7. CYC351-450_1C @45°C.csv,No observed/right/left label may be emitted; RPT-to-physical-cycle alignment and threshold reference are unproven.,Provide authoritative protocol evidence binding each RPT to physical aging cycle and defining SOH80 reference/capacity step.
用户风险接受的候选数据审计,31,soh80_to_60,NOT_VERIFIABLE: no authoritative SOH60 capacity-reference/standardized checkpoint field in After-SOH80 raw CSV headers,Capacity(Ah)|Capa. Sum(Ah)|Char. Cap.(Ah)|Dischar. Cap.(Ah),CurCycle|TotCycle present; stage-relative physical meaning is not accompanied by threshold-reference provenance,,,invalid_protocol,NOT_VERIFIABLE,/Users/wanghaoming/Public/SOC电池数据中心/SOC电池数据中心/Battery raw data/After SOH80 Data/31. CYCLE_after_SOH80_45°C #7.csv|/Users/wanghaoming/Public/SOC电池数据中心/SOC电池数据中心/Battery raw data/2nd_lifetime.xlsx,No observed/right/left label may be emitted; continuous cycle capacity cannot substitute for the defined SOH60 checkpoint without protocol evidence.,Provide authoritative second-stage protocol and exact capacity-reference/checkpoint mapping; then re-audit adjacent above/below observations.
用户风险接受的候选数据审计,32,soh100_to_80,NOT_VERIFIABLE: no authoritative per-cell SOH80 capacity-reference field in raw CSV headers,Capacity(Ah)|Capa. Sum(Ah)|Char. Cap.(Ah)|Dischar. Cap.(Ah),CurCycle|TotCycle present inside tester files; RPT filename index is not a physical aging-cycle field,,,invalid_protocol,NOT_VERIFIABLE,/Users/wanghaoming/Public/SOC电池数据中心/SOC电池数据中心/Battery raw data/RPT Data/32. 45°C #8/0.csv|/Users/wanghaoming/Public/SOC电池数据中心/SOC电池数据中心/Battery raw data/RPT Data/32. 45°C #8/1.csv|/Users/wanghaoming/Public/SOC电池数据中心/SOC电池数据中心/Battery raw data/RPT Data/32. 45°C #8/2.csv|/Users/wanghaoming/Public/SOC电池数据中心/SOC电池数据中心/Battery raw data/RPT Data/32. 45°C #8/3.csv|/Users/wanghaoming/Public/SOC电池数据中心/SOC电池数据中心/Battery raw data/RPT Data/32. 45°C #8/4.csv|/Users/wanghaoming/Public/SOC电池数据中心/SOC电池数据中心/Battery raw data/RPT Data/32. 45°C #8/5.csv|/Users/wanghaoming/Public/SOC电池数据中心/SOC电池数据中心/Battery raw data/RPT Data/32. 45°C #8/6.csv|/Users/wanghaoming/Public/SOC电池数据中心/SOC电池数据中心/Battery raw data/RPT Data/32. 45°C #8/7.csv|/Users/wanghaoming/Public/SOC电池数据中心/SOC电池数据中心/Battery raw data/0.033C RPT Data/32. 45°C #8.csv|/Users/wanghaoming/Public/SOC电池数据中心/SOC电池数据中心/Battery raw data/Cycle Data/32. 45°C #8/1. CYC1-50_1C @45°C.csv|/Users/wanghaoming/Public/SOC电池数据中心/SOC电池数据中心/Battery raw data/Cycle Data/32. 45°C #8/2. CYC51-100_1C @45°C.csv|/Users/wanghaoming/Public/SOC电池数据中心/SOC电池数据中心/Battery raw data/Cycle Data/32. 45°C #8/3. CYC101-150_1C @45°C.csv|/Users/wanghaoming/Public/SOC电池数据中心/SOC电池数据中心/Battery raw data/Cycle Data/32. 45°C #8/4. CYC151-200_1C @45°C.csv|/Users/wanghaoming/Public/SOC电池数据中心/SOC电池数据中心/Battery raw data/Cycle Data/32. 45°C #8/5. CYC201-250_1C @45°C.csv|/Users/wanghaoming/Public/SOC电池数据中心/SOC电池数据中心/Battery raw data/Cycle Data/32. 45°C #8/6. CYC251-350_1C @45°C.csv|/Users/wanghaoming/Public/SOC电池数据中心/SOC电池数据中心/Battery raw data/Cycle Data/32. 45°C #8/7. CYC351-450_1C @45°C.csv,No observed/right/left label may be emitted; RPT-to-physical-cycle alignment and threshold reference are unproven.,Provide authoritative protocol evidence binding each RPT to physical aging cycle and defining SOH80 reference/capacity step.
用户风险接受的候选数据审计,32,soh80_to_60,NOT_VERIFIABLE: no authoritative SOH60 capacity-reference/standardized checkpoint field in After-SOH80 raw CSV headers,Capacity(Ah)|Capa. Sum(Ah)|Char. Cap.(Ah)|Dischar. Cap.(Ah),CurCycle|TotCycle present; stage-relative physical meaning is not accompanied by threshold-reference provenance,,,invalid_protocol,NOT_VERIFIABLE,/Users/wanghaoming/Public/SOC电池数据中心/SOC电池数据中心/Battery raw data/After SOH80 Data/32. CYCLE_after_SOH80_45°C #8.csv|/Users/wanghaoming/Public/SOC电池数据中心/SOC电池数据中心/Battery raw data/2nd_lifetime.xlsx,No observed/right/left label may be emitted; continuous cycle capacity cannot substitute for the defined SOH60 checkpoint without protocol evidence.,Provide authoritative second-stage protocol and exact capacity-reference/checkpoint mapping; then re-audit adjacent above/below observations.
用户风险接受的候选数据审计,33,soh100_to_80,NOT_VERIFIABLE: no authoritative per-cell SOH80 capacity-reference field in raw CSV headers,Capacity(Ah)|Capa. Sum(Ah)|Char. Cap.(Ah)|Dischar. Cap.(Ah),CurCycle|TotCycle present inside tester files; RPT filename index is not a physical aging-cycle field,,,invalid_protocol,NOT_VERIFIABLE,/Users/wanghaoming/Public/SOC电池数据中心/SOC电池数据中心/Battery raw data/RPT Data/33. 45°C #9/0.csv|/Users/wanghaoming/Public/SOC电池数据中心/SOC电池数据中心/Battery raw data/RPT Data/33. 45°C #9/1.csv|/Users/wanghaoming/Public/SOC电池数据中心/SOC电池数据中心/Battery raw data/RPT Data/33. 45°C #9/2.csv|/Users/wanghaoming/Public/SOC电池数据中心/SOC电池数据中心/Battery raw data/RPT Data/33. 45°C #9/3.csv|/Users/wanghaoming/Public/SOC电池数据中心/SOC电池数据中心/Battery raw data/RPT Data/33. 45°C #9/4.csv|/Users/wanghaoming/Public/SOC电池数据中心/SOC电池数据中心/Battery raw data/RPT Data/33. 45°C #9/5.csv|/Users/wanghaoming/Public/SOC电池数据中心/SOC电池数据中心/Battery raw data/RPT Data/33. 45°C #9/6.csv|/Users/wanghaoming/Public/SOC电池数据中心/SOC电池数据中心/Battery raw data/RPT Data/33. 45°C #9/7.csv|/Users/wanghaoming/Public/SOC电池数据中心/SOC电池数据中心/Battery raw data/0.033C RPT Data/33. 45°C #9.csv|/Users/wanghaoming/Public/SOC电池数据中心/SOC电池数据中心/Battery raw data/Cycle Data/33. 45°C #9/1. CYC1-25_3C @45°C.csv|/Users/wanghaoming/Public/SOC电池数据中心/SOC电池数据中心/Battery raw data/Cycle Data/33. 45°C #9/2. CYC26-75_3C @45°C.csv|/Users/wanghaoming/Public/SOC电池数据中心/SOC电池数据中心/Battery raw data/Cycle Data/33. 45°C #9/3. CYC76-125_3C @45°C.csv|/Users/wanghaoming/Public/SOC电池数据中心/SOC电池数据中心/Battery raw data/Cycle Data/33. 45°C #9/4. CYC126-200_3C @45°C.csv|/Users/wanghaoming/Public/SOC电池数据中心/SOC电池数据中心/Battery raw data/Cycle Data/33. 45°C #9/5. CYC201-250_3C @45°C.csv|/Users/wanghaoming/Public/SOC电池数据中心/SOC电池数据中心/Battery raw data/Cycle Data/33. 45°C #9/6. CYC251-300_3C @45°C.csv|/Users/wanghaoming/Public/SOC电池数据中心/SOC电池数据中心/Battery raw data/Cycle Data/33. 45°C #9/7. CYC301-400_3C @45°C.csv|/Users/wanghaoming/Public/SOC电池数据中心/SOC电池数据中心/Battery raw data/Cycle Data/33. 45°C #9/8. CYC401-450_3C @45°C.csv,No observed/right/left label may be emitted; RPT-to-physical-cycle alignment and threshold reference are unproven.,Provide authoritative protocol evidence binding each RPT to physical aging cycle and defining SOH80 reference/capacity step.
用户风险接受的候选数据审计,33,soh80_to_60,NOT_VERIFIABLE: no authoritative SOH60 capacity-reference/standardized checkpoint field in After-SOH80 raw CSV headers,Capacity(Ah)|Capa. Sum(Ah)|Char. Cap.(Ah)|Dischar. Cap.(Ah),CurCycle|TotCycle present; stage-relative physical meaning is not accompanied by threshold-reference provenance,,,invalid_protocol,NOT_VERIFIABLE,/Users/wanghaoming/Public/SOC电池数据中心/SOC电池数据中心/Battery raw data/After SOH80 Data/33. CYCLE_after_SOH80_45°C #9.csv|/Users/wanghaoming/Public/SOC电池数据中心/SOC电池数据中心/Battery raw data/2nd_lifetime.xlsx,No observed/right/left label may be emitted; continuous cycle capacity cannot substitute for the defined SOH60 checkpoint without protocol evidence.,Provide authoritative second-stage protocol and exact capacity-reference/checkpoint mapping; then re-audit adjacent above/below observations.
用户风险接受的候选数据审计,34,soh100_to_80,NOT_VERIFIABLE: no authoritative per-cell SOH80 capacity-reference field in raw CSV headers,Capacity(Ah)|Capa. Sum(Ah)|Char. Cap.(Ah)|Dischar. Cap.(Ah),CurCycle|TotCycle present inside tester files; RPT filename index is not a physical aging-cycle field,,,invalid_protocol,NOT_VERIFIABLE,/Users/wanghaoming/Public/SOC电池数据中心/SOC电池数据中心/Battery raw data/RPT Data/34. 45°C #10/0.csv|/Users/wanghaoming/Public/SOC电池数据中心/SOC电池数据中心/Battery raw data/RPT Data/34. 45°C #10/1.csv|/Users/wanghaoming/Public/SOC电池数据中心/SOC电池数据中心/Battery raw data/RPT Data/34. 45°C #10/2.csv|/Users/wanghaoming/Public/SOC电池数据中心/SOC电池数据中心/Battery raw data/RPT Data/34. 45°C #10/3.csv|/Users/wanghaoming/Public/SOC电池数据中心/SOC电池数据中心/Battery raw data/RPT Data/34. 45°C #10/4.csv|/Users/wanghaoming/Public/SOC电池数据中心/SOC电池数据中心/Battery raw data/RPT Data/34. 45°C #10/5.csv|/Users/wanghaoming/Public/SOC电池数据中心/SOC电池数据中心/Battery raw data/RPT Data/34. 45°C #10/6.csv|/Users/wanghaoming/Public/SOC电池数据中心/SOC电池数据中心/Battery raw data/RPT Data/34. 45°C #10/7.csv|/Users/wanghaoming/Public/SOC电池数据中心/SOC电池数据中心/Battery raw data/0.033C RPT Data/34. 45°C #10.csv|/Users/wanghaoming/Public/SOC电池数据中心/SOC电池数据中心/Battery raw data/Cycle Data/34. 45°C #10/1. CYC1-25_3C @45°C.csv|/Users/wanghaoming/Public/SOC电池数据中心/SOC电池数据中心/Battery raw data/Cycle Data/34. 45°C #10/2. CYC26-75_3C @45°C.csv|/Users/wanghaoming/Public/SOC电池数据中心/SOC电池数据中心/Battery raw data/Cycle Data/34. 45°C #10/3. CYC76-125_3C @45°C.csv|/Users/wanghaoming/Public/SOC电池数据中心/SOC电池数据中心/Battery raw data/Cycle Data/34. 45°C #10/4. CYC126-200_3C @45°C.csv|/Users/wanghaoming/Public/SOC电池数据中心/SOC电池数据中心/Battery raw data/Cycle Data/34. 45°C #10/5. CYC201-250_3C @45°C.csv|/Users/wanghaoming/Public/SOC电池数据中心/SOC电池数据中心/Battery raw data/Cycle Data/34. 45°C #10/6. CYC251-300_3C @45°C.csv|/Users/wanghaoming/Public/SOC电池数据中心/SOC电池数据中心/Battery raw data/Cycle Data/34. 45°C #10/7. CYC301-400_3C @45°C.csv|/Users/wanghaoming/Public/SOC电池数据中心/SOC电池数据中心/Battery raw data/Cycle Data/34. 45°C #10/8. CYC401-450_3C @45°C.csv,No observed/right/left label may be emitted; RPT-to-physical-cycle alignment and threshold reference are unproven.,Provide authoritative protocol evidence binding each RPT to physical aging cycle and defining SOH80 reference/capacity step.
用户风险接受的候选数据审计,34,soh80_to_60,NOT_VERIFIABLE: no authoritative SOH60 capacity-reference/standardized checkpoint field in After-SOH80 raw CSV headers,Capacity(Ah)|Capa. Sum(Ah)|Char. Cap.(Ah)|Dischar. Cap.(Ah),CurCycle|TotCycle present; stage-relative physical meaning is not accompanied by threshold-reference provenance,,,invalid_protocol,NOT_VERIFIABLE,/Users/wanghaoming/Public/SOC电池数据中心/SOC电池数据中心/Battery raw data/After SOH80 Data/34. CYCLE_after_SOH80_45°C #10.csv|/Users/wanghaoming/Public/SOC电池数据中心/SOC电池数据中心/Battery raw data/2nd_lifetime.xlsx,No observed/right/left label may be emitted; continuous cycle capacity cannot substitute for the defined SOH60 checkpoint without protocol evidence.,Provide authoritative second-stage protocol and exact capacity-reference/checkpoint mapping; then re-audit adjacent above/below observations.
用户风险接受的候选数据审计,35,soh100_to_80,NOT_VERIFIABLE: no authoritative per-cell SOH80 capacity-reference field in raw CSV headers,Capacity(Ah)|Capa. Sum(Ah)|Char. Cap.(Ah)|Dischar. Cap.(Ah),CurCycle|TotCycle present inside tester files; RPT filename index is not a physical aging-cycle field,,,invalid_protocol,NOT_VERIFIABLE,/Users/wanghaoming/Public/SOC电池数据中心/SOC电池数据中心/Battery raw data/RPT Data/35. 45°C #11/0.csv|/Users/wanghaoming/Public/SOC电池数据中心/SOC电池数据中心/Battery raw data/RPT Data/35. 45°C #11/1.csv|/Users/wanghaoming/Public/SOC电池数据中心/SOC电池数据中心/Battery raw data/RPT Data/35. 45°C #11/2.csv|/Users/wanghaoming/Public/SOC电池数据中心/SOC电池数据中心/Battery raw data/RPT Data/35. 45°C #11/3.csv|/Users/wanghaoming/Public/SOC电池数据中心/SOC电池数据中心/Battery raw data/RPT Data/35. 45°C #11/4.csv|/Users/wanghaoming/Public/SOC电池数据中心/SOC电池数据中心/Battery raw data/RPT Data/35. 45°C #11/5.csv|/Users/wanghaoming/Public/SOC电池数据中心/SOC电池数据中心/Battery raw data/RPT Data/35. 45°C #11/6.csv|/Users/wanghaoming/Public/SOC电池数据中心/SOC电池数据中心/Battery raw data/RPT Data/35. 45°C #11/7.csv|/Users/wanghaoming/Public/SOC电池数据中心/SOC电池数据中心/Battery raw data/0.033C RPT Data/35. 45°C #11.csv|/Users/wanghaoming/Public/SOC电池数据中心/SOC电池数据中心/Battery raw data/Cycle Data/35. 45°C #11/1. CYC1-25_3C @45°C.csv|/Users/wanghaoming/Public/SOC电池数据中心/SOC电池数据中心/Battery raw data/Cycle Data/35. 45°C #11/2. CYC26-75_3C @45°C.csv|/Users/wanghaoming/Public/SOC电池数据中心/SOC电池数据中心/Battery raw data/Cycle Data/35. 45°C #11/3. CYC76-125_3C @45°C.csv|/Users/wanghaoming/Public/SOC电池数据中心/SOC电池数据中心/Battery raw data/Cycle Data/35. 45°C #11/4. CYC126-200_3C @45°C.csv|/Users/wanghaoming/Public/SOC电池数据中心/SOC电池数据中心/Battery raw data/Cycle Data/35. 45°C #11/5. CYC201-250_3C @45°C.csv|/Users/wanghaoming/Public/SOC电池数据中心/SOC电池数据中心/Battery raw data/Cycle Data/35. 45°C #11/6. CYC251-300_3C @45°C.csv|/Users/wanghaoming/Public/SOC电池数据中心/SOC电池数据中心/Battery raw data/Cycle Data/35. 45°C #11/7. CYC301-400_3C @45°C.csv|/Users/wanghaoming/Public/SOC电池数据中心/SOC电池数据中心/Battery raw data/Cycle Data/35. 45°C #11/8. CYC401-450_3C @45°C.csv,No observed/right/left label may be emitted; RPT-to-physical-cycle alignment and threshold reference are unproven.,Provide authoritative protocol evidence binding each RPT to physical aging cycle and defining SOH80 reference/capacity step.
用户风险接受的候选数据审计,35,soh80_to_60,NOT_VERIFIABLE: no authoritative SOH60 capacity-reference/standardized checkpoint field in After-SOH80 raw CSV headers,Capacity(Ah)|Capa. Sum(Ah)|Char. Cap.(Ah)|Dischar. Cap.(Ah),CurCycle|TotCycle present; stage-relative physical meaning is not accompanied by threshold-reference provenance,,,invalid_protocol,NOT_VERIFIABLE,/Users/wanghaoming/Public/SOC电池数据中心/SOC电池数据中心/Battery raw data/After SOH80 Data/35. CYCLE_after_SOH80_45°C #11.csv|/Users/wanghaoming/Public/SOC电池数据中心/SOC电池数据中心/Battery raw data/2nd_lifetime.xlsx,No observed/right/left label may be emitted; continuous cycle capacity cannot substitute for the defined SOH60 checkpoint without protocol evidence.,Provide authoritative second-stage protocol and exact capacity-reference/checkpoint mapping; then re-audit adjacent above/below observations.
用户风险接受的候选数据审计,36,soh100_to_80,NOT_VERIFIABLE: no authoritative per-cell SOH80 capacity-reference field in raw CSV headers,Capacity(Ah)|Capa. Sum(Ah)|Char. Cap.(Ah)|Dischar. Cap.(Ah),CurCycle|TotCycle present inside tester files; RPT filename index is not a physical aging-cycle field,,,invalid_protocol,NOT_VERIFIABLE,/Users/wanghaoming/Public/SOC电池数据中心/SOC电池数据中心/Battery raw data/RPT Data/36. 45°C #12/0.csv|/Users/wanghaoming/Public/SOC电池数据中心/SOC电池数据中心/Battery raw data/RPT Data/36. 45°C #12/1.csv|/Users/wanghaoming/Public/SOC电池数据中心/SOC电池数据中心/Battery raw data/RPT Data/36. 45°C #12/2.csv|/Users/wanghaoming/Public/SOC电池数据中心/SOC电池数据中心/Battery raw data/RPT Data/36. 45°C #12/3.csv|/Users/wanghaoming/Public/SOC电池数据中心/SOC电池数据中心/Battery raw data/RPT Data/36. 45°C #12/4.csv|/Users/wanghaoming/Public/SOC电池数据中心/SOC电池数据中心/Battery raw data/RPT Data/36. 45°C #12/5.csv|/Users/wanghaoming/Public/SOC电池数据中心/SOC电池数据中心/Battery raw data/RPT Data/36. 45°C #12/6.csv|/Users/wanghaoming/Public/SOC电池数据中心/SOC电池数据中心/Battery raw data/RPT Data/36. 45°C #12/7.csv|/Users/wanghaoming/Public/SOC电池数据中心/SOC电池数据中心/Battery raw data/0.033C RPT Data/36. 45°C #12.csv|/Users/wanghaoming/Public/SOC电池数据中心/SOC电池数据中心/Battery raw data/Cycle Data/36. 45°C #12/1. CYC1-25_3C @45°C.csv|/Users/wanghaoming/Public/SOC电池数据中心/SOC电池数据中心/Battery raw data/Cycle Data/36. 45°C #12/2. CYC26-75_3C @45°C.csv|/Users/wanghaoming/Public/SOC电池数据中心/SOC电池数据中心/Battery raw data/Cycle Data/36. 45°C #12/3. CYC76-125_3C @45°C.csv|/Users/wanghaoming/Public/SOC电池数据中心/SOC电池数据中心/Battery raw data/Cycle Data/36. 45°C #12/4. CYC126-200_3C @45°C.csv|/Users/wanghaoming/Public/SOC电池数据中心/SOC电池数据中心/Battery raw data/Cycle Data/36. 45°C #12/5. CYC201-250_3C @45°C.csv|/Users/wanghaoming/Public/SOC电池数据中心/SOC电池数据中心/Battery raw data/Cycle Data/36. 45°C #12/6. CYC251-300_3C @45°C.csv|/Users/wanghaoming/Public/SOC电池数据中心/SOC电池数据中心/Battery raw data/Cycle Data/36. 45°C #12/7. CYC301-400_3C @45°C.csv|/Users/wanghaoming/Public/SOC电池数据中心/SOC电池数据中心/Battery raw data/Cycle Data/36. 45°C #12/8. CYC401-450_3C @45°C.csv,No observed/right/left label may be emitted; RPT-to-physical-cycle alignment and threshold reference are unproven.,Provide authoritative protocol evidence binding each RPT to physical aging cycle and defining SOH80 reference/capacity step.
用户风险接受的候选数据审计,36,soh80_to_60,NOT_VERIFIABLE: no authoritative SOH60 capacity-reference/standardized checkpoint field in After-SOH80 raw CSV headers,Capacity(Ah)|Capa. Sum(Ah)|Char. Cap.(Ah)|Dischar. Cap.(Ah),CurCycle|TotCycle present; stage-relative physical meaning is not accompanied by threshold-reference provenance,,,invalid_protocol,NOT_VERIFIABLE,/Users/wanghaoming/Public/SOC电池数据中心/SOC电池数据中心/Battery raw data/After SOH80 Data/36. CYCLE_after_SOH80_45°C #12.csv|/Users/wanghaoming/Public/SOC电池数据中心/SOC电池数据中心/Battery raw data/2nd_lifetime.xlsx,No observed/right/left label may be emitted; continuous cycle capacity cannot substitute for the defined SOH60 checkpoint without protocol evidence.,Provide authoritative second-stage protocol and exact capacity-reference/checkpoint mapping; then re-audit adjacent above/below observations.
用户风险接受的候选数据审计,37,soh100_to_80,NOT_VERIFIABLE: no authoritative per-cell SOH80 capacity-reference field in raw CSV headers,Capacity(Ah)|Capa. Sum(Ah)|Char. Cap.(Ah)|Dischar. Cap.(Ah),CurCycle|TotCycle present inside tester files; RPT filename index is not a physical aging-cycle field,,,invalid_protocol,NOT_VERIFIABLE,/Users/wanghaoming/Public/SOC电池数据中心/SOC电池数据中心/Battery raw data/RPT Data/37. 60°C #1/0.csv|/Users/wanghaoming/Public/SOC电池数据中心/SOC电池数据中心/Battery raw data/RPT Data/37. 60°C #1/1.csv|/Users/wanghaoming/Public/SOC电池数据中心/SOC电池数据中心/Battery raw data/RPT Data/37. 60°C #1/2.csv|/Users/wanghaoming/Public/SOC电池数据中心/SOC电池数据中心/Battery raw data/RPT Data/37. 60°C #1/3.csv|/Users/wanghaoming/Public/SOC电池数据中心/SOC电池数据中心/Battery raw data/RPT Data/37. 60°C #1/4.csv|/Users/wanghaoming/Public/SOC电池数据中心/SOC电池数据中心/Battery raw data/0.033C RPT Data/37. 60°C #1.csv|/Users/wanghaoming/Public/SOC电池数据中心/SOC电池数据中心/Battery raw data/Cycle Data/37. 60°C #1/1. CYC1-50_0.5C @60°C.csv|/Users/wanghaoming/Public/SOC电池数据中心/SOC电池数据中心/Battery raw data/Cycle Data/37. 60°C #1/2. CYC51-100_0.5C @60°C.csv|/Users/wanghaoming/Public/SOC电池数据中心/SOC电池数据中心/Battery raw data/Cycle Data/37. 60°C #1/3. CYC101-150_0.5C @60°C.csv|/Users/wanghaoming/Public/SOC电池数据中心/SOC电池数据中心/Battery raw data/Cycle Data/37. 60°C #1/4. CYC151-215_0.5C @60°C.csv,No observed/right/left label may be emitted; RPT-to-physical-cycle alignment and threshold reference are unproven.,Provide authoritative protocol evidence binding each RPT to physical aging cycle and defining SOH80 reference/capacity step.
用户风险接受的候选数据审计,37,soh80_to_60,NOT_VERIFIABLE: no authoritative SOH60 capacity-reference/standardized checkpoint field in After-SOH80 raw CSV headers,Capacity(Ah)|Capa. Sum(Ah)|Char. Cap.(Ah)|Dischar. Cap.(Ah),CurCycle|TotCycle present; stage-relative physical meaning is not accompanied by threshold-reference provenance,,,invalid_protocol,NOT_VERIFIABLE,/Users/wanghaoming/Public/SOC电池数据中心/SOC电池数据中心/Battery raw data/After SOH80 Data/37. CYCLE_after_SOH80_60°C #1.csv|/Users/wanghaoming/Public/SOC电池数据中心/SOC电池数据中心/Battery raw data/2nd_lifetime.xlsx,No observed/right/left label may be emitted; continuous cycle capacity cannot substitute for the defined SOH60 checkpoint without protocol evidence.,Provide authoritative second-stage protocol and exact capacity-reference/checkpoint mapping; then re-audit adjacent above/below observations.
用户风险接受的候选数据审计,38,soh100_to_80,NOT_VERIFIABLE: no authoritative per-cell SOH80 capacity-reference field in raw CSV headers,Capacity(Ah)|Capa. Sum(Ah)|Char. Cap.(Ah)|Dischar. Cap.(Ah),CurCycle|TotCycle present inside tester files; RPT filename index is not a physical aging-cycle field,,,invalid_protocol,NOT_VERIFIABLE,/Users/wanghaoming/Public/SOC电池数据中心/SOC电池数据中心/Battery raw data/RPT Data/38. 60°C #2/0.csv|/Users/wanghaoming/Public/SOC电池数据中心/SOC电池数据中心/Battery raw data/RPT Data/38. 60°C #2/1.csv|/Users/wanghaoming/Public/SOC电池数据中心/SOC电池数据中心/Battery raw data/RPT Data/38. 60°C #2/2.csv|/Users/wanghaoming/Public/SOC电池数据中心/SOC电池数据中心/Battery raw data/RPT Data/38. 60°C #2/3.csv|/Users/wanghaoming/Public/SOC电池数据中心/SOC电池数据中心/Battery raw data/RPT Data/38. 60°C #2/4.csv|/Users/wanghaoming/Public/SOC电池数据中心/SOC电池数据中心/Battery raw data/0.033C RPT Data/38. 60°C #2.csv|/Users/wanghaoming/Public/SOC电池数据中心/SOC电池数据中心/Battery raw data/Cycle Data/38. 60°C #2/1. CYC1-50_0.5C @60°C.csv|/Users/wanghaoming/Public/SOC电池数据中心/SOC电池数据中心/Battery raw data/Cycle Data/38. 60°C #2/2. CYC51-100_0.5C @60°C.csv|/Users/wanghaoming/Public/SOC电池数据中心/SOC电池数据中心/Battery raw data/Cycle Data/38. 60°C #2/3. CYC101-150_0.5C @60°C.csv|/Users/wanghaoming/Public/SOC电池数据中心/SOC电池数据中心/Battery raw data/Cycle Data/38. 60°C #2/4. CYC151-215_0.5C @60°C.csv,No observed/right/left label may be emitted; RPT-to-physical-cycle alignment and threshold reference are unproven.,Provide authoritative protocol evidence binding each RPT to physical aging cycle and defining SOH80 reference/capacity step.
用户风险接受的候选数据审计,38,soh80_to_60,NOT_VERIFIABLE: no authoritative SOH60 capacity-reference/standardized checkpoint field in After-SOH80 raw CSV headers,Capacity(Ah)|Capa. Sum(Ah)|Char. Cap.(Ah)|Dischar. Cap.(Ah),CurCycle|TotCycle present; stage-relative physical meaning is not accompanied by threshold-reference provenance,,,invalid_protocol,NOT_VERIFIABLE,/Users/wanghaoming/Public/SOC电池数据中心/SOC电池数据中心/Battery raw data/After SOH80 Data/38. CYCLE_after_SOH80_60°C #2.csv|/Users/wanghaoming/Public/SOC电池数据中心/SOC电池数据中心/Battery raw data/2nd_lifetime.xlsx,No observed/right/left label may be emitted; continuous cycle capacity cannot substitute for the defined SOH60 checkpoint without protocol evidence.,Provide authoritative second-stage protocol and exact capacity-reference/checkpoint mapping; then re-audit adjacent above/below observations.
用户风险接受的候选数据审计,39,soh100_to_80,NOT_VERIFIABLE: no authoritative per-cell SOH80 capacity-reference field in raw CSV headers,Capacity(Ah)|Capa. Sum(Ah)|Char. Cap.(Ah)|Dischar. Cap.(Ah),CurCycle|TotCycle present inside tester files; RPT filename index is not a physical aging-cycle field,,,invalid_protocol,NOT_VERIFIABLE,/Users/wanghaoming/Public/SOC电池数据中心/SOC电池数据中心/Battery raw data/RPT Data/39. 60°C #3/0.csv|/Users/wanghaoming/Public/SOC电池数据中心/SOC电池数据中心/Battery raw data/RPT Data/39. 60°C #3/1.csv|/Users/wanghaoming/Public/SOC电池数据中心/SOC电池数据中心/Battery raw data/RPT Data/39. 60°C #3/2.csv|/Users/wanghaoming/Public/SOC电池数据中心/SOC电池数据中心/Battery raw data/RPT Data/39. 60°C #3/3.csv|/Users/wanghaoming/Public/SOC电池数据中心/SOC电池数据中心/Battery raw data/RPT Data/39. 60°C #3/4.csv|/Users/wanghaoming/Public/SOC电池数据中心/SOC电池数据中心/Battery raw data/0.033C RPT Data/39. 60°C #3.csv|/Users/wanghaoming/Public/SOC电池数据中心/SOC电池数据中心/Battery raw data/Cycle Data/39. 60°C #3/1. CYC1-50_0.5C @60°C.csv|/Users/wanghaoming/Public/SOC电池数据中心/SOC电池数据中心/Battery raw data/Cycle Data/39. 60°C #3/2. CYC51-100_0.5C @60°C.csv|/Users/wanghaoming/Public/SOC电池数据中心/SOC电池数据中心/Battery raw data/Cycle Data/39. 60°C #3/3. CYC101-150_0.5C @60°C.csv|/Users/wanghaoming/Public/SOC电池数据中心/SOC电池数据中心/Battery raw data/Cycle Data/39. 60°C #3/4. CYC151-215_0.5C @60°C.csv,No observed/right/left label may be emitted; RPT-to-physical-cycle alignment and threshold reference are unproven.,Provide authoritative protocol evidence binding each RPT to physical aging cycle and defining SOH80 reference/capacity step.
用户风险接受的候选数据审计,39,soh80_to_60,NOT_VERIFIABLE: no authoritative SOH60 capacity-reference/standardized checkpoint field in After-SOH80 raw CSV headers,Capacity(Ah)|Capa. Sum(Ah)|Char. Cap.(Ah)|Dischar. Cap.(Ah),CurCycle|TotCycle present; stage-relative physical meaning is not accompanied by threshold-reference provenance,,,invalid_protocol,NOT_VERIFIABLE,/Users/wanghaoming/Public/SOC电池数据中心/SOC电池数据中心/Battery raw data/After SOH80 Data/39. CYCLE_after_SOH80_60°C #3.csv|/Users/wanghaoming/Public/SOC电池数据中心/SOC电池数据中心/Battery raw data/2nd_lifetime.xlsx,No observed/right/left label may be emitted; continuous cycle capacity cannot substitute for the defined SOH60 checkpoint without protocol evidence.,Provide authoritative second-stage protocol and exact capacity-reference/checkpoint mapping; then re-audit adjacent above/below observations.
用户风险接受的候选数据审计,40,soh100_to_80,NOT_VERIFIABLE: no authoritative per-cell SOH80 capacity-reference field in raw CSV headers,Capacity(Ah)|Capa. Sum(Ah)|Char. Cap.(Ah)|Dischar. Cap.(Ah),CurCycle|TotCycle present inside tester files; RPT filename index is not a physical aging-cycle field,,,invalid_protocol,NOT_VERIFIABLE,/Users/wanghaoming/Public/SOC电池数据中心/SOC电池数据中心/Battery raw data/RPT Data/40. 60°C #4/0.csv|/Users/wanghaoming/Public/SOC电池数据中心/SOC电池数据中心/Battery raw data/RPT Data/40. 60°C #4/1.csv|/Users/wanghaoming/Public/SOC电池数据中心/SOC电池数据中心/Battery raw data/RPT Data/40. 60°C #4/2.csv|/Users/wanghaoming/Public/SOC电池数据中心/SOC电池数据中心/Battery raw data/RPT Data/40. 60°C #4/3.csv|/Users/wanghaoming/Public/SOC电池数据中心/SOC电池数据中心/Battery raw data/RPT Data/40. 60°C #4/4.csv|/Users/wanghaoming/Public/SOC电池数据中心/SOC电池数据中心/Battery raw data/0.033C RPT Data/40. 60°C #4.csv|/Users/wanghaoming/Public/SOC电池数据中心/SOC电池数据中心/Battery raw data/Cycle Data/40. 60°C #4/1. CYC1-50_0.5C @60°C.csv|/Users/wanghaoming/Public/SOC电池数据中心/SOC电池数据中心/Battery raw data/Cycle Data/40. 60°C #4/2. CYC51-100_0.5C @60°C.csv|/Users/wanghaoming/Public/SOC电池数据中心/SOC电池数据中心/Battery raw data/Cycle Data/40. 60°C #4/3. CYC101-150_0.5C @60°C.csv|/Users/wanghaoming/Public/SOC电池数据中心/SOC电池数据中心/Battery raw data/Cycle Data/40. 60°C #4/4. CYC151-215_0.5C @60°C.csv,No observed/right/left label may be emitted; RPT-to-physical-cycle alignment and threshold reference are unproven.,Provide authoritative protocol evidence binding each RPT to physical aging cycle and defining SOH80 reference/capacity step.
用户风险接受的候选数据审计,40,soh80_to_60,NOT_VERIFIABLE: no authoritative SOH60 capacity-reference/standardized checkpoint field in After-SOH80 raw CSV headers,Capacity(Ah)|Capa. Sum(Ah)|Char. Cap.(Ah)|Dischar. Cap.(Ah),CurCycle|TotCycle present; stage-relative physical meaning is not accompanied by threshold-reference provenance,,,invalid_protocol,NOT_VERIFIABLE,/Users/wanghaoming/Public/SOC电池数据中心/SOC电池数据中心/Battery raw data/After SOH80 Data/40.CYCLE_after_SOH80_60°C #4.csv|/Users/wanghaoming/Public/SOC电池数据中心/SOC电池数据中心/Battery raw data/2nd_lifetime.xlsx,No observed/right/left label may be emitted; continuous cycle capacity cannot substitute for the defined SOH60 checkpoint without protocol evidence.,Provide authoritative second-stage protocol and exact capacity-reference/checkpoint mapping; then re-audit adjacent above/below observations.
用户风险接受的候选数据审计,41,soh100_to_80,NOT_VERIFIABLE: no authoritative per-cell SOH80 capacity-reference field in raw CSV headers,Capacity(Ah)|Capa. Sum(Ah)|Char. Cap.(Ah)|Dischar. Cap.(Ah),CurCycle|TotCycle present inside tester files; RPT filename index is not a physical aging-cycle field,,,invalid_protocol,NOT_VERIFIABLE,/Users/wanghaoming/Public/SOC电池数据中心/SOC电池数据中心/Battery raw data/RPT Data/41. 60°C #5/0.csv|/Users/wanghaoming/Public/SOC电池数据中心/SOC电池数据中心/Battery raw data/RPT Data/41. 60°C #5/1.csv|/Users/wanghaoming/Public/SOC电池数据中心/SOC电池数据中心/Battery raw data/RPT Data/41. 60°C #5/2.csv|/Users/wanghaoming/Public/SOC电池数据中心/SOC电池数据中心/Battery raw data/RPT Data/41. 60°C #5/3.csv|/Users/wanghaoming/Public/SOC电池数据中心/SOC电池数据中心/Battery raw data/RPT Data/41. 60°C #5/4.csv|/Users/wanghaoming/Public/SOC电池数据中心/SOC电池数据中心/Battery raw data/RPT Data/41. 60°C #5/5.csv|/Users/wanghaoming/Public/SOC电池数据中心/SOC电池数据中心/Battery raw data/0.033C RPT Data/41. 60°C #5.csv|/Users/wanghaoming/Public/SOC电池数据中心/SOC电池数据中心/Battery raw data/Cycle Data/41. 60°C #5/1. CYC1-50_1C @60°C.csv|/Users/wanghaoming/Public/SOC电池数据中心/SOC电池数据中心/Battery raw data/Cycle Data/41. 60°C #5/2. CYC51-100_1C @60°C.csv|/Users/wanghaoming/Public/SOC电池数据中心/SOC电池数据中心/Battery raw data/Cycle Data/41. 60°C #5/3. CYC101-150_1C @60°C.csv|/Users/wanghaoming/Public/SOC电池数据中心/SOC电池数据中心/Battery raw data/Cycle Data/41. 60°C #5/4. CYC151-200_1C @60°C.csv|/Users/wanghaoming/Public/SOC电池数据中心/SOC电池数据中心/Battery raw data/Cycle Data/41. 60°C #5/5. CYC201-260_1C @60°C.csv,No observed/right/left label may be emitted; RPT-to-physical-cycle alignment and threshold reference are unproven.,Provide authoritative protocol evidence binding each RPT to physical aging cycle and defining SOH80 reference/capacity step.
用户风险接受的候选数据审计,41,soh80_to_60,NOT_VERIFIABLE: no authoritative SOH60 capacity-reference/standardized checkpoint field in After-SOH80 raw CSV headers,Capacity(Ah)|Capa. Sum(Ah)|Char. Cap.(Ah)|Dischar. Cap.(Ah),CurCycle|TotCycle present; stage-relative physical meaning is not accompanied by threshold-reference provenance,,,invalid_protocol,NOT_VERIFIABLE,/Users/wanghaoming/Public/SOC电池数据中心/SOC电池数据中心/Battery raw data/After SOH80 Data/41. CYCLE_after_SOH80_60°C #5.csv|/Users/wanghaoming/Public/SOC电池数据中心/SOC电池数据中心/Battery raw data/2nd_lifetime.xlsx,No observed/right/left label may be emitted; continuous cycle capacity cannot substitute for the defined SOH60 checkpoint without protocol evidence.,Provide authoritative second-stage protocol and exact capacity-reference/checkpoint mapping; then re-audit adjacent above/below observations.
用户风险接受的候选数据审计,42,soh100_to_80,NOT_VERIFIABLE: no authoritative per-cell SOH80 capacity-reference field in raw CSV headers,Capacity(Ah)|Capa. Sum(Ah)|Char. Cap.(Ah)|Dischar. Cap.(Ah),CurCycle|TotCycle present inside tester files; RPT filename index is not a physical aging-cycle field,,,invalid_protocol,NOT_VERIFIABLE,/Users/wanghaoming/Public/SOC电池数据中心/SOC电池数据中心/Battery raw data/RPT Data/42. 60°C #6/0.csv|/Users/wanghaoming/Public/SOC电池数据中心/SOC电池数据中心/Battery raw data/RPT Data/42. 60°C #6/1.csv|/Users/wanghaoming/Public/SOC电池数据中心/SOC电池数据中心/Battery raw data/RPT Data/42. 60°C #6/2.csv|/Users/wanghaoming/Public/SOC电池数据中心/SOC电池数据中心/Battery raw data/RPT Data/42. 60°C #6/3.csv|/Users/wanghaoming/Public/SOC电池数据中心/SOC电池数据中心/Battery raw data/RPT Data/42. 60°C #6/4.csv|/Users/wanghaoming/Public/SOC电池数据中心/SOC电池数据中心/Battery raw data/RPT Data/42. 60°C #6/5.csv|/Users/wanghaoming/Public/SOC电池数据中心/SOC电池数据中心/Battery raw data/0.033C RPT Data/42. 60°C #6.csv|/Users/wanghaoming/Public/SOC电池数据中心/SOC电池数据中心/Battery raw data/Cycle Data/42. 60°C #6/1. CYC1-50_1C @60°C.csv|/Users/wanghaoming/Public/SOC电池数据中心/SOC电池数据中心/Battery raw data/Cycle Data/42. 60°C #6/2. CYC51-100_1C @60°C.csv|/Users/wanghaoming/Public/SOC电池数据中心/SOC电池数据中心/Battery raw data/Cycle Data/42. 60°C #6/3. CYC101-150_1C @60°C.csv|/Users/wanghaoming/Public/SOC电池数据中心/SOC电池数据中心/Battery raw data/Cycle Data/42. 60°C #6/4. CYC151-200_1C @60°C.csv|/Users/wanghaoming/Public/SOC电池数据中心/SOC电池数据中心/Battery raw data/Cycle Data/42. 60°C #6/5. CYC201-260_1C @60°C.csv,No observed/right/left label may be emitted; RPT-to-physical-cycle alignment and threshold reference are unproven.,Provide authoritative protocol evidence binding each RPT to physical aging cycle and defining SOH80 reference/capacity step.
用户风险接受的候选数据审计,42,soh80_to_60,NOT_VERIFIABLE: no authoritative SOH60 capacity-reference/standardized checkpoint field in After-SOH80 raw CSV headers,Capacity(Ah)|Capa. Sum(Ah)|Char. Cap.(Ah)|Dischar. Cap.(Ah),CurCycle|TotCycle present; stage-relative physical meaning is not accompanied by threshold-reference provenance,,,invalid_protocol,NOT_VERIFIABLE,/Users/wanghaoming/Public/SOC电池数据中心/SOC电池数据中心/Battery raw data/After SOH80 Data/42. CYCLE_after_SOH80_60°C #6.csv|/Users/wanghaoming/Public/SOC电池数据中心/SOC电池数据中心/Battery raw data/2nd_lifetime.xlsx,No observed/right/left label may be emitted; continuous cycle capacity cannot substitute for the defined SOH60 checkpoint without protocol evidence.,Provide authoritative second-stage protocol and exact capacity-reference/checkpoint mapping; then re-audit adjacent above/below observations.
用户风险接受的候选数据审计,43,soh100_to_80,NOT_VERIFIABLE: no authoritative per-cell SOH80 capacity-reference field in raw CSV headers,Capacity(Ah)|Capa. Sum(Ah)|Char. Cap.(Ah)|Dischar. Cap.(Ah),CurCycle|TotCycle present inside tester files; RPT filename index is not a physical aging-cycle field,,,invalid_protocol,NOT_VERIFIABLE,/Users/wanghaoming/Public/SOC电池数据中心/SOC电池数据中心/Battery raw data/RPT Data/43. 60°C #7/0.csv|/Users/wanghaoming/Public/SOC电池数据中心/SOC电池数据中心/Battery raw data/RPT Data/43. 60°C #7/1.csv|/Users/wanghaoming/Public/SOC电池数据中心/SOC电池数据中心/Battery raw data/RPT Data/43. 60°C #7/2.csv|/Users/wanghaoming/Public/SOC电池数据中心/SOC电池数据中心/Battery raw data/RPT Data/43. 60°C #7/3.csv|/Users/wanghaoming/Public/SOC电池数据中心/SOC电池数据中心/Battery raw data/RPT Data/43. 60°C #7/4.csv|/Users/wanghaoming/Public/SOC电池数据中心/SOC电池数据中心/Battery raw data/RPT Data/43. 60°C #7/5.csv|/Users/wanghaoming/Public/SOC电池数据中心/SOC电池数据中心/Battery raw data/0.033C RPT Data/43. 60°C #7.csv|/Users/wanghaoming/Public/SOC电池数据中心/SOC电池数据中心/Battery raw data/Cycle Data/43. 60°C #7/1. CYC1-50_1C @60°C.csv|/Users/wanghaoming/Public/SOC电池数据中心/SOC电池数据中心/Battery raw data/Cycle Data/43. 60°C #7/2. CYC51-100_1C @60°C.csv|/Users/wanghaoming/Public/SOC电池数据中心/SOC电池数据中心/Battery raw data/Cycle Data/43. 60°C #7/3. CYC101-150_1C @60°C.csv|/Users/wanghaoming/Public/SOC电池数据中心/SOC电池数据中心/Battery raw data/Cycle Data/43. 60°C #7/4. CYC151-200_1C @60°C.csv|/Users/wanghaoming/Public/SOC电池数据中心/SOC电池数据中心/Battery raw data/Cycle Data/43. 60°C #7/5. CYC201-260_1C @60°C.csv,No observed/right/left label may be emitted; RPT-to-physical-cycle alignment and threshold reference are unproven.,Provide authoritative protocol evidence binding each RPT to physical aging cycle and defining SOH80 reference/capacity step.
用户风险接受的候选数据审计,43,soh80_to_60,NOT_VERIFIABLE: no authoritative SOH60 capacity-reference/standardized checkpoint field in After-SOH80 raw CSV headers,Capacity(Ah)|Capa. Sum(Ah)|Char. Cap.(Ah)|Dischar. Cap.(Ah),CurCycle|TotCycle present; stage-relative physical meaning is not accompanied by threshold-reference provenance,,,invalid_protocol,NOT_VERIFIABLE,/Users/wanghaoming/Public/SOC电池数据中心/SOC电池数据中心/Battery raw data/After SOH80 Data/43. CYCLE_after_SOH80_60°C #7.csv|/Users/wanghaoming/Public/SOC电池数据中心/SOC电池数据中心/Battery raw data/2nd_lifetime.xlsx,No observed/right/left label may be emitted; continuous cycle capacity cannot substitute for the defined SOH60 checkpoint without protocol evidence.,Provide authoritative second-stage protocol and exact capacity-reference/checkpoint mapping; then re-audit adjacent above/below observations.
用户风险接受的候选数据审计,44,soh100_to_80,NOT_VERIFIABLE: no authoritative per-cell SOH80 capacity-reference field in raw CSV headers,Capacity(Ah)|Capa. Sum(Ah)|Char. Cap.(Ah)|Dischar. Cap.(Ah),CurCycle|TotCycle present inside tester files; RPT filename index is not a physical aging-cycle field,,,invalid_protocol,NOT_VERIFIABLE,/Users/wanghaoming/Public/SOC电池数据中心/SOC电池数据中心/Battery raw data/RPT Data/44. 60°C #8/0.csv|/Users/wanghaoming/Public/SOC电池数据中心/SOC电池数据中心/Battery raw data/RPT Data/44. 60°C #8/1.csv|/Users/wanghaoming/Public/SOC电池数据中心/SOC电池数据中心/Battery raw data/RPT Data/44. 60°C #8/2.csv|/Users/wanghaoming/Public/SOC电池数据中心/SOC电池数据中心/Battery raw data/RPT Data/44. 60°C #8/3.csv|/Users/wanghaoming/Public/SOC电池数据中心/SOC电池数据中心/Battery raw data/RPT Data/44. 60°C #8/4.csv|/Users/wanghaoming/Public/SOC电池数据中心/SOC电池数据中心/Battery raw data/RPT Data/44. 60°C #8/5.csv|/Users/wanghaoming/Public/SOC电池数据中心/SOC电池数据中心/Battery raw data/0.033C RPT Data/44. 60°C #8.csv|/Users/wanghaoming/Public/SOC电池数据中心/SOC电池数据中心/Battery raw data/Cycle Data/44. 60°C #8/1. CYC1-50_1C @60°C.csv|/Users/wanghaoming/Public/SOC电池数据中心/SOC电池数据中心/Battery raw data/Cycle Data/44. 60°C #8/2. CYC51-100_1C @60°C.csv|/Users/wanghaoming/Public/SOC电池数据中心/SOC电池数据中心/Battery raw data/Cycle Data/44. 60°C #8/3. CYC101-150_1C @60°C.csv|/Users/wanghaoming/Public/SOC电池数据中心/SOC电池数据中心/Battery raw data/Cycle Data/44. 60°C #8/4. CYC151-200_1C @60°C.csv|/Users/wanghaoming/Public/SOC电池数据中心/SOC电池数据中心/Battery raw data/Cycle Data/44. 60°C #8/5. CYC201-260_1C @60°C.csv,No observed/right/left label may be emitted; RPT-to-physical-cycle alignment and threshold reference are unproven.,Provide authoritative protocol evidence binding each RPT to physical aging cycle and defining SOH80 reference/capacity step.
用户风险接受的候选数据审计,44,soh80_to_60,NOT_VERIFIABLE: no authoritative SOH60 capacity-reference/standardized checkpoint field in After-SOH80 raw CSV headers,Capacity(Ah)|Capa. Sum(Ah)|Char. Cap.(Ah)|Dischar. Cap.(Ah),CurCycle|TotCycle present; stage-relative physical meaning is not accompanied by threshold-reference provenance,,,invalid_protocol,NOT_VERIFIABLE,/Users/wanghaoming/Public/SOC电池数据中心/SOC电池数据中心/Battery raw data/After SOH80 Data/44. CYCLE_after_SOH80_60°C #8.csv|/Users/wanghaoming/Public/SOC电池数据中心/SOC电池数据中心/Battery raw data/2nd_lifetime.xlsx,No observed/right/left label may be emitted; continuous cycle capacity cannot substitute for the defined SOH60 checkpoint without protocol evidence.,Provide authoritative second-stage protocol and exact capacity-reference/checkpoint mapping; then re-audit adjacent above/below observations.
用户风险接受的候选数据审计,45,soh100_to_80,NOT_VERIFIABLE: no authoritative per-cell SOH80 capacity-reference field in raw CSV headers,Capacity(Ah)|Capa. Sum(Ah)|Char. Cap.(Ah)|Dischar. Cap.(Ah),CurCycle|TotCycle present inside tester files; RPT filename index is not a physical aging-cycle field,,,invalid_protocol,NOT_VERIFIABLE,/Users/wanghaoming/Public/SOC电池数据中心/SOC电池数据中心/Battery raw data/RPT Data/45. 60°C #9/0.csv|/Users/wanghaoming/Public/SOC电池数据中心/SOC电池数据中心/Battery raw data/RPT Data/45. 60°C #9/1.csv|/Users/wanghaoming/Public/SOC电池数据中心/SOC电池数据中心/Battery raw data/RPT Data/45. 60°C #9/2.csv|/Users/wanghaoming/Public/SOC电池数据中心/SOC电池数据中心/Battery raw data/RPT Data/45. 60°C #9/3.csv|/Users/wanghaoming/Public/SOC电池数据中心/SOC电池数据中心/Battery raw data/RPT Data/45. 60°C #9/4.csv|/Users/wanghaoming/Public/SOC电池数据中心/SOC电池数据中心/Battery raw data/RPT Data/45. 60°C #9/5.csv|/Users/wanghaoming/Public/SOC电池数据中心/SOC电池数据中心/Battery raw data/0.033C RPT Data/45. 60°C #9.csv|/Users/wanghaoming/Public/SOC电池数据中心/SOC电池数据中心/Battery raw data/Cycle Data/45. 60°C #9/1. CYC1-50_3C @60°C.csv|/Users/wanghaoming/Public/SOC电池数据中心/SOC电池数据中心/Battery raw data/Cycle Data/45. 60°C #9/2. CYC51-100_3C @60°C.csv|/Users/wanghaoming/Public/SOC电池数据中心/SOC电池数据中心/Battery raw data/Cycle Data/45. 60°C #9/3. CYC101-150_3C @60°C.csv|/Users/wanghaoming/Public/SOC电池数据中心/SOC电池数据中心/Battery raw data/Cycle Data/45. 60°C #9/4. CYC151-200_3C @60°C.csv|/Users/wanghaoming/Public/SOC电池数据中心/SOC电池数据中心/Battery raw data/Cycle Data/45. 60°C #9/5. CYC201-250_3C @60°C.csv,No observed/right/left label may be emitted; RPT-to-physical-cycle alignment and threshold reference are unproven.,Provide authoritative protocol evidence binding each RPT to physical aging cycle and defining SOH80 reference/capacity step.
用户风险接受的候选数据审计,45,soh80_to_60,NOT_VERIFIABLE: no authoritative SOH60 capacity-reference/standardized checkpoint field in After-SOH80 raw CSV headers,Capacity(Ah)|Capa. Sum(Ah)|Char. Cap.(Ah)|Dischar. Cap.(Ah),CurCycle|TotCycle present; stage-relative physical meaning is not accompanied by threshold-reference provenance,,,invalid_protocol,NOT_VERIFIABLE,/Users/wanghaoming/Public/SOC电池数据中心/SOC电池数据中心/Battery raw data/After SOH80 Data/45. CYCLE_after_SOH80_60°C #9.csv|/Users/wanghaoming/Public/SOC电池数据中心/SOC电池数据中心/Battery raw data/2nd_lifetime.xlsx,No observed/right/left label may be emitted; continuous cycle capacity cannot substitute for the defined SOH60 checkpoint without protocol evidence.,Provide authoritative second-stage protocol and exact capacity-reference/checkpoint mapping; then re-audit adjacent above/below observations.
用户风险接受的候选数据审计,46,soh100_to_80,NOT_VERIFIABLE: no authoritative per-cell SOH80 capacity-reference field in raw CSV headers,Capacity(Ah)|Capa. Sum(Ah)|Char. Cap.(Ah)|Dischar. Cap.(Ah),CurCycle|TotCycle present inside tester files; RPT filename index is not a physical aging-cycle field,,,invalid_protocol,NOT_VERIFIABLE,/Users/wanghaoming/Public/SOC电池数据中心/SOC电池数据中心/Battery raw data/RPT Data/46. 60°C #10/0.csv|/Users/wanghaoming/Public/SOC电池数据中心/SOC电池数据中心/Battery raw data/RPT Data/46. 60°C #10/1.csv|/Users/wanghaoming/Public/SOC电池数据中心/SOC电池数据中心/Battery raw data/RPT Data/46. 60°C #10/2.csv|/Users/wanghaoming/Public/SOC电池数据中心/SOC电池数据中心/Battery raw data/RPT Data/46. 60°C #10/3.csv|/Users/wanghaoming/Public/SOC电池数据中心/SOC电池数据中心/Battery raw data/RPT Data/46. 60°C #10/4.csv|/Users/wanghaoming/Public/SOC电池数据中心/SOC电池数据中心/Battery raw data/RPT Data/46. 60°C #10/5.csv|/Users/wanghaoming/Public/SOC电池数据中心/SOC电池数据中心/Battery raw data/0.033C RPT Data/46. 60°C #10.csv|/Users/wanghaoming/Public/SOC电池数据中心/SOC电池数据中心/Battery raw data/Cycle Data/46. 60°C #10/1. CYC1-50_3C @60°C.csv|/Users/wanghaoming/Public/SOC电池数据中心/SOC电池数据中心/Battery raw data/Cycle Data/46. 60°C #10/2. CYC51-100_3C @60°C.csv|/Users/wanghaoming/Public/SOC电池数据中心/SOC电池数据中心/Battery raw data/Cycle Data/46. 60°C #10/3. CYC101-150_3C @60°C.csv|/Users/wanghaoming/Public/SOC电池数据中心/SOC电池数据中心/Battery raw data/Cycle Data/46. 60°C #10/4. CYC151-200_3C @60°C.csv|/Users/wanghaoming/Public/SOC电池数据中心/SOC电池数据中心/Battery raw data/Cycle Data/46. 60°C #10/5. CYC201-250_3C @60°C.csv,No observed/right/left label may be emitted; RPT-to-physical-cycle alignment and threshold reference are unproven.,Provide authoritative protocol evidence binding each RPT to physical aging cycle and defining SOH80 reference/capacity step.
用户风险接受的候选数据审计,46,soh80_to_60,NOT_VERIFIABLE: no authoritative SOH60 capacity-reference/standardized checkpoint field in After-SOH80 raw CSV headers,Capacity(Ah)|Capa. Sum(Ah)|Char. Cap.(Ah)|Dischar. Cap.(Ah),CurCycle|TotCycle present; stage-relative physical meaning is not accompanied by threshold-reference provenance,,,invalid_protocol,NOT_VERIFIABLE,/Users/wanghaoming/Public/SOC电池数据中心/SOC电池数据中心/Battery raw data/After SOH80 Data/46. CYCLE_after_SOH80_60°C #10.csv|/Users/wanghaoming/Public/SOC电池数据中心/SOC电池数据中心/Battery raw data/2nd_lifetime.xlsx,No observed/right/left label may be emitted; continuous cycle capacity cannot substitute for the defined SOH60 checkpoint without protocol evidence.,Provide authoritative second-stage protocol and exact capacity-reference/checkpoint mapping; then re-audit adjacent above/below observations.
用户风险接受的候选数据审计,47,soh100_to_80,NOT_VERIFIABLE: no authoritative per-cell SOH80 capacity-reference field in raw CSV headers,Capacity(Ah)|Capa. Sum(Ah)|Char. Cap.(Ah)|Dischar. Cap.(Ah),CurCycle|TotCycle present inside tester files; RPT filename index is not a physical aging-cycle field,,,invalid_protocol,NOT_VERIFIABLE,/Users/wanghaoming/Public/SOC电池数据中心/SOC电池数据中心/Battery raw data/RPT Data/47. 60°C #11/0.csv|/Users/wanghaoming/Public/SOC电池数据中心/SOC电池数据中心/Battery raw data/RPT Data/47. 60°C #11/1.csv|/Users/wanghaoming/Public/SOC电池数据中心/SOC电池数据中心/Battery raw data/RPT Data/47. 60°C #11/2.csv|/Users/wanghaoming/Public/SOC电池数据中心/SOC电池数据中心/Battery raw data/RPT Data/47. 60°C #11/3.csv|/Users/wanghaoming/Public/SOC电池数据中心/SOC电池数据中心/Battery raw data/RPT Data/47. 60°C #11/4.csv|/Users/wanghaoming/Public/SOC电池数据中心/SOC电池数据中心/Battery raw data/RPT Data/47. 60°C #11/5.csv|/Users/wanghaoming/Public/SOC电池数据中心/SOC电池数据中心/Battery raw data/0.033C RPT Data/47. 60°C #11.csv|/Users/wanghaoming/Public/SOC电池数据中心/SOC电池数据中心/Battery raw data/Cycle Data/47. 60°C #11/1. CYC1-50_3C @60°C.csv|/Users/wanghaoming/Public/SOC电池数据中心/SOC电池数据中心/Battery raw data/Cycle Data/47. 60°C #11/2. CYC51-100_3C @60°C.csv|/Users/wanghaoming/Public/SOC电池数据中心/SOC电池数据中心/Battery raw data/Cycle Data/47. 60°C #11/3. CYC101-150_3C @60°C.csv|/Users/wanghaoming/Public/SOC电池数据中心/SOC电池数据中心/Battery raw data/Cycle Data/47. 60°C #11/4. CYC151-200_3C @60°C.csv|/Users/wanghaoming/Public/SOC电池数据中心/SOC电池数据中心/Battery raw data/Cycle Data/47. 60°C #11/5. CYC201-250_3C @60°C.csv,No observed/right/left label may be emitted; RPT-to-physical-cycle alignment and threshold reference are unproven.,Provide authoritative protocol evidence binding each RPT to physical aging cycle and defining SOH80 reference/capacity step.
用户风险接受的候选数据审计,47,soh80_to_60,NOT_VERIFIABLE: no authoritative SOH60 capacity-reference/standardized checkpoint field in After-SOH80 raw CSV headers,Capacity(Ah)|Capa. Sum(Ah)|Char. Cap.(Ah)|Dischar. Cap.(Ah),CurCycle|TotCycle present; stage-relative physical meaning is not accompanied by threshold-reference provenance,,,invalid_protocol,NOT_VERIFIABLE,/Users/wanghaoming/Public/SOC电池数据中心/SOC电池数据中心/Battery raw data/After SOH80 Data/47. CYCLE_after_SOH80_60°C #11.csv|/Users/wanghaoming/Public/SOC电池数据中心/SOC电池数据中心/Battery raw data/2nd_lifetime.xlsx,No observed/right/left label may be emitted; continuous cycle capacity cannot substitute for the defined SOH60 checkpoint without protocol evidence.,Provide authoritative second-stage protocol and exact capacity-reference/checkpoint mapping; then re-audit adjacent above/below observations.
用户风险接受的候选数据审计,48,soh100_to_80,NOT_VERIFIABLE: no authoritative per-cell SOH80 capacity-reference field in raw CSV headers,Capacity(Ah)|Capa. Sum(Ah)|Char. Cap.(Ah)|Dischar. Cap.(Ah),CurCycle|TotCycle present inside tester files; RPT filename index is not a physical aging-cycle field,,,invalid_protocol,NOT_VERIFIABLE,/Users/wanghaoming/Public/SOC电池数据中心/SOC电池数据中心/Battery raw data/RPT Data/48. 60°C #12/0.csv|/Users/wanghaoming/Public/SOC电池数据中心/SOC电池数据中心/Battery raw data/RPT Data/48. 60°C #12/1.csv|/Users/wanghaoming/Public/SOC电池数据中心/SOC电池数据中心/Battery raw data/RPT Data/48. 60°C #12/2.csv|/Users/wanghaoming/Public/SOC电池数据中心/SOC电池数据中心/Battery raw data/RPT Data/48. 60°C #12/3.csv|/Users/wanghaoming/Public/SOC电池数据中心/SOC电池数据中心/Battery raw data/RPT Data/48. 60°C #12/4.csv|/Users/wanghaoming/Public/SOC电池数据中心/SOC电池数据中心/Battery raw data/RPT Data/48. 60°C #12/5.csv|/Users/wanghaoming/Public/SOC电池数据中心/SOC电池数据中心/Battery raw data/0.033C RPT Data/48. 60°C #12.csv|/Users/wanghaoming/Public/SOC电池数据中心/SOC电池数据中心/Battery raw data/Cycle Data/48. 60°C #12/1. CYC1-50_3C @60°C.csv|/Users/wanghaoming/Public/SOC电池数据中心/SOC电池数据中心/Battery raw data/Cycle Data/48. 60°C #12/2. CYC51-100_3C @60°C.csv|/Users/wanghaoming/Public/SOC电池数据中心/SOC电池数据中心/Battery raw data/Cycle Data/48. 60°C #12/3. CYC101-150_3C @60°C.csv|/Users/wanghaoming/Public/SOC电池数据中心/SOC电池数据中心/Battery raw data/Cycle Data/48. 60°C #12/4. CYC151-200_3C @60°C.csv|/Users/wanghaoming/Public/SOC电池数据中心/SOC电池数据中心/Battery raw data/Cycle Data/48. 60°C #12/5. CYC201-250_3C @60°C.csv,No observed/right/left label may be emitted; RPT-to-physical-cycle alignment and threshold reference are unproven.,Provide authoritative protocol evidence binding each RPT to physical aging cycle and defining SOH80 reference/capacity step.
用户风险接受的候选数据审计,48,soh80_to_60,NOT_VERIFIABLE: no authoritative SOH60 capacity-reference/standardized checkpoint field in After-SOH80 raw CSV headers,Capacity(Ah)|Capa. Sum(Ah)|Char. Cap.(Ah)|Dischar. Cap.(Ah),CurCycle|TotCycle present; stage-relative physical meaning is not accompanied by threshold-reference provenance,,,invalid_protocol,NOT_VERIFIABLE,/Users/wanghaoming/Public/SOC电池数据中心/SOC电池数据中心/Battery raw data/After SOH80 Data/48. CYCLE_after_SOH80_60°C #12.csv|/Users/wanghaoming/Public/SOC电池数据中心/SOC电池数据中心/Battery raw data/2nd_lifetime.xlsx,No observed/right/left label may be emitted; continuous cycle capacity cannot substitute for the defined SOH60 checkpoint without protocol evidence.,Provide authoritative second-stage protocol and exact capacity-reference/checkpoint mapping; then re-audit adjacent above/below observations.
用户风险接受的候选数据审计,49,soh100_to_80,NOT_VERIFIABLE: no authoritative per-cell SOH80 capacity-reference field in raw CSV headers,Capacity(Ah)|Capa. Sum(Ah)|Char. Cap.(Ah)|Dischar. Cap.(Ah),CurCycle|TotCycle present inside tester files; RPT filename index is not a physical aging-cycle field,,,invalid_protocol,NOT_VERIFIABLE,/Users/wanghaoming/Public/SOC电池数据中心/SOC电池数据中心/Battery raw data/RPT Data/49. LOW C@ 10°C #1/0.csv|/Users/wanghaoming/Public/SOC电池数据中心/SOC电池数据中心/Battery raw data/RPT Data/49. LOW C@ 10°C #1/1.csv|/Users/wanghaoming/Public/SOC电池数据中心/SOC电池数据中心/Battery raw data/RPT Data/49. LOW C@ 10°C #1/2.csv|/Users/wanghaoming/Public/SOC电池数据中心/SOC电池数据中心/Battery raw data/RPT Data/49. LOW C@ 10°C #1/3.csv|/Users/wanghaoming/Public/SOC电池数据中心/SOC电池数据中心/Battery raw data/RPT Data/49. LOW C@ 10°C #1/4.csv|/Users/wanghaoming/Public/SOC电池数据中心/SOC电池数据中心/Battery raw data/0.033C RPT Data/49. LOW C@ 10°C #1.csv|/Users/wanghaoming/Public/SOC电池数据中心/SOC电池数据中心/Battery raw data/Cycle Data/49. LOW C@ 10°C #1/1. CYC1-50_0.5C @10°C.csv|/Users/wanghaoming/Public/SOC电池数据中心/SOC电池数据中心/Battery raw data/Cycle Data/49. LOW C@ 10°C #1/2. CYC51-100_0.5C @10°C.csv|/Users/wanghaoming/Public/SOC电池数据中心/SOC电池数据中心/Battery raw data/Cycle Data/49. LOW C@ 10°C #1/3. CYC101-150_0.5C @10°C.csv|/Users/wanghaoming/Public/SOC电池数据中心/SOC电池数据中心/Battery raw data/Cycle Data/49. LOW C@ 10°C #1/4. CYC151-210_0.5C @10°C.csv,No observed/right/left label may be emitted; RPT-to-physical-cycle alignment and threshold reference are unproven.,Provide authoritative protocol evidence binding each RPT to physical aging cycle and defining SOH80 reference/capacity step.
用户风险接受的候选数据审计,49,soh80_to_60,NOT_VERIFIABLE: no authoritative SOH60 capacity-reference/standardized checkpoint field in After-SOH80 raw CSV headers,Capacity(Ah)|Capa. Sum(Ah)|Char. Cap.(Ah)|Dischar. Cap.(Ah),CurCycle|TotCycle present; stage-relative physical meaning is not accompanied by threshold-reference provenance,,,invalid_protocol,NOT_VERIFIABLE,/Users/wanghaoming/Public/SOC电池数据中心/SOC电池数据中心/Battery raw data/After SOH80 Data/49. CYCLE_after_SOH80_LOW C@ 10°C #1.csv|/Users/wanghaoming/Public/SOC电池数据中心/SOC电池数据中心/Battery raw data/2nd_lifetime.xlsx,No observed/right/left label may be emitted; continuous cycle capacity cannot substitute for the defined SOH60 checkpoint without protocol evidence.,Provide authoritative second-stage protocol and exact capacity-reference/checkpoint mapping; then re-audit adjacent above/below observations.
用户风险接受的候选数据审计,50,soh100_to_80,NOT_VERIFIABLE: no authoritative per-cell SOH80 capacity-reference field in raw CSV headers,Capacity(Ah)|Capa. Sum(Ah)|Char. Cap.(Ah)|Dischar. Cap.(Ah),CurCycle|TotCycle present inside tester files; RPT filename index is not a physical aging-cycle field,,,invalid_protocol,NOT_VERIFIABLE,/Users/wanghaoming/Public/SOC电池数据中心/SOC电池数据中心/Battery raw data/RPT Data/50. LOW C@ 10°C #2/0.csv|/Users/wanghaoming/Public/SOC电池数据中心/SOC电池数据中心/Battery raw data/RPT Data/50. LOW C@ 10°C #2/1.csv|/Users/wanghaoming/Public/SOC电池数据中心/SOC电池数据中心/Battery raw data/RPT Data/50. LOW C@ 10°C #2/2.csv|/Users/wanghaoming/Public/SOC电池数据中心/SOC电池数据中心/Battery raw data/RPT Data/50. LOW C@ 10°C #2/3.csv|/Users/wanghaoming/Public/SOC电池数据中心/SOC电池数据中心/Battery raw data/RPT Data/50. LOW C@ 10°C #2/4.csv|/Users/wanghaoming/Public/SOC电池数据中心/SOC电池数据中心/Battery raw data/0.033C RPT Data/50. LOW C@ 10°C #2.csv|/Users/wanghaoming/Public/SOC电池数据中心/SOC电池数据中心/Battery raw data/Cycle Data/50. LOW C@ 10°C #2/1. CYC1-50_0.5C @10°C.csv|/Users/wanghaoming/Public/SOC电池数据中心/SOC电池数据中心/Battery raw data/Cycle Data/50. LOW C@ 10°C #2/2. CYC51-100_0.5C @10°C.csv|/Users/wanghaoming/Public/SOC电池数据中心/SOC电池数据中心/Battery raw data/Cycle Data/50. LOW C@ 10°C #2/3. CYC101-150_0.5C @10°C.csv|/Users/wanghaoming/Public/SOC电池数据中心/SOC电池数据中心/Battery raw data/Cycle Data/50. LOW C@ 10°C #2/4. CYC151-210_0.5C @10°C.csv,No observed/right/left label may be emitted; RPT-to-physical-cycle alignment and threshold reference are unproven.,Provide authoritative protocol evidence binding each RPT to physical aging cycle and defining SOH80 reference/capacity step.
用户风险接受的候选数据审计,50,soh80_to_60,NOT_VERIFIABLE: no authoritative SOH60 capacity-reference/standardized checkpoint field in After-SOH80 raw CSV headers,Capacity(Ah)|Capa. Sum(Ah)|Char. Cap.(Ah)|Dischar. Cap.(Ah),CurCycle|TotCycle present; stage-relative physical meaning is not accompanied by threshold-reference provenance,,,invalid_protocol,NOT_VERIFIABLE,/Users/wanghaoming/Public/SOC电池数据中心/SOC电池数据中心/Battery raw data/After SOH80 Data/50. CYCLE_after_SOH80_LOW C@ 10°C #2.csv|/Users/wanghaoming/Public/SOC电池数据中心/SOC电池数据中心/Battery raw data/2nd_lifetime.xlsx,No observed/right/left label may be emitted; continuous cycle capacity cannot substitute for the defined SOH60 checkpoint without protocol evidence.,Provide authoritative second-stage protocol and exact capacity-reference/checkpoint mapping; then re-audit adjacent above/below observations.
用户风险接受的候选数据审计,51,soh100_to_80,NOT_VERIFIABLE: no authoritative per-cell SOH80 capacity-reference field in raw CSV headers,Capacity(Ah)|Capa. Sum(Ah)|Char. Cap.(Ah)|Dischar. Cap.(Ah),CurCycle|TotCycle present inside tester files; RPT filename index is not a physical aging-cycle field,,,invalid_protocol,NOT_VERIFIABLE,/Users/wanghaoming/Public/SOC电池数据中心/SOC电池数据中心/Battery raw data/RPT Data/51. LOW C@ 10°C #3/0.csv|/Users/wanghaoming/Public/SOC电池数据中心/SOC电池数据中心/Battery raw data/RPT Data/51. LOW C@ 10°C #3/1.csv|/Users/wanghaoming/Public/SOC电池数据中心/SOC电池数据中心/Battery raw data/RPT Data/51. LOW C@ 10°C #3/2.csv|/Users/wanghaoming/Public/SOC电池数据中心/SOC电池数据中心/Battery raw data/RPT Data/51. LOW C@ 10°C #3/3.csv|/Users/wanghaoming/Public/SOC电池数据中心/SOC电池数据中心/Battery raw data/RPT Data/51. LOW C@ 10°C #3/4.csv|/Users/wanghaoming/Public/SOC电池数据中心/SOC电池数据中心/Battery raw data/0.033C RPT Data/51. LOW C@ 10°C #3.csv|/Users/wanghaoming/Public/SOC电池数据中心/SOC电池数据中心/Battery raw data/Cycle Data/51. LOW C@ 10°C #3/1. CYC1-50_0.5C @10°C.csv|/Users/wanghaoming/Public/SOC电池数据中心/SOC电池数据中心/Battery raw data/Cycle Data/51. LOW C@ 10°C #3/2. CYC51-100_0.5C @10°C.csv|/Users/wanghaoming/Public/SOC电池数据中心/SOC电池数据中心/Battery raw data/Cycle Data/51. LOW C@ 10°C #3/3. CYC101-150_0.5C @10°C.csv|/Users/wanghaoming/Public/SOC电池数据中心/SOC电池数据中心/Battery raw data/Cycle Data/51. LOW C@ 10°C #3/4. CYC151-210_0.5C @10°C.csv,No observed/right/left label may be emitted; RPT-to-physical-cycle alignment and threshold reference are unproven.,Provide authoritative protocol evidence binding each RPT to physical aging cycle and defining SOH80 reference/capacity step.
用户风险接受的候选数据审计,51,soh80_to_60,NOT_VERIFIABLE: no authoritative SOH60 capacity-reference/standardized checkpoint field in After-SOH80 raw CSV headers,Capacity(Ah)|Capa. Sum(Ah)|Char. Cap.(Ah)|Dischar. Cap.(Ah),CurCycle|TotCycle present; stage-relative physical meaning is not accompanied by threshold-reference provenance,,,invalid_protocol,NOT_VERIFIABLE,/Users/wanghaoming/Public/SOC电池数据中心/SOC电池数据中心/Battery raw data/After SOH80 Data/51. CYCLE_after_SOH80_LOW C@ 10°C #3.csv|/Users/wanghaoming/Public/SOC电池数据中心/SOC电池数据中心/Battery raw data/2nd_lifetime.xlsx,No observed/right/left label may be emitted; continuous cycle capacity cannot substitute for the defined SOH60 checkpoint without protocol evidence.,Provide authoritative second-stage protocol and exact capacity-reference/checkpoint mapping; then re-audit adjacent above/below observations.
用户风险接受的候选数据审计,52,soh100_to_80,NOT_VERIFIABLE: no authoritative per-cell SOH80 capacity-reference field in raw CSV headers,Capacity(Ah)|Capa. Sum(Ah)|Char. Cap.(Ah)|Dischar. Cap.(Ah),CurCycle|TotCycle present inside tester files; RPT filename index is not a physical aging-cycle field,,,invalid_protocol,NOT_VERIFIABLE,/Users/wanghaoming/Public/SOC电池数据中心/SOC电池数据中心/Battery raw data/RPT Data/52. LOW C@ 10°C #4/0.csv|/Users/wanghaoming/Public/SOC电池数据中心/SOC电池数据中心/Battery raw data/RPT Data/52. LOW C@ 10°C #4/1.csv|/Users/wanghaoming/Public/SOC电池数据中心/SOC电池数据中心/Battery raw data/RPT Data/52. LOW C@ 10°C #4/2.csv|/Users/wanghaoming/Public/SOC电池数据中心/SOC电池数据中心/Battery raw data/RPT Data/52. LOW C@ 10°C #4/3.csv|/Users/wanghaoming/Public/SOC电池数据中心/SOC电池数据中心/Battery raw data/RPT Data/52. LOW C@ 10°C #4/4.csv|/Users/wanghaoming/Public/SOC电池数据中心/SOC电池数据中心/Battery raw data/0.033C RPT Data/52. LOW C@ 10°C #4.csv|/Users/wanghaoming/Public/SOC电池数据中心/SOC电池数据中心/Battery raw data/Cycle Data/52. LOW C@ 10°C #4/1. CYC1-50_0.5C @10°C.csv|/Users/wanghaoming/Public/SOC电池数据中心/SOC电池数据中心/Battery raw data/Cycle Data/52. LOW C@ 10°C #4/2. CYC51-100_0.5C @10°C.csv|/Users/wanghaoming/Public/SOC电池数据中心/SOC电池数据中心/Battery raw data/Cycle Data/52. LOW C@ 10°C #4/3. CYC101-150_0.5C @10°C.csv|/Users/wanghaoming/Public/SOC电池数据中心/SOC电池数据中心/Battery raw data/Cycle Data/52. LOW C@ 10°C #4/4. CYC151-210_0.5C @10°C.csv,No observed/right/left label may be emitted; RPT-to-physical-cycle alignment and threshold reference are unproven.,Provide authoritative protocol evidence binding each RPT to physical aging cycle and defining SOH80 reference/capacity step.
用户风险接受的候选数据审计,52,soh80_to_60,NOT_VERIFIABLE: no authoritative SOH60 capacity-reference/standardized checkpoint field in After-SOH80 raw CSV headers,Capacity(Ah)|Capa. Sum(Ah)|Char. Cap.(Ah)|Dischar. Cap.(Ah),CurCycle|TotCycle present; stage-relative physical meaning is not accompanied by threshold-reference provenance,,,invalid_protocol,NOT_VERIFIABLE,/Users/wanghaoming/Public/SOC电池数据中心/SOC电池数据中心/Battery raw data/After SOH80 Data/52. CYCLE_after_SOH80_LOW C@ 10°C #4.csv|/Users/wanghaoming/Public/SOC电池数据中心/SOC电池数据中心/Battery raw data/2nd_lifetime.xlsx,No observed/right/left label may be emitted; continuous cycle capacity cannot substitute for the defined SOH60 checkpoint without protocol evidence.,Provide authoritative second-stage protocol and exact capacity-reference/checkpoint mapping; then re-audit adjacent above/below observations.
用户风险接受的候选数据审计,53,soh100_to_80,NOT_VERIFIABLE: no authoritative per-cell SOH80 capacity-reference field in raw CSV headers,Capacity(Ah)|Capa. Sum(Ah)|Char. Cap.(Ah)|Dischar. Cap.(Ah),CurCycle|TotCycle present inside tester files; RPT filename index is not a physical aging-cycle field,,,invalid_protocol,NOT_VERIFIABLE,/Users/wanghaoming/Public/SOC电池数据中心/SOC电池数据中心/Battery raw data/RPT Data/53. LOW C@ 10°C #5/0.csv|/Users/wanghaoming/Public/SOC电池数据中心/SOC电池数据中心/Battery raw data/RPT Data/53. LOW C@ 10°C #5/1.csv|/Users/wanghaoming/Public/SOC电池数据中心/SOC电池数据中心/Battery raw data/RPT Data/53. LOW C@ 10°C #5/2.csv|/Users/wanghaoming/Public/SOC电池数据中心/SOC电池数据中心/Battery raw data/RPT Data/53. LOW C@ 10°C #5/3.csv|/Users/wanghaoming/Public/SOC电池数据中心/SOC电池数据中心/Battery raw data/RPT Data/53. LOW C@ 10°C #5/4.csv|/Users/wanghaoming/Public/SOC电池数据中心/SOC电池数据中心/Battery raw data/0.033C RPT Data/53. LOW C@ 10°C #5.csv|/Users/wanghaoming/Public/SOC电池数据中心/SOC电池数据中心/Battery raw data/Cycle Data/53. LOW C@ 10°C #5/1. CYC1-50_1C @10°C.csv|/Users/wanghaoming/Public/SOC电池数据中心/SOC电池数据中心/Battery raw data/Cycle Data/53. LOW C@ 10°C #5/2. CYC51-100_1C @10°C.csv|/Users/wanghaoming/Public/SOC电池数据中心/SOC电池数据中心/Battery raw data/Cycle Data/53. LOW C@ 10°C #5/3. CYC101-150_1C @10°C.csv|/Users/wanghaoming/Public/SOC电池数据中心/SOC电池数据中心/Battery raw data/Cycle Data/53. LOW C@ 10°C #5/4. CYC151-200_1C @10°C.csv,No observed/right/left label may be emitted; RPT-to-physical-cycle alignment and threshold reference are unproven.,Provide authoritative protocol evidence binding each RPT to physical aging cycle and defining SOH80 reference/capacity step.
用户风险接受的候选数据审计,53,soh80_to_60,NOT_VERIFIABLE: no authoritative SOH60 capacity-reference/standardized checkpoint field in After-SOH80 raw CSV headers,Capacity(Ah)|Capa. Sum(Ah)|Char. Cap.(Ah)|Dischar. Cap.(Ah),CurCycle|TotCycle present; stage-relative physical meaning is not accompanied by threshold-reference provenance,,,invalid_protocol,NOT_VERIFIABLE,/Users/wanghaoming/Public/SOC电池数据中心/SOC电池数据中心/Battery raw data/After SOH80 Data/53. CYCLE_after_SOH80_LOW C@ 10°C #5.csv|/Users/wanghaoming/Public/SOC电池数据中心/SOC电池数据中心/Battery raw data/2nd_lifetime.xlsx,No observed/right/left label may be emitted; continuous cycle capacity cannot substitute for the defined SOH60 checkpoint without protocol evidence.,Provide authoritative second-stage protocol and exact capacity-reference/checkpoint mapping; then re-audit adjacent above/below observations.
用户风险接受的候选数据审计,54,soh100_to_80,NOT_VERIFIABLE: no authoritative per-cell SOH80 capacity-reference field in raw CSV headers,Capacity(Ah)|Capa. Sum(Ah)|Char. Cap.(Ah)|Dischar. Cap.(Ah),CurCycle|TotCycle present inside tester files; RPT filename index is not a physical aging-cycle field,,,invalid_protocol,NOT_VERIFIABLE,/Users/wanghaoming/Public/SOC电池数据中心/SOC电池数据中心/Battery raw data/RPT Data/54. LOW C@ 10°C #6/0.csv|/Users/wanghaoming/Public/SOC电池数据中心/SOC电池数据中心/Battery raw data/RPT Data/54. LOW C@ 10°C #6/1.csv|/Users/wanghaoming/Public/SOC电池数据中心/SOC电池数据中心/Battery raw data/RPT Data/54. LOW C@ 10°C #6/2.csv|/Users/wanghaoming/Public/SOC电池数据中心/SOC电池数据中心/Battery raw data/RPT Data/54. LOW C@ 10°C #6/3.csv|/Users/wanghaoming/Public/SOC电池数据中心/SOC电池数据中心/Battery raw data/RPT Data/54. LOW C@ 10°C #6/4.csv|/Users/wanghaoming/Public/SOC电池数据中心/SOC电池数据中心/Battery raw data/0.033C RPT Data/54. LOW C@ 10°C #6.csv|/Users/wanghaoming/Public/SOC电池数据中心/SOC电池数据中心/Battery raw data/Cycle Data/54. LOW C@ 10°C #6/1. CYC1-50_1C @10°C.csv|/Users/wanghaoming/Public/SOC电池数据中心/SOC电池数据中心/Battery raw data/Cycle Data/54. LOW C@ 10°C #6/2. CYC51-100_1C @10°C.csv|/Users/wanghaoming/Public/SOC电池数据中心/SOC电池数据中心/Battery raw data/Cycle Data/54. LOW C@ 10°C #6/3. CYC101-150_1C @10°C.csv|/Users/wanghaoming/Public/SOC电池数据中心/SOC电池数据中心/Battery raw data/Cycle Data/54. LOW C@ 10°C #6/4. CYC151-200_1C @10°C.csv,No observed/right/left label may be emitted; RPT-to-physical-cycle alignment and threshold reference are unproven.,Provide authoritative protocol evidence binding each RPT to physical aging cycle and defining SOH80 reference/capacity step.
用户风险接受的候选数据审计,54,soh80_to_60,NOT_VERIFIABLE: no authoritative SOH60 capacity-reference/standardized checkpoint field in After-SOH80 raw CSV headers,Capacity(Ah)|Capa. Sum(Ah)|Char. Cap.(Ah)|Dischar. Cap.(Ah),CurCycle|TotCycle present; stage-relative physical meaning is not accompanied by threshold-reference provenance,,,invalid_protocol,NOT_VERIFIABLE,/Users/wanghaoming/Public/SOC电池数据中心/SOC电池数据中心/Battery raw data/After SOH80 Data/54. CYCLE_after_SOH80_LOW C@ 10°C #6.csv|/Users/wanghaoming/Public/SOC电池数据中心/SOC电池数据中心/Battery raw data/2nd_lifetime.xlsx,No observed/right/left label may be emitted; continuous cycle capacity cannot substitute for the defined SOH60 checkpoint without protocol evidence.,Provide authoritative second-stage protocol and exact capacity-reference/checkpoint mapping; then re-audit adjacent above/below observations.
用户风险接受的候选数据审计,55,soh100_to_80,NOT_VERIFIABLE: no authoritative per-cell SOH80 capacity-reference field in raw CSV headers,Capacity(Ah)|Capa. Sum(Ah)|Char. Cap.(Ah)|Dischar. Cap.(Ah),CurCycle|TotCycle present inside tester files; RPT filename index is not a physical aging-cycle field,,,invalid_protocol,NOT_VERIFIABLE,/Users/wanghaoming/Public/SOC电池数据中心/SOC电池数据中心/Battery raw data/RPT Data/55. LOW C@ 10°C #7/0.csv|/Users/wanghaoming/Public/SOC电池数据中心/SOC电池数据中心/Battery raw data/RPT Data/55. LOW C@ 10°C #7/1.csv|/Users/wanghaoming/Public/SOC电池数据中心/SOC电池数据中心/Battery raw data/RPT Data/55. LOW C@ 10°C #7/2.csv|/Users/wanghaoming/Public/SOC电池数据中心/SOC电池数据中心/Battery raw data/RPT Data/55. LOW C@ 10°C #7/3.csv|/Users/wanghaoming/Public/SOC电池数据中心/SOC电池数据中心/Battery raw data/RPT Data/55. LOW C@ 10°C #7/4.csv|/Users/wanghaoming/Public/SOC电池数据中心/SOC电池数据中心/Battery raw data/0.033C RPT Data/55. LOW C@ 10°C #7.csv|/Users/wanghaoming/Public/SOC电池数据中心/SOC电池数据中心/Battery raw data/Cycle Data/55. LOW C@ 10°C #7/1. CYC1-50_1C @10°C.csv|/Users/wanghaoming/Public/SOC电池数据中心/SOC电池数据中心/Battery raw data/Cycle Data/55. LOW C@ 10°C #7/2. CYC51-100_1C @10°C.csv|/Users/wanghaoming/Public/SOC电池数据中心/SOC电池数据中心/Battery raw data/Cycle Data/55. LOW C@ 10°C #7/3. CYC101-150_1C @10°C.csv|/Users/wanghaoming/Public/SOC电池数据中心/SOC电池数据中心/Battery raw data/Cycle Data/55. LOW C@ 10°C #7/4. CYC151-200_1C @10°C.csv,No observed/right/left label may be emitted; RPT-to-physical-cycle alignment and threshold reference are unproven.,Provide authoritative protocol evidence binding each RPT to physical aging cycle and defining SOH80 reference/capacity step.
用户风险接受的候选数据审计,55,soh80_to_60,NOT_VERIFIABLE: no authoritative SOH60 capacity-reference/standardized checkpoint field in After-SOH80 raw CSV headers,Capacity(Ah)|Capa. Sum(Ah)|Char. Cap.(Ah)|Dischar. Cap.(Ah),CurCycle|TotCycle present; stage-relative physical meaning is not accompanied by threshold-reference provenance,,,invalid_protocol,NOT_VERIFIABLE,/Users/wanghaoming/Public/SOC电池数据中心/SOC电池数据中心/Battery raw data/After SOH80 Data/55. CYCLE_after_SOH80_LOW C@ 10°C #7.csv|/Users/wanghaoming/Public/SOC电池数据中心/SOC电池数据中心/Battery raw data/2nd_lifetime.xlsx,No observed/right/left label may be emitted; continuous cycle capacity cannot substitute for the defined SOH60 checkpoint without protocol evidence.,Provide authoritative second-stage protocol and exact capacity-reference/checkpoint mapping; then re-audit adjacent above/below observations.
用户风险接受的候选数据审计,56,soh100_to_80,NOT_VERIFIABLE: no authoritative per-cell SOH80 capacity-reference field in raw CSV headers,Capacity(Ah)|Capa. Sum(Ah)|Char. Cap.(Ah)|Dischar. Cap.(Ah),CurCycle|TotCycle present inside tester files; RPT filename index is not a physical aging-cycle field,,,invalid_protocol,NOT_VERIFIABLE,/Users/wanghaoming/Public/SOC电池数据中心/SOC电池数据中心/Battery raw data/RPT Data/56. LOW C@ 10°C #8/0.csv|/Users/wanghaoming/Public/SOC电池数据中心/SOC电池数据中心/Battery raw data/RPT Data/56. LOW C@ 10°C #8/1.csv|/Users/wanghaoming/Public/SOC电池数据中心/SOC电池数据中心/Battery raw data/RPT Data/56. LOW C@ 10°C #8/2.csv|/Users/wanghaoming/Public/SOC电池数据中心/SOC电池数据中心/Battery raw data/RPT Data/56. LOW C@ 10°C #8/3.csv|/Users/wanghaoming/Public/SOC电池数据中心/SOC电池数据中心/Battery raw data/RPT Data/56. LOW C@ 10°C #8/4.csv|/Users/wanghaoming/Public/SOC电池数据中心/SOC电池数据中心/Battery raw data/0.033C RPT Data/56. LOW C@ 10°C #8.csv|/Users/wanghaoming/Public/SOC电池数据中心/SOC电池数据中心/Battery raw data/Cycle Data/56 LOW C@ 10°C #8/1. CYC1-50_1C @10°C.csv|/Users/wanghaoming/Public/SOC电池数据中心/SOC电池数据中心/Battery raw data/Cycle Data/56 LOW C@ 10°C #8/2. CYC51-100_1C @10°C.csv|/Users/wanghaoming/Public/SOC电池数据中心/SOC电池数据中心/Battery raw data/Cycle Data/56 LOW C@ 10°C #8/3. CYC101-150_1C @10°C.csv|/Users/wanghaoming/Public/SOC电池数据中心/SOC电池数据中心/Battery raw data/Cycle Data/56 LOW C@ 10°C #8/4. CYC151-200_1C @10°C.csv,No observed/right/left label may be emitted; RPT-to-physical-cycle alignment and threshold reference are unproven.,Provide authoritative protocol evidence binding each RPT to physical aging cycle and defining SOH80 reference/capacity step.
用户风险接受的候选数据审计,56,soh80_to_60,NOT_VERIFIABLE: no authoritative SOH60 capacity-reference/standardized checkpoint field in After-SOH80 raw CSV headers,Capacity(Ah)|Capa. Sum(Ah)|Char. Cap.(Ah)|Dischar. Cap.(Ah),CurCycle|TotCycle present; stage-relative physical meaning is not accompanied by threshold-reference provenance,,,invalid_protocol,NOT_VERIFIABLE,/Users/wanghaoming/Public/SOC电池数据中心/SOC电池数据中心/Battery raw data/After SOH80 Data/56. CYCLE_after_SOH80_LOW C@ 10°C #8.csv|/Users/wanghaoming/Public/SOC电池数据中心/SOC电池数据中心/Battery raw data/2nd_lifetime.xlsx,No observed/right/left label may be emitted; continuous cycle capacity cannot substitute for the defined SOH60 checkpoint without protocol evidence.,Provide authoritative second-stage protocol and exact capacity-reference/checkpoint mapping; then re-audit adjacent above/below observations.
用户风险接受的候选数据审计,57,soh100_to_80,NOT_VERIFIABLE: no authoritative per-cell SOH80 capacity-reference field in raw CSV headers,Capacity(Ah)|Capa. Sum(Ah)|Char. Cap.(Ah)|Dischar. Cap.(Ah),CurCycle|TotCycle present inside tester files; RPT filename index is not a physical aging-cycle field,,,invalid_protocol,NOT_VERIFIABLE,/Users/wanghaoming/Public/SOC电池数据中心/SOC电池数据中心/Battery raw data/RPT Data/57. HIGH C@ 10°C #1/0.csv|/Users/wanghaoming/Public/SOC电池数据中心/SOC电池数据中心/Battery raw data/RPT Data/57. HIGH C@ 10°C #1/1.csv|/Users/wanghaoming/Public/SOC电池数据中心/SOC电池数据中心/Battery raw data/RPT Data/57. HIGH C@ 10°C #1/2.csv|/Users/wanghaoming/Public/SOC电池数据中心/SOC电池数据中心/Battery raw data/RPT Data/57. HIGH C@ 10°C #1/3.csv|/Users/wanghaoming/Public/SOC电池数据中心/SOC电池数据中心/Battery raw data/RPT Data/57. HIGH C@ 10°C #1/4.csv|/Users/wanghaoming/Public/SOC电池数据中心/SOC电池数据中心/Battery raw data/0.033C RPT Data/57. HIGH C@ 10°C #1.csv|/Users/wanghaoming/Public/SOC电池数据中心/SOC电池数据中心/Battery raw data/Cycle Data/57. HIGH C@ 10°C #1/1. CYC1-25_3C @10°C.csv|/Users/wanghaoming/Public/SOC电池数据中心/SOC电池数据中心/Battery raw data/Cycle Data/57. HIGH C@ 10°C #1/2. CYC 26-75_3C @10°C.csv|/Users/wanghaoming/Public/SOC电池数据中心/SOC电池数据中心/Battery raw data/Cycle Data/57. HIGH C@ 10°C #1/3. CYC 76-125_3C @10°C.csv|/Users/wanghaoming/Public/SOC电池数据中心/SOC电池数据中心/Battery raw data/Cycle Data/57. HIGH C@ 10°C #1/4. CYC126-130_3C @10°C.csv,No observed/right/left label may be emitted; RPT-to-physical-cycle alignment and threshold reference are unproven.,Provide authoritative protocol evidence binding each RPT to physical aging cycle and defining SOH80 reference/capacity step.
用户风险接受的候选数据审计,57,soh80_to_60,NOT_VERIFIABLE: no authoritative SOH60 capacity-reference/standardized checkpoint field in After-SOH80 raw CSV headers,Capacity(Ah)|Capa. Sum(Ah)|Char. Cap.(Ah)|Dischar. Cap.(Ah),CurCycle|TotCycle present; stage-relative physical meaning is not accompanied by threshold-reference provenance,,,invalid_protocol,NOT_VERIFIABLE,/Users/wanghaoming/Public/SOC电池数据中心/SOC电池数据中心/Battery raw data/After SOH80 Data/57. CYCLE_after_SOH80_HIGH C@ 10°C #1.csv|/Users/wanghaoming/Public/SOC电池数据中心/SOC电池数据中心/Battery raw data/2nd_lifetime.xlsx,No observed/right/left label may be emitted; continuous cycle capacity cannot substitute for the defined SOH60 checkpoint without protocol evidence.,Provide authoritative second-stage protocol and exact capacity-reference/checkpoint mapping; then re-audit adjacent above/below observations.
用户风险接受的候选数据审计,58,soh100_to_80,NOT_VERIFIABLE: no authoritative per-cell SOH80 capacity-reference field in raw CSV headers,Capacity(Ah)|Capa. Sum(Ah)|Char. Cap.(Ah)|Dischar. Cap.(Ah),CurCycle|TotCycle present inside tester files; RPT filename index is not a physical aging-cycle field,,,invalid_protocol,NOT_VERIFIABLE,/Users/wanghaoming/Public/SOC电池数据中心/SOC电池数据中心/Battery raw data/RPT Data/58. HIGH C@ 10°C #2/0.csv|/Users/wanghaoming/Public/SOC电池数据中心/SOC电池数据中心/Battery raw data/RPT Data/58. HIGH C@ 10°C #2/1.csv|/Users/wanghaoming/Public/SOC电池数据中心/SOC电池数据中心/Battery raw data/RPT Data/58. HIGH C@ 10°C #2/2.csv|/Users/wanghaoming/Public/SOC电池数据中心/SOC电池数据中心/Battery raw data/RPT Data/58. HIGH C@ 10°C #2/3.csv|/Users/wanghaoming/Public/SOC电池数据中心/SOC电池数据中心/Battery raw data/RPT Data/58. HIGH C@ 10°C #2/4.csv|/Users/wanghaoming/Public/SOC电池数据中心/SOC电池数据中心/Battery raw data/0.033C RPT Data/58. HIGH C@ 10°C #2.csv|/Users/wanghaoming/Public/SOC电池数据中心/SOC电池数据中心/Battery raw data/Cycle Data/58. HIGH C@ 10°C #2/1. CYC1-25_3C @10°C.csv|/Users/wanghaoming/Public/SOC电池数据中心/SOC电池数据中心/Battery raw data/Cycle Data/58. HIGH C@ 10°C #2/2. CYC26-75_3C @10°C.csv|/Users/wanghaoming/Public/SOC电池数据中心/SOC电池数据中心/Battery raw data/Cycle Data/58. HIGH C@ 10°C #2/3. CYC76-125_3C @10°C.csv|/Users/wanghaoming/Public/SOC电池数据中心/SOC电池数据中心/Battery raw data/Cycle Data/58. HIGH C@ 10°C #2/4. CYC126-135_3C @10°C.csv,No observed/right/left label may be emitted; RPT-to-physical-cycle alignment and threshold reference are unproven.,Provide authoritative protocol evidence binding each RPT to physical aging cycle and defining SOH80 reference/capacity step.
用户风险接受的候选数据审计,58,soh80_to_60,NOT_VERIFIABLE: no authoritative SOH60 capacity-reference/standardized checkpoint field in After-SOH80 raw CSV headers,Capacity(Ah)|Capa. Sum(Ah)|Char. Cap.(Ah)|Dischar. Cap.(Ah),CurCycle|TotCycle present; stage-relative physical meaning is not accompanied by threshold-reference provenance,,,invalid_protocol,NOT_VERIFIABLE,/Users/wanghaoming/Public/SOC电池数据中心/SOC电池数据中心/Battery raw data/After SOH80 Data/58. CYCLE_after_SOH80_HIGH C@ 10°C #2.csv|/Users/wanghaoming/Public/SOC电池数据中心/SOC电池数据中心/Battery raw data/2nd_lifetime.xlsx,No observed/right/left label may be emitted; continuous cycle capacity cannot substitute for the defined SOH60 checkpoint without protocol evidence.,Provide authoritative second-stage protocol and exact capacity-reference/checkpoint mapping; then re-audit adjacent above/below observations.
用户风险接受的候选数据审计,59,soh100_to_80,NOT_VERIFIABLE: no authoritative per-cell SOH80 capacity-reference field in raw CSV headers,Capacity(Ah)|Capa. Sum(Ah)|Char. Cap.(Ah)|Dischar. Cap.(Ah),CurCycle|TotCycle present inside tester files; RPT filename index is not a physical aging-cycle field,,,invalid_protocol,NOT_VERIFIABLE,/Users/wanghaoming/Public/SOC电池数据中心/SOC电池数据中心/Battery raw data/RPT Data/59. HIGH C@ 10°C #3/0.csv|/Users/wanghaoming/Public/SOC电池数据中心/SOC电池数据中心/Battery raw data/RPT Data/59. HIGH C@ 10°C #3/1.csv|/Users/wanghaoming/Public/SOC电池数据中心/SOC电池数据中心/Battery raw data/RPT Data/59. HIGH C@ 10°C #3/2.csv|/Users/wanghaoming/Public/SOC电池数据中心/SOC电池数据中心/Battery raw data/RPT Data/59. HIGH C@ 10°C #3/3.csv|/Users/wanghaoming/Public/SOC电池数据中心/SOC电池数据中心/Battery raw data/RPT Data/59. HIGH C@ 10°C #3/4.csv|/Users/wanghaoming/Public/SOC电池数据中心/SOC电池数据中心/Battery raw data/0.033C RPT Data/59. HIGH C@ 10°C #3.csv|/Users/wanghaoming/Public/SOC电池数据中心/SOC电池数据中心/Battery raw data/Cycle Data/59. HIGH C@ 10°C #3/1. CYC1-25_3C @10°C.csv|/Users/wanghaoming/Public/SOC电池数据中心/SOC电池数据中心/Battery raw data/Cycle Data/59. HIGH C@ 10°C #3/2. CYC26-75_3C @10°C.csv|/Users/wanghaoming/Public/SOC电池数据中心/SOC电池数据中心/Battery raw data/Cycle Data/59. HIGH C@ 10°C #3/3. CYC76-125_3C @10°C.csv|/Users/wanghaoming/Public/SOC电池数据中心/SOC电池数据中心/Battery raw data/Cycle Data/59. HIGH C@ 10°C #3/4. CYC126-150_3C @10°C.csv,No observed/right/left label may be emitted; RPT-to-physical-cycle alignment and threshold reference are unproven.,Provide authoritative protocol evidence binding each RPT to physical aging cycle and defining SOH80 reference/capacity step.
用户风险接受的候选数据审计,59,soh80_to_60,NOT_VERIFIABLE: no authoritative SOH60 capacity-reference/standardized checkpoint field in After-SOH80 raw CSV headers,Capacity(Ah)|Capa. Sum(Ah)|Char. Cap.(Ah)|Dischar. Cap.(Ah),CurCycle|TotCycle present; stage-relative physical meaning is not accompanied by threshold-reference provenance,,,invalid_protocol,NOT_VERIFIABLE,/Users/wanghaoming/Public/SOC电池数据中心/SOC电池数据中心/Battery raw data/After SOH80 Data/59. CYCLE_after_SOH80_HIGH C@ 10°C #3.csv|/Users/wanghaoming/Public/SOC电池数据中心/SOC电池数据中心/Battery raw data/2nd_lifetime.xlsx,No observed/right/left label may be emitted; continuous cycle capacity cannot substitute for the defined SOH60 checkpoint without protocol evidence.,Provide authoritative second-stage protocol and exact capacity-reference/checkpoint mapping; then re-audit adjacent above/below observations.
用户风险接受的候选数据审计,60,soh100_to_80,NOT_VERIFIABLE: no authoritative per-cell SOH80 capacity-reference field in raw CSV headers,Capacity(Ah)|Capa. Sum(Ah)|Char. Cap.(Ah)|Dischar. Cap.(Ah),CurCycle|TotCycle present inside tester files; RPT filename index is not a physical aging-cycle field,,,invalid_protocol,NOT_VERIFIABLE,/Users/wanghaoming/Public/SOC电池数据中心/SOC电池数据中心/Battery raw data/RPT Data/60. HIGH C@ 10°C #4/0.csv|/Users/wanghaoming/Public/SOC电池数据中心/SOC电池数据中心/Battery raw data/RPT Data/60. HIGH C@ 10°C #4/1.csv|/Users/wanghaoming/Public/SOC电池数据中心/SOC电池数据中心/Battery raw data/RPT Data/60. HIGH C@ 10°C #4/2.csv|/Users/wanghaoming/Public/SOC电池数据中心/SOC电池数据中心/Battery raw data/RPT Data/60. HIGH C@ 10°C #4/3.csv|/Users/wanghaoming/Public/SOC电池数据中心/SOC电池数据中心/Battery raw data/RPT Data/60. HIGH C@ 10°C #4/4.csv|/Users/wanghaoming/Public/SOC电池数据中心/SOC电池数据中心/Battery raw data/0.033C RPT Data/60. HIGH C@ 10°C #4.csv|/Users/wanghaoming/Public/SOC电池数据中心/SOC电池数据中心/Battery raw data/Cycle Data/60. HIGH C@ 10°C #4/1. CYC1-25_3C @10°C.csv|/Users/wanghaoming/Public/SOC电池数据中心/SOC电池数据中心/Battery raw data/Cycle Data/60. HIGH C@ 10°C #4/2. CYC 26-75_3C @10°C.csv|/Users/wanghaoming/Public/SOC电池数据中心/SOC电池数据中心/Battery raw data/Cycle Data/60. HIGH C@ 10°C #4/3. CYC 76-125_3C @10°C.csv|/Users/wanghaoming/Public/SOC电池数据中心/SOC电池数据中心/Battery raw data/Cycle Data/60. HIGH C@ 10°C #4/4. CYC126-150_3C @10°C.csv,No observed/right/left label may be emitted; RPT-to-physical-cycle alignment and threshold reference are unproven.,Provide authoritative protocol evidence binding each RPT to physical aging cycle and defining SOH80 reference/capacity step.
用户风险接受的候选数据审计,60,soh80_to_60,NOT_VERIFIABLE: no authoritative SOH60 capacity-reference/standardized checkpoint field in After-SOH80 raw CSV headers,Capacity(Ah)|Capa. Sum(Ah)|Char. Cap.(Ah)|Dischar. Cap.(Ah),CurCycle|TotCycle present; stage-relative physical meaning is not accompanied by threshold-reference provenance,,,invalid_protocol,NOT_VERIFIABLE,/Users/wanghaoming/Public/SOC电池数据中心/SOC电池数据中心/Battery raw data/After SOH80 Data/60. CYCLE_after_SOH80_HIGH C@ 10°C #4.csv|/Users/wanghaoming/Public/SOC电池数据中心/SOC电池数据中心/Battery raw data/2nd_lifetime.xlsx,No observed/right/left label may be emitted; continuous cycle capacity cannot substitute for the defined SOH60 checkpoint without protocol evidence.,Provide authoritative second-stage protocol and exact capacity-reference/checkpoint mapping; then re-audit adjacent above/below observations.
