audit_title,zip_member_name,normalized_relative_path,zip_crc32,zip_uncompressed_bytes,extracted_absolute_path,extracted_bytes,extracted_crc32,status,note
用户风险接受的候选数据审计,__MACOSX/._Battery raw data,,c7702b1d,212,,,,MACOSX_METADATA_EXCLUDED,__MACOSX metadata member; excluded from data-tree binding
用户风险接受的候选数据审计,Battery raw data/deg-SL.xlsx,deg-SL.xlsx,fa9d5980,14529,/Users/wanghaoming/Public/SOC电池数据中心/SOC电池数据中心/Battery raw data/deg-SL.xlsx,14529,fa9d5980,PASS,RISK_ACCEPTED_SOURCE_BINDING; ZIP mojibake sequence ┬░ normalized to extracted ° when present
用户风险接受的候选数据审计,__MACOSX/Battery raw data/._deg-SL.xlsx,,c7702b1d,212,,,,MACOSX_METADATA_EXCLUDED,__MACOSX metadata member; excluded from data-tree binding
用户风险接受的候选数据审计,__MACOSX/Battery raw data/._Processed features data,,c7702b1d,212,,,,MACOSX_METADATA_EXCLUDED,__MACOSX metadata member; excluded from data-tree binding
用户风险接受的候选数据审计,Battery raw data/2nd_lifetime.xlsx,2nd_lifetime.xlsx,aa5bb81c,12203,/Users/wanghaoming/Public/SOC电池数据中心/SOC电池数据中心/Battery raw data/2nd_lifetime.xlsx,12203,aa5bb81c,PASS,RISK_ACCEPTED_SOURCE_BINDING; ZIP mojibake sequence ┬░ normalized to extracted ° when present
用户风险接受的候选数据审计,__MACOSX/Battery raw data/._2nd_lifetime.xlsx,,c7702b1d,212,,,,MACOSX_METADATA_EXCLUDED,__MACOSX metadata member; excluded from data-tree binding
用户风险接受的候选数据审计,__MACOSX/Battery raw data/._RPT Data,,c7702b1d,212,,,,MACOSX_METADATA_EXCLUDED,__MACOSX metadata member; excluded from data-tree binding
用户风险接受的候选数据审计,__MACOSX/Battery raw data/._0.033C RPT Data,,c7702b1d,212,,,,MACOSX_METADATA_EXCLUDED,__MACOSX metadata member; excluded from data-tree binding
用户风险接受的候选数据审计,__MACOSX/Battery raw data/._Cycle Data,,c7702b1d,212,,,,MACOSX_METADATA_EXCLUDED,__MACOSX metadata member; excluded from data-tree binding
用户风险接受的候选数据审计,__MACOSX/Battery raw data/._After SOH80 Data,,c7702b1d,212,,,,MACOSX_METADATA_EXCLUDED,__MACOSX metadata member; excluded from data-tree binding
用户风险接受的候选数据审计,__MACOSX/Battery raw data/Processed features data/._0.2C-1C_delta Q(V) features data,,c7702b1d,212,,,,MACOSX_METADATA_EXCLUDED,__MACOSX metadata member; excluded from data-tree binding
用户风险接受的候选数据审计,__MACOSX/Battery raw data/Processed features data/._RPT_features data,,c7702b1d,212,,,,MACOSX_METADATA_EXCLUDED,__MACOSX metadata member; excluded from data-tree binding
用户风险接受的候选数据审计,__MACOSX/Battery raw data/RPT Data/._28. 45┬░C #4,,c7702b1d,212,,,,MACOSX_METADATA_EXCLUDED,__MACOSX metadata member; excluded from data-tree binding
用户风险接受的候选数据审计,__MACOSX/Battery raw data/RPT Data/._57. HIGH C@ 10┬░C #1,,c7702b1d,212,,,,MACOSX_METADATA_EXCLUDED,__MACOSX metadata member; excluded from data-tree binding
用户风险接受的候选数据审计,__MACOSX/Battery raw data/RPT Data/._35. 45┬░C #11,,c7702b1d,212,,,,MACOSX_METADATA_EXCLUDED,__MACOSX metadata member; excluded from data-tree binding
用户风险接受的候选数据审计,__MACOSX/Battery raw data/RPT Data/._43. 60┬░C #7,,c7702b1d,212,,,,MACOSX_METADATA_EXCLUDED,__MACOSX metadata member; excluded from data-tree binding
用户风险接受的候选数据审计,__MACOSX/Battery raw data/RPT Data/._14. 1V@ 25┬░C #2,,c7702b1d,212,,,,MACOSX_METADATA_EXCLUDED,__MACOSX metadata member; excluded from data-tree binding
用户风险接受的候选数据审计,__MACOSX/Battery raw data/RPT Data/._53. LOW C@ 10┬░C #5,,c7702b1d,212,,,,MACOSX_METADATA_EXCLUDED,__MACOSX metadata member; excluded from data-tree binding
用户风险接受的候选数据审计,__MACOSX/Battery raw data/RPT Data/._60. HIGH C@ 10┬░C #4,,c7702b1d,212,,,,MACOSX_METADATA_EXCLUDED,__MACOSX metadata member; excluded from data-tree binding
用户风险接受的候选数据审计,__MACOSX/Battery raw data/RPT Data/._29. 45┬░C #5,,c7702b1d,212,,,,MACOSX_METADATA_EXCLUDED,__MACOSX metadata member; excluded from data-tree binding
用户风险接受的候选数据审计,__MACOSX/Battery raw data/RPT Data/._42. 60┬░C #6,,c7702b1d,212,,,,MACOSX_METADATA_EXCLUDED,__MACOSX metadata member; excluded from data-tree binding
用户风险接受的候选数据审计,__MACOSX/Battery raw data/RPT Data/._41. 60┬░C #5,,c7702b1d,212,,,,MACOSX_METADATA_EXCLUDED,__MACOSX metadata member; excluded from data-tree binding
用户风险接受的候选数据审计,__MACOSX/Battery raw data/RPT Data/._19. 4.35V@ 25┬░C #3,,c7702b1d,212,,,,MACOSX_METADATA_EXCLUDED,__MACOSX metadata member; excluded from data-tree binding
用户风险接受的候选数据审计,__MACOSX/Battery raw data/RPT Data/._40. 60┬░C #4,,c7702b1d,212,,,,MACOSX_METADATA_EXCLUDED,__MACOSX metadata member; excluded from data-tree binding
用户风险接受的候选数据审计,__MACOSX/Battery raw data/RPT Data/._15. 1V@ 25┬░C #3,,c7702b1d,212,,,,MACOSX_METADATA_EXCLUDED,__MACOSX metadata member; excluded from data-tree binding
用户风险接受的候选数据审计,__MACOSX/Battery raw data/RPT Data/._12. HIGH C@ 25┬░C #4,,c7702b1d,212,,,,MACOSX_METADATA_EXCLUDED,__MACOSX metadata member; excluded from data-tree binding
用户风险接受的候选数据审计,__MACOSX/Battery raw data/RPT Data/._49. LOW C@ 10┬░C #1,,c7702b1d,212,,,,MACOSX_METADATA_EXCLUDED,__MACOSX metadata member; excluded from data-tree binding
用户风险接受的候选数据审计,__MACOSX/Battery raw data/RPT Data/._36. 45┬░C #12,,c7702b1d,212,,,,MACOSX_METADATA_EXCLUDED,__MACOSX metadata member; excluded from data-tree binding
用户风险接受的候选数据审计,__MACOSX/Battery raw data/RPT Data/._18. 4.35V@ 25┬░C #2,,c7702b1d,212,,,,MACOSX_METADATA_EXCLUDED,__MACOSX metadata member; excluded from data-tree binding
用户风险接受的候选数据审计,__MACOSX/Battery raw data/RPT Data/._34. 45┬░C #10,,c7702b1d,212,,,,MACOSX_METADATA_EXCLUDED,__MACOSX metadata member; excluded from data-tree binding
用户风险接受的候选数据审计,__MACOSX/Battery raw data/RPT Data/._52. LOW C@ 10┬░C #4,,c7702b1d,212,,,,MACOSX_METADATA_EXCLUDED,__MACOSX metadata member; excluded from data-tree binding
用户风险接受的候选数据审计,__MACOSX/Battery raw data/RPT Data/._21. 4.5V@ 25┬░C #1,,c7702b1d,212,,,,MACOSX_METADATA_EXCLUDED,__MACOSX metadata member; excluded from data-tree binding
用户风险接受的候选数据审计,__MACOSX/Battery raw data/RPT Data/._31. 45┬░C #7,,c7702b1d,212,,,,MACOSX_METADATA_EXCLUDED,__MACOSX metadata member; excluded from data-tree binding
用户风险接受的候选数据审计,__MACOSX/Battery raw data/RPT Data/._56. LOW C@ 10┬░C #8,,c7702b1d,212,,,,MACOSX_METADATA_EXCLUDED,__MACOSX metadata member; excluded from data-tree binding
用户风险接受的候选数据审计,__MACOSX/Battery raw data/RPT Data/._45. 60┬░C #9,,c7702b1d,212,,,,MACOSX_METADATA_EXCLUDED,__MACOSX metadata member; excluded from data-tree binding
用户风险接受的候选数据审计,__MACOSX/Battery raw data/RPT Data/._44. 60┬░C #8,,c7702b1d,212,,,,MACOSX_METADATA_EXCLUDED,__MACOSX metadata member; excluded from data-tree binding
用户风险接受的候选数据审计,__MACOSX/Battery raw data/RPT Data/._30. 45┬░C #6,,c7702b1d,212,,,,MACOSX_METADATA_EXCLUDED,__MACOSX metadata member; excluded from data-tree binding
用户风险接受的候选数据审计,__MACOSX/Battery raw data/RPT Data/._9. HIGH C@ 25┬░C #1,,c7702b1d,212,,,,MACOSX_METADATA_EXCLUDED,__MACOSX metadata member; excluded from data-tree binding
用户风险接受的候选数据审计,__MACOSX/Battery raw data/RPT Data/._1. LOW C@ 25┬░C #1,,c7702b1d,212,,,,MACOSX_METADATA_EXCLUDED,__MACOSX metadata member; excluded from data-tree binding
用户风险接受的候选数据审计,__MACOSX/Battery raw data/RPT Data/._13. 1V@ 25┬░C #1,,c7702b1d,212,,,,MACOSX_METADATA_EXCLUDED,__MACOSX metadata member; excluded from data-tree binding
用户风险接受的候选数据审计,__MACOSX/Battery raw data/RPT Data/._23. 4.5V@ 25┬░C #3,,c7702b1d,212,,,,MACOSX_METADATA_EXCLUDED,__MACOSX metadata member; excluded from data-tree binding
用户风险接受的候选数据审计,__MACOSX/Battery raw data/RPT Data/._5. LOW C@ 25┬░C #5,,c7702b1d,212,,,,MACOSX_METADATA_EXCLUDED,__MACOSX metadata member; excluded from data-tree binding
用户风险接受的候选数据审计,__MACOSX/Battery raw data/RPT Data/._24. 4.5V@ 25┬░C #4,,c7702b1d,212,,,,MACOSX_METADATA_EXCLUDED,__MACOSX metadata member; excluded from data-tree binding
用户风险接受的候选数据审计,__MACOSX/Battery raw data/RPT Data/._58. HIGH C@ 10┬░C #2,,c7702b1d,212,,,,MACOSX_METADATA_EXCLUDED,__MACOSX metadata member; excluded from data-tree binding
用户风险接受的候选数据审计,__MACOSX/Battery raw data/RPT Data/._37. 60┬░C #1,,c7702b1d,212,,,,MACOSX_METADATA_EXCLUDED,__MACOSX metadata member; excluded from data-tree binding
用户风险接受的候选数据审计,__MACOSX/Battery raw data/RPT Data/._22. 4.5V@ 25┬░C #2,,c7702b1d,212,,,,MACOSX_METADATA_EXCLUDED,__MACOSX metadata member; excluded from data-tree binding
用户风险接受的候选数据审计,__MACOSX/Battery raw data/RPT Data/._2. LOW C@ 25┬░C #2,,c7702b1d,212,,,,MACOSX_METADATA_EXCLUDED,__MACOSX metadata member; excluded from data-tree binding
用户风险接受的候选数据审计,__MACOSX/Battery raw data/RPT Data/._47. 60┬░C #11,,c7702b1d,212,,,,MACOSX_METADATA_EXCLUDED,__MACOSX metadata member; excluded from data-tree binding
用户风险接受的候选数据审计,__MACOSX/Battery raw data/RPT Data/._54. LOW C@ 10┬░C #6,,c7702b1d,212,,,,MACOSX_METADATA_EXCLUDED,__MACOSX metadata member; excluded from data-tree binding
用户风险接受的候选数据审计,__MACOSX/Battery raw data/RPT Data/._48. 60┬░C #12,,c7702b1d,212,,,,MACOSX_METADATA_EXCLUDED,__MACOSX metadata member; excluded from data-tree binding
用户风险接受的候选数据审计,__MACOSX/Battery raw data/RPT Data/._20. 4.35V@ 25┬░C #4,,c7702b1d,212,,,,MACOSX_METADATA_EXCLUDED,__MACOSX metadata member; excluded from data-tree binding
用户风险接受的候选数据审计,__MACOSX/Battery raw data/RPT Data/._50. LOW C@ 10┬░C #2,,c7702b1d,212,,,,MACOSX_METADATA_EXCLUDED,__MACOSX metadata member; excluded from data-tree binding
用户风险接受的候选数据审计,__MACOSX/Battery raw data/RPT Data/._10. HIGH C@ 25┬░C #2,,c7702b1d,212,,,,MACOSX_METADATA_EXCLUDED,__MACOSX metadata member; excluded from data-tree binding
用户风险接受的候选数据审计,__MACOSX/Battery raw data/RPT Data/._6. LOW C@ 25┬░C #6,,c7702b1d,212,,,,MACOSX_METADATA_EXCLUDED,__MACOSX metadata member; excluded from data-tree binding
用户风险接受的候选数据审计,__MACOSX/Battery raw data/RPT Data/._8. LOW C@ 25┬░C #8,,c7702b1d,212,,,,MACOSX_METADATA_EXCLUDED,__MACOSX metadata member; excluded from data-tree binding
用户风险接受的候选数据审计,__MACOSX/Battery raw data/RPT Data/._27. 45┬░C #3,,c7702b1d,212,,,,MACOSX_METADATA_EXCLUDED,__MACOSX metadata member; excluded from data-tree binding
用户风险接受的候选数据审计,__MACOSX/Battery raw data/RPT Data/._17. 4.35V@ 25┬░C #1,,c7702b1d,212,,,,MACOSX_METADATA_EXCLUDED,__MACOSX metadata member; excluded from data-tree binding
用户风险接受的候选数据审计,__MACOSX/Battery raw data/RPT Data/._32. 45┬░C #8,,c7702b1d,212,,,,MACOSX_METADATA_EXCLUDED,__MACOSX metadata member; excluded from data-tree binding
用户风险接受的候选数据审计,__MACOSX/Battery raw data/RPT Data/._7. LOW C@ 25┬░C #7,,c7702b1d,212,,,,MACOSX_METADATA_EXCLUDED,__MACOSX metadata member; excluded from data-tree binding
用户风险接受的候选数据审计,__MACOSX/Battery raw data/RPT Data/._51. LOW C@ 10┬░C #3,,c7702b1d,212,,,,MACOSX_METADATA_EXCLUDED,__MACOSX metadata member; excluded from data-tree binding
用户风险接受的候选数据审计,__MACOSX/Battery raw data/RPT Data/._26. 45┬░C #2,,c7702b1d,212,,,,MACOSX_METADATA_EXCLUDED,__MACOSX metadata member; excluded from data-tree binding
用户风险接受的候选数据审计,__MACOSX/Battery raw data/RPT Data/._55. LOW C@ 10┬░C #7,,c7702b1d,212,,,,MACOSX_METADATA_EXCLUDED,__MACOSX metadata member; excluded from data-tree binding
用户风险接受的候选数据审计,__MACOSX/Battery raw data/RPT Data/._3. LOW C@ 25┬░C #3,,c7702b1d,212,,,,MACOSX_METADATA_EXCLUDED,__MACOSX metadata member; excluded from data-tree binding
用户风险接受的候选数据审计,__MACOSX/Battery raw data/RPT Data/._33. 45┬░C #9,,c7702b1d,212,,,,MACOSX_METADATA_EXCLUDED,__MACOSX metadata member; excluded from data-tree binding
用户风险接受的候选数据审计,__MACOSX/Battery raw data/RPT Data/._11. HIGH C@ 25┬░C #3,,c7702b1d,212,,,,MACOSX_METADATA_EXCLUDED,__MACOSX metadata member; excluded from data-tree binding
用户风险接受的候选数据审计,__MACOSX/Battery raw data/RPT Data/._25. 45┬░C #1,,c7702b1d,212,,,,MACOSX_METADATA_EXCLUDED,__MACOSX metadata member; excluded from data-tree binding
用户风险接受的候选数据审计,__MACOSX/Battery raw data/RPT Data/._4. LOW C@ 25┬░C #4,,c7702b1d,212,,,,MACOSX_METADATA_EXCLUDED,__MACOSX metadata member; excluded from data-tree binding
用户风险接受的候选数据审计,__MACOSX/Battery raw data/RPT Data/._38. 60┬░C #2,,c7702b1d,212,,,,MACOSX_METADATA_EXCLUDED,__MACOSX metadata member; excluded from data-tree binding
用户风险接受的候选数据审计,__MACOSX/Battery raw data/RPT Data/._46. 60┬░C #10,,c7702b1d,212,,,,MACOSX_METADATA_EXCLUDED,__MACOSX metadata member; excluded from data-tree binding
用户风险接受的候选数据审计,__MACOSX/Battery raw data/RPT Data/._59. HIGH C@ 10┬░C #3,,c7702b1d,212,,,,MACOSX_METADATA_EXCLUDED,__MACOSX metadata member; excluded from data-tree binding
用户风险接受的候选数据审计,__MACOSX/Battery raw data/RPT Data/._39. 60┬░C #3,,c7702b1d,212,,,,MACOSX_METADATA_EXCLUDED,__MACOSX metadata member; excluded from data-tree binding
用户风险接受的候选数据审计,__MACOSX/Battery raw data/RPT Data/._16. 1V@ 25┬░C #4,,c7702b1d,212,,,,MACOSX_METADATA_EXCLUDED,__MACOSX metadata member; excluded from data-tree binding
用户风险接受的候选数据审计,Battery raw data/0.033C RPT Data/30. 45┬░C #6.csv,0.033C RPT Data/30. 45°C #6.csv,fe0349e5,3152543,/Users/wanghaoming/Public/SOC电池数据中心/SOC电池数据中心/Battery raw data/0.033C RPT Data/30. 45°C #6.csv,3152543,fe0349e5,PASS,RISK_ACCEPTED_SOURCE_BINDING; ZIP mojibake sequence ┬░ normalized to extracted ° when present
用户风险接受的候选数据审计,__MACOSX/Battery raw data/0.033C RPT Data/._30. 45┬░C #6.csv,,c7702b1d,212,,,,MACOSX_METADATA_EXCLUDED,__MACOSX metadata member; excluded from data-tree binding
用户风险接受的候选数据审计,Battery raw data/0.033C RPT Data/55. LOW C@ 10┬░C #7.csv,0.033C RPT Data/55. LOW C@ 10°C #7.csv,ac8a839d,3089645,/Users/wanghaoming/Public/SOC电池数据中心/SOC电池数据中心/Battery raw data/0.033C RPT Data/55. LOW C@ 10°C #7.csv,3089645,ac8a839d,PASS,RISK_ACCEPTED_SOURCE_BINDING; ZIP mojibake sequence ┬░ normalized to extracted ° when present
用户风险接受的候选数据审计,__MACOSX/Battery raw data/0.033C RPT Data/._55. LOW C@ 10┬░C #7.csv,,c7702b1d,212,,,,MACOSX_METADATA_EXCLUDED,__MACOSX metadata member; excluded from data-tree binding
用户风险接受的候选数据审计,Battery raw data/0.033C RPT Data/32. 45┬░C #8.csv,0.033C RPT Data/32. 45°C #8.csv,43e2cae2,3142149,/Users/wanghaoming/Public/SOC电池数据中心/SOC电池数据中心/Battery raw data/0.033C RPT Data/32. 45°C #8.csv,3142149,43e2cae2,PASS,RISK_ACCEPTED_SOURCE_BINDING; ZIP mojibake sequence ┬░ normalized to extracted ° when present
用户风险接受的候选数据审计,__MACOSX/Battery raw data/0.033C RPT Data/._32. 45┬░C #8.csv,,c7702b1d,212,,,,MACOSX_METADATA_EXCLUDED,__MACOSX metadata member; excluded from data-tree binding
用户风险接受的候选数据审计,Battery raw data/0.033C RPT Data/49. LOW C@ 10┬░C #1.csv,0.033C RPT Data/49. LOW C@ 10°C #1.csv,0deb9428,3088215,/Users/wanghaoming/Public/SOC电池数据中心/SOC电池数据中心/Battery raw data/0.033C RPT Data/49. LOW C@ 10°C #1.csv,3088215,0deb9428,PASS,RISK_ACCEPTED_SOURCE_BINDING; ZIP mojibake sequence ┬░ normalized to extracted ° when present
用户风险接受的候选数据审计,__MACOSX/Battery raw data/0.033C RPT Data/._49. LOW C@ 10┬░C #1.csv,,c7702b1d,212,,,,MACOSX_METADATA_EXCLUDED,__MACOSX metadata member; excluded from data-tree binding
用户风险接受的候选数据审计,Battery raw data/0.033C RPT Data/54. LOW C@ 10┬░C #6.csv,0.033C RPT Data/54. LOW C@ 10°C #6.csv,400d58c9,3122779,/Users/wanghaoming/Public/SOC电池数据中心/SOC电池数据中心/Battery raw data/0.033C RPT Data/54. LOW C@ 10°C #6.csv,3122779,400d58c9,PASS,RISK_ACCEPTED_SOURCE_BINDING; ZIP mojibake sequence ┬░ normalized to extracted ° when present
用户风险接受的候选数据审计,__MACOSX/Battery raw data/0.033C RPT Data/._54. LOW C@ 10┬░C #6.csv,,c7702b1d,212,,,,MACOSX_METADATA_EXCLUDED,__MACOSX metadata member; excluded from data-tree binding
用户风险接受的候选数据审计,Battery raw data/0.033C RPT Data/18. 4.35V@ 25┬░C #2.csv,0.033C RPT Data/18. 4.35V@ 25°C #2.csv,3c714f73,3102053,/Users/wanghaoming/Public/SOC电池数据中心/SOC电池数据中心/Battery raw data/0.033C RPT Data/18. 4.35V@ 25°C #2.csv,3102053,3c714f73,PASS,RISK_ACCEPTED_SOURCE_BINDING; ZIP mojibake sequence ┬░ normalized to extracted ° when present
用户风险接受的候选数据审计,__MACOSX/Battery raw data/0.033C RPT Data/._18. 4.35V@ 25┬░C #2.csv,,c7702b1d,212,,,,MACOSX_METADATA_EXCLUDED,__MACOSX metadata member; excluded from data-tree binding
用户风险接受的候选数据审计,Battery raw data/0.033C RPT Data/19. 4.35V@ 25┬░C #3.csv,0.033C RPT Data/19. 4.35V@ 25°C #3.csv,2fee0489,3142327,/Users/wanghaoming/Public/SOC电池数据中心/SOC电池数据中心/Battery raw data/0.033C RPT Data/19. 4.35V@ 25°C #3.csv,3142327,2fee0489,PASS,RISK_ACCEPTED_SOURCE_BINDING; ZIP mojibake sequence ┬░ normalized to extracted ° when present
用户风险接受的候选数据审计,__MACOSX/Battery raw data/0.033C RPT Data/._19. 4.35V@ 25┬░C #3.csv,,c7702b1d,212,,,,MACOSX_METADATA_EXCLUDED,__MACOSX metadata member; excluded from data-tree binding
用户风险接受的候选数据审计,Battery raw data/0.033C RPT Data/51. LOW C@ 10┬░C #3.csv,0.033C RPT Data/51. LOW C@ 10°C #3.csv,5d8b10eb,3080758,/Users/wanghaoming/Public/SOC电池数据中心/SOC电池数据中心/Battery raw data/0.033C RPT Data/51. LOW C@ 10°C #3.csv,3080758,5d8b10eb,PASS,RISK_ACCEPTED_SOURCE_BINDING; ZIP mojibake sequence ┬░ normalized to extracted ° when present
用户风险接受的候选数据审计,__MACOSX/Battery raw data/0.033C RPT Data/._51. LOW C@ 10┬░C #3.csv,,c7702b1d,212,,,,MACOSX_METADATA_EXCLUDED,__MACOSX metadata member; excluded from data-tree binding
用户风险接受的候选数据审计,Battery raw data/0.033C RPT Data/50. LOW C@ 10┬░C #2.csv,0.033C RPT Data/50. LOW C@ 10°C #2.csv,0c30c8bc,3105589,/Users/wanghaoming/Public/SOC电池数据中心/SOC电池数据中心/Battery raw data/0.033C RPT Data/50. LOW C@ 10°C #2.csv,3105589,0c30c8bc,PASS,RISK_ACCEPTED_SOURCE_BINDING; ZIP mojibake sequence ┬░ normalized to extracted ° when present
用户风险接受的候选数据审计,__MACOSX/Battery raw data/0.033C RPT Data/._50. LOW C@ 10┬░C #2.csv,,c7702b1d,212,,,,MACOSX_METADATA_EXCLUDED,__MACOSX metadata member; excluded from data-tree binding
用户风险接受的候选数据审计,Battery raw data/0.033C RPT Data/31. 45┬░C #7.csv,0.033C RPT Data/31. 45°C #7.csv,7a5a85fa,3121444,/Users/wanghaoming/Public/SOC电池数据中心/SOC电池数据中心/Battery raw data/0.033C RPT Data/31. 45°C #7.csv,3121444,7a5a85fa,PASS,RISK_ACCEPTED_SOURCE_BINDING; ZIP mojibake sequence ┬░ normalized to extracted ° when present
用户风险接受的候选数据审计,__MACOSX/Battery raw data/0.033C RPT Data/._31. 45┬░C #7.csv,,c7702b1d,212,,,,MACOSX_METADATA_EXCLUDED,__MACOSX metadata member; excluded from data-tree binding
用户风险接受的候选数据审计,Battery raw data/0.033C RPT Data/25. 45┬░C #1.csv,0.033C RPT Data/25. 45°C #1.csv,3d86434a,3149833,/Users/wanghaoming/Public/SOC电池数据中心/SOC电池数据中心/Battery raw data/0.033C RPT Data/25. 45°C #1.csv,3149833,3d86434a,PASS,RISK_ACCEPTED_SOURCE_BINDING; ZIP mojibake sequence ┬░ normalized to extracted ° when present
用户风险接受的候选数据审计,__MACOSX/Battery raw data/0.033C RPT Data/._25. 45┬░C #1.csv,,c7702b1d,212,,,,MACOSX_METADATA_EXCLUDED,__MACOSX metadata member; excluded from data-tree binding
用户风险接受的候选数据审计,Battery raw data/0.033C RPT Data/52. LOW C@ 10┬░C #4.csv,0.033C RPT Data/52. LOW C@ 10°C #4.csv,ba5e11ad,3060448,/Users/wanghaoming/Public/SOC电池数据中心/SOC电池数据中心/Battery raw data/0.033C RPT Data/52. LOW C@ 10°C #4.csv,3060448,ba5e11ad,PASS,RISK_ACCEPTED_SOURCE_BINDING; ZIP mojibake sequence ┬░ normalized to extracted ° when present
用户风险接受的候选数据审计,__MACOSX/Battery raw data/0.033C RPT Data/._52. LOW C@ 10┬░C #4.csv,,c7702b1d,212,,,,MACOSX_METADATA_EXCLUDED,__MACOSX metadata member; excluded from data-tree binding
用户风险接受的候选数据审计,Battery raw data/0.033C RPT Data/53. LOW C@ 10┬░C #5.csv,0.033C RPT Data/53. LOW C@ 10°C #5.csv,b02a9b9f,2948837,/Users/wanghaoming/Public/SOC电池数据中心/SOC电池数据中心/Battery raw data/0.033C RPT Data/53. LOW C@ 10°C #5.csv,2948837,b02a9b9f,PASS,RISK_ACCEPTED_SOURCE_BINDING; ZIP mojibake sequence ┬░ normalized to extracted ° when present
用户风险接受的候选数据审计,__MACOSX/Battery raw data/0.033C RPT Data/._53. LOW C@ 10┬░C #5.csv,,c7702b1d,212,,,,MACOSX_METADATA_EXCLUDED,__MACOSX metadata member; excluded from data-tree binding
用户风险接受的候选数据审计,Battery raw data/0.033C RPT Data/33. 45┬░C #9.csv,0.033C RPT Data/33. 45°C #9.csv,4bb7a048,3137881,/Users/wanghaoming/Public/SOC电池数据中心/SOC电池数据中心/Battery raw data/0.033C RPT Data/33. 45°C #9.csv,3137881,4bb7a048,PASS,RISK_ACCEPTED_SOURCE_BINDING; ZIP mojibake sequence ┬░ normalized to extracted ° when present
用户风险接受的候选数据审计,__MACOSX/Battery raw data/0.033C RPT Data/._33. 45┬░C #9.csv,,c7702b1d,212,,,,MACOSX_METADATA_EXCLUDED,__MACOSX metadata member; excluded from data-tree binding
用户风险接受的候选数据审计,Battery raw data/0.033C RPT Data/16. 1V@ 25┬░C #4.csv,0.033C RPT Data/16. 1V@ 25°C #4.csv,fb00d345,2989379,/Users/wanghaoming/Public/SOC电池数据中心/SOC电池数据中心/Battery raw data/0.033C RPT Data/16. 1V@ 25°C #4.csv,2989379,fb00d345,PASS,RISK_ACCEPTED_SOURCE_BINDING; ZIP mojibake sequence ┬░ normalized to extracted ° when present
用户风险接受的候选数据审计,__MACOSX/Battery raw data/0.033C RPT Data/._16. 1V@ 25┬░C #4.csv,,c7702b1d,212,,,,MACOSX_METADATA_EXCLUDED,__MACOSX metadata member; excluded from data-tree binding
用户风险接受的候选数据审计,Battery raw data/0.033C RPT Data/24. 4.5V@ 25┬░C #4.csv,0.033C RPT Data/24. 4.5V@ 25°C #4.csv,76765adc,3145693,/Users/wanghaoming/Public/SOC电池数据中心/SOC电池数据中心/Battery raw data/0.033C RPT Data/24. 4.5V@ 25°C #4.csv,3145693,76765adc,PASS,RISK_ACCEPTED_SOURCE_BINDING; ZIP mojibake sequence ┬░ normalized to extracted ° when present
用户风险接受的候选数据审计,__MACOSX/Battery raw data/0.033C RPT Data/._24. 4.5V@ 25┬░C #4.csv,,c7702b1d,212,,,,MACOSX_METADATA_EXCLUDED,__MACOSX metadata member; excluded from data-tree binding
用户风险接受的候选数据审计,Battery raw data/0.033C RPT Data/10. HIGH C@ 25┬░C #2.csv,0.033C RPT Data/10. HIGH C@ 25°C #2.csv,43fa07f8,3163005,/Users/wanghaoming/Public/SOC电池数据中心/SOC电池数据中心/Battery raw data/0.033C RPT Data/10. HIGH C@ 25°C #2.csv,3163005,43fa07f8,PASS,RISK_ACCEPTED_SOURCE_BINDING; ZIP mojibake sequence ┬░ normalized to extracted ° when present
用户风险接受的候选数据审计,__MACOSX/Battery raw data/0.033C RPT Data/._10. HIGH C@ 25┬░C #2.csv,,c7702b1d,212,,,,MACOSX_METADATA_EXCLUDED,__MACOSX metadata member; excluded from data-tree binding
用户风险接受的候选数据审计,Battery raw data/0.033C RPT Data/47. 60┬░C #11.csv,0.033C RPT Data/47. 60°C #11.csv,a5e7ed48,3160055,/Users/wanghaoming/Public/SOC电池数据中心/SOC电池数据中心/Battery raw data/0.033C RPT Data/47. 60°C #11.csv,3160055,a5e7ed48,PASS,RISK_ACCEPTED_SOURCE_BINDING; ZIP mojibake sequence ┬░ normalized to extracted ° when present
用户风险接受的候选数据审计,__MACOSX/Battery raw data/0.033C RPT Data/._47. 60┬░C #11.csv,,c7702b1d,212,,,,MACOSX_METADATA_EXCLUDED,__MACOSX metadata member; excluded from data-tree binding
用户风险接受的候选数据审计,Battery raw data/0.033C RPT Data/44. 60┬░C #8.csv,0.033C RPT Data/44. 60°C #8.csv,1c406d1a,3163730,/Users/wanghaoming/Public/SOC电池数据中心/SOC电池数据中心/Battery raw data/0.033C RPT Data/44. 60°C #8.csv,3163730,1c406d1a,PASS,RISK_ACCEPTED_SOURCE_BINDING; ZIP mojibake sequence ┬░ normalized to extracted ° when present
用户风险接受的候选数据审计,__MACOSX/Battery raw data/0.033C RPT Data/._44. 60┬░C #8.csv,,c7702b1d,212,,,,MACOSX_METADATA_EXCLUDED,__MACOSX metadata member; excluded from data-tree binding
用户风险接受的候选数据审计,Battery raw data/0.033C RPT Data/29. 45┬░C #5.csv,0.033C RPT Data/29. 45°C #5.csv,2373b298,3113513,/Users/wanghaoming/Public/SOC电池数据中心/SOC电池数据中心/Battery raw data/0.033C RPT Data/29. 45°C #5.csv,3113513,2373b298,PASS,RISK_ACCEPTED_SOURCE_BINDING; ZIP mojibake sequence ┬░ normalized to extracted ° when present
用户风险接受的候选数据审计,__MACOSX/Battery raw data/0.033C RPT Data/._29. 45┬░C #5.csv,,c7702b1d,212,,,,MACOSX_METADATA_EXCLUDED,__MACOSX metadata member; excluded from data-tree binding
用户风险接受的候选数据审计,Battery raw data/0.033C RPT Data/21. 4.5V@ 25┬░C #1.csv,0.033C RPT Data/21. 4.5V@ 25°C #1.csv,614b5eea,3212340,/Users/wanghaoming/Public/SOC电池数据中心/SOC电池数据中心/Battery raw data/0.033C RPT Data/21. 4.5V@ 25°C #1.csv,3212340,614b5eea,PASS,RISK_ACCEPTED_SOURCE_BINDING; ZIP mojibake sequence ┬░ normalized to extracted ° when present
用户风险接受的候选数据审计,__MACOSX/Battery raw data/0.033C RPT Data/._21. 4.5V@ 25┬░C #1.csv,,c7702b1d,212,,,,MACOSX_METADATA_EXCLUDED,__MACOSX metadata member; excluded from data-tree binding
用户风险接受的候选数据审计,Battery raw data/0.033C RPT Data/41. 60┬░C #5.csv,0.033C RPT Data/41. 60°C #5.csv,a6980c04,3155376,/Users/wanghaoming/Public/SOC电池数据中心/SOC电池数据中心/Battery raw data/0.033C RPT Data/41. 60°C #5.csv,3155376,a6980c04,PASS,RISK_ACCEPTED_SOURCE_BINDING; ZIP mojibake sequence ┬░ normalized to extracted ° when present
用户风险接受的候选数据审计,__MACOSX/Battery raw data/0.033C RPT Data/._41. 60┬░C #5.csv,,c7702b1d,212,,,,MACOSX_METADATA_EXCLUDED,__MACOSX metadata member; excluded from data-tree binding
用户风险接受的候选数据审计,Battery raw data/0.033C RPT Data/35. 45┬░C #11.csv,0.033C RPT Data/35. 45°C #11.csv,5fc62619,3131023,/Users/wanghaoming/Public/SOC电池数据中心/SOC电池数据中心/Battery raw data/0.033C RPT Data/35. 45°C #11.csv,3131023,5fc62619,PASS,RISK_ACCEPTED_SOURCE_BINDING; ZIP mojibake sequence ┬░ normalized to extracted ° when present
用户风险接受的候选数据审计,__MACOSX/Battery raw data/0.033C RPT Data/._35. 45┬░C #11.csv,,c7702b1d,212,,,,MACOSX_METADATA_EXCLUDED,__MACOSX metadata member; excluded from data-tree binding
用户风险接受的候选数据审计,Battery raw data/0.033C RPT Data/6. LOW C@ 25┬░C #6.csv,0.033C RPT Data/6. LOW C@ 25°C #6.csv,85fd0b53,3119121,/Users/wanghaoming/Public/SOC电池数据中心/SOC电池数据中心/Battery raw data/0.033C RPT Data/6. LOW C@ 25°C #6.csv,3119121,85fd0b53,PASS,RISK_ACCEPTED_SOURCE_BINDING; ZIP mojibake sequence ┬░ normalized to extracted ° when present
用户风险接受的候选数据审计,__MACOSX/Battery raw data/0.033C RPT Data/._6. LOW C@ 25┬░C #6.csv,,c7702b1d,212,,,,MACOSX_METADATA_EXCLUDED,__MACOSX metadata member; excluded from data-tree binding
用户风险接受的候选数据审计,Battery raw data/0.033C RPT Data/7. LOW C@ 25┬░C #7.csv,0.033C RPT Data/7. LOW C@ 25°C #7.csv,ba72bb15,3124640,/Users/wanghaoming/Public/SOC电池数据中心/SOC电池数据中心/Battery raw data/0.033C RPT Data/7. LOW C@ 25°C #7.csv,3124640,ba72bb15,PASS,RISK_ACCEPTED_SOURCE_BINDING; ZIP mojibake sequence ┬░ normalized to extracted ° when present
用户风险接受的候选数据审计,__MACOSX/Battery raw data/0.033C RPT Data/._7. LOW C@ 25┬░C #7.csv,,c7702b1d,212,,,,MACOSX_METADATA_EXCLUDED,__MACOSX metadata member; excluded from data-tree binding
用户风险接受的候选数据审计,Battery raw data/0.033C RPT Data/22. 4.5V@ 25┬░C #2.csv,0.033C RPT Data/22. 4.5V@ 25°C #2.csv,45b2d89f,3095463,/Users/wanghaoming/Public/SOC电池数据中心/SOC电池数据中心/Battery raw data/0.033C RPT Data/22. 4.5V@ 25°C #2.csv,3095463,45b2d89f,PASS,RISK_ACCEPTED_SOURCE_BINDING; ZIP mojibake sequence ┬░ normalized to extracted ° when present
用户风险接受的候选数据审计,__MACOSX/Battery raw data/0.033C RPT Data/._22. 4.5V@ 25┬░C #2.csv,,c7702b1d,212,,,,MACOSX_METADATA_EXCLUDED,__MACOSX metadata member; excluded from data-tree binding
用户风险接受的候选数据审计,Battery raw data/0.033C RPT Data/45. 60┬░C #9.csv,0.033C RPT Data/45. 60°C #9.csv,98594d3f,3194815,/Users/wanghaoming/Public/SOC电池数据中心/SOC电池数据中心/Battery raw data/0.033C RPT Data/45. 60°C #9.csv,3194815,98594d3f,PASS,RISK_ACCEPTED_SOURCE_BINDING; ZIP mojibake sequence ┬░ normalized to extracted ° when present
用户风险接受的候选数据审计,__MACOSX/Battery raw data/0.033C RPT Data/._45. 60┬░C #9.csv,,c7702b1d,212,,,,MACOSX_METADATA_EXCLUDED,__MACOSX metadata member; excluded from data-tree binding
用户风险接受的候选数据审计,Battery raw data/0.033C RPT Data/4. LOW C@ 25┬░C #4.csv,0.033C RPT Data/4. LOW C@ 25°C #4.csv,e25fb7a8,3214754,/Users/wanghaoming/Public/SOC电池数据中心/SOC电池数据中心/Battery raw data/0.033C RPT Data/4. LOW C@ 25°C #4.csv,3214754,e25fb7a8,PASS,RISK_ACCEPTED_SOURCE_BINDING; ZIP mojibake sequence ┬░ normalized to extracted ° when present
用户风险接受的候选数据审计,__MACOSX/Battery raw data/0.033C RPT Data/._4. LOW C@ 25┬░C #4.csv,,c7702b1d,212,,,,MACOSX_METADATA_EXCLUDED,__MACOSX metadata member; excluded from data-tree binding
用户风险接受的候选数据审计,Battery raw data/0.033C RPT Data/13. 1V@ 25┬░C #1.csv,0.033C RPT Data/13. 1V@ 25°C #1.csv,2f617470,3049541,/Users/wanghaoming/Public/SOC电池数据中心/SOC电池数据中心/Battery raw data/0.033C RPT Data/13. 1V@ 25°C #1.csv,3049541,2f617470,PASS,RISK_ACCEPTED_SOURCE_BINDING; ZIP mojibake sequence ┬░ normalized to extracted ° when present
用户风险接受的候选数据审计,__MACOSX/Battery raw data/0.033C RPT Data/._13. 1V@ 25┬░C #1.csv,,c7702b1d,212,,,,MACOSX_METADATA_EXCLUDED,__MACOSX metadata member; excluded from data-tree binding
用户风险接受的候选数据审计,Battery raw data/0.033C RPT Data/17. 4.35V@ 25┬░C #1.csv,0.033C RPT Data/17. 4.35V@ 25°C #1.csv,b65b0f43,3112872,/Users/wanghaoming/Public/SOC电池数据中心/SOC电池数据中心/Battery raw data/0.033C RPT Data/17. 4.35V@ 25°C #1.csv,3112872,b65b0f43,PASS,RISK_ACCEPTED_SOURCE_BINDING; ZIP mojibake sequence ┬░ normalized to extracted ° when present
用户风险接受的候选数据审计,__MACOSX/Battery raw data/0.033C RPT Data/._17. 4.35V@ 25┬░C #1.csv,,c7702b1d,212,,,,MACOSX_METADATA_EXCLUDED,__MACOSX metadata member; excluded from data-tree binding
用户风险接受的候选数据审计,Battery raw data/0.033C RPT Data/11. HIGH C@ 25┬░C #3.csv,0.033C RPT Data/11. HIGH C@ 25°C #3.csv,e02686c4,3154165,/Users/wanghaoming/Public/SOC电池数据中心/SOC电池数据中心/Battery raw data/0.033C RPT Data/11. HIGH C@ 25°C #3.csv,3154165,e02686c4,PASS,RISK_ACCEPTED_SOURCE_BINDING; ZIP mojibake sequence ┬░ normalized to extracted ° when present
用户风险接受的候选数据审计,__MACOSX/Battery raw data/0.033C RPT Data/._11. HIGH C@ 25┬░C #3.csv,,c7702b1d,212,,,,MACOSX_METADATA_EXCLUDED,__MACOSX metadata member; excluded from data-tree binding
用户风险接受的候选数据审计,Battery raw data/0.033C RPT Data/5. LOW C@ 25┬░C #5.csv,0.033C RPT Data/5. LOW C@ 25°C #5.csv,16ea3236,3123816,/Users/wanghaoming/Public/SOC电池数据中心/SOC电池数据中心/Battery raw data/0.033C RPT Data/5. LOW C@ 25°C #5.csv,3123816,16ea3236,PASS,RISK_ACCEPTED_SOURCE_BINDING; ZIP mojibake sequence ┬░ normalized to extracted ° when present
用户风险接受的候选数据审计,__MACOSX/Battery raw data/0.033C RPT Data/._5. LOW C@ 25┬░C #5.csv,,c7702b1d,212,,,,MACOSX_METADATA_EXCLUDED,__MACOSX metadata member; excluded from data-tree binding
用户风险接受的候选数据审计,Battery raw data/0.033C RPT Data/28. 45┬░C #4.csv,0.033C RPT Data/28. 45°C #4.csv,f484cb69,3158990,/Users/wanghaoming/Public/SOC电池数据中心/SOC电池数据中心/Battery raw data/0.033C RPT Data/28. 45°C #4.csv,3158990,f484cb69,PASS,RISK_ACCEPTED_SOURCE_BINDING; ZIP mojibake sequence ┬░ normalized to extracted ° when present
用户风险接受的候选数据审计,__MACOSX/Battery raw data/0.033C RPT Data/._28. 45┬░C #4.csv,,c7702b1d,212,,,,MACOSX_METADATA_EXCLUDED,__MACOSX metadata member; excluded from data-tree binding
用户风险接受的候选数据审计,Battery raw data/0.033C RPT Data/2. LOW C@ 25┬░C #2.csv,0.033C RPT Data/2. LOW C@ 25°C #2.csv,bafdc240,3142978,/Users/wanghaoming/Public/SOC电池数据中心/SOC电池数据中心/Battery raw data/0.033C RPT Data/2. LOW C@ 25°C #2.csv,3142978,bafdc240,PASS,RISK_ACCEPTED_SOURCE_BINDING; ZIP mojibake sequence ┬░ normalized to extracted ° when present
用户风险接受的候选数据审计,__MACOSX/Battery raw data/0.033C RPT Data/._2. LOW C@ 25┬░C #2.csv,,c7702b1d,212,,,,MACOSX_METADATA_EXCLUDED,__MACOSX metadata member; excluded from data-tree binding
用户风险接受的候选数据审计,Battery raw data/0.033C RPT Data/37. 60┬░C #1.csv,0.033C RPT Data/37. 60°C #1.csv,24046d71,3197550,/Users/wanghaoming/Public/SOC电池数据中心/SOC电池数据中心/Battery raw data/0.033C RPT Data/37. 60°C #1.csv,3197550,24046d71,PASS,RISK_ACCEPTED_SOURCE_BINDING; ZIP mojibake sequence ┬░ normalized to extracted ° when present
用户风险接受的候选数据审计,__MACOSX/Battery raw data/0.033C RPT Data/._37. 60┬░C #1.csv,,c7702b1d,212,,,,MACOSX_METADATA_EXCLUDED,__MACOSX metadata member; excluded from data-tree binding
用户风险接受的候选数据审计,Battery raw data/0.033C RPT Data/3. LOW C@ 25┬░C #3.csv,0.033C RPT Data/3. LOW C@ 25°C #3.csv,317ef623,3205135,/Users/wanghaoming/Public/SOC电池数据中心/SOC电池数据中心/Battery raw data/0.033C RPT Data/3. LOW C@ 25°C #3.csv,3205135,317ef623,PASS,RISK_ACCEPTED_SOURCE_BINDING; ZIP mojibake sequence ┬░ normalized to extracted ° when present
用户风险接受的候选数据审计,__MACOSX/Battery raw data/0.033C RPT Data/._3. LOW C@ 25┬░C #3.csv,,c7702b1d,212,,,,MACOSX_METADATA_EXCLUDED,__MACOSX metadata member; excluded from data-tree binding
用户风险接受的候选数据审计,Battery raw data/0.033C RPT Data/36. 45┬░C #12.csv,0.033C RPT Data/36. 45°C #12.csv,7f627038,3115090,/Users/wanghaoming/Public/SOC电池数据中心/SOC电池数据中心/Battery raw data/0.033C RPT Data/36. 45°C #12.csv,3115090,7f627038,PASS,RISK_ACCEPTED_SOURCE_BINDING; ZIP mojibake sequence ┬░ normalized to extracted ° when present
用户风险接受的候选数据审计,__MACOSX/Battery raw data/0.033C RPT Data/._36. 45┬░C #12.csv,,c7702b1d,212,,,,MACOSX_METADATA_EXCLUDED,__MACOSX metadata member; excluded from data-tree binding
用户风险接受的候选数据审计,Battery raw data/0.033C RPT Data/40. 60┬░C #4.csv,0.033C RPT Data/40. 60°C #4.csv,e4e53432,3194876,/Users/wanghaoming/Public/SOC电池数据中心/SOC电池数据中心/Battery raw data/0.033C RPT Data/40. 60°C #4.csv,3194876,e4e53432,PASS,RISK_ACCEPTED_SOURCE_BINDING; ZIP mojibake sequence ┬░ normalized to extracted ° when present
用户风险接受的候选数据审计,__MACOSX/Battery raw data/0.033C RPT Data/._40. 60┬░C #4.csv,,c7702b1d,212,,,,MACOSX_METADATA_EXCLUDED,__MACOSX metadata member; excluded from data-tree binding
用户风险接受的候选数据审计,Battery raw data/0.033C RPT Data/1. LOW C@ 25┬░C #1.csv,0.033C RPT Data/1. LOW C@ 25°C #1.csv,72fb6be5,3115579,/Users/wanghaoming/Public/SOC电池数据中心/SOC电池数据中心/Battery raw data/0.033C RPT Data/1. LOW C@ 25°C #1.csv,3115579,72fb6be5,PASS,RISK_ACCEPTED_SOURCE_BINDING; ZIP mojibake sequence ┬░ normalized to extracted ° when present
用户风险接受的候选数据审计,__MACOSX/Battery raw data/0.033C RPT Data/._1. LOW C@ 25┬░C #1.csv,,c7702b1d,212,,,,MACOSX_METADATA_EXCLUDED,__MACOSX metadata member; excluded from data-tree binding
用户风险接受的候选数据审计,Battery raw data/0.033C RPT Data/23. 4.5V@ 25┬░C #3.csv,0.033C RPT Data/23. 4.5V@ 25°C #3.csv,395948b7,3161505,/Users/wanghaoming/Public/SOC电池数据中心/SOC电池数据中心/Battery raw data/0.033C RPT Data/23. 4.5V@ 25°C #3.csv,3161505,395948b7,PASS,RISK_ACCEPTED_SOURCE_BINDING; ZIP mojibake sequence ┬░ normalized to extracted ° when present
用户风险接受的候选数据审计,__MACOSX/Battery raw data/0.033C RPT Data/._23. 4.5V@ 25┬░C #3.csv,,c7702b1d,212,,,,MACOSX_METADATA_EXCLUDED,__MACOSX metadata member; excluded from data-tree binding
用户风险接受的候选数据审计,Battery raw data/0.033C RPT Data/42. 60┬░C #6.csv,0.033C RPT Data/42. 60°C #6.csv,6e8a1aef,3141636,/Users/wanghaoming/Public/SOC电池数据中心/SOC电池数据中心/Battery raw data/0.033C RPT Data/42. 60°C #6.csv,3141636,6e8a1aef,PASS,RISK_ACCEPTED_SOURCE_BINDING; ZIP mojibake sequence ┬░ normalized to extracted ° when present
用户风险接受的候选数据审计,__MACOSX/Battery raw data/0.033C RPT Data/._42. 60┬░C #6.csv,,c7702b1d,212,,,,MACOSX_METADATA_EXCLUDED,__MACOSX metadata member; excluded from data-tree binding
用户风险接受的候选数据审计,Battery raw data/0.033C RPT Data/20. 4.35V@ 25┬░C #4.csv,0.033C RPT Data/20. 4.35V@ 25°C #4.csv,3ef3931c,3139639,/Users/wanghaoming/Public/SOC电池数据中心/SOC电池数据中心/Battery raw data/0.033C RPT Data/20. 4.35V@ 25°C #4.csv,3139639,3ef3931c,PASS,RISK_ACCEPTED_SOURCE_BINDING; ZIP mojibake sequence ┬░ normalized to extracted ° when present
用户风险接受的候选数据审计,__MACOSX/Battery raw data/0.033C RPT Data/._20. 4.35V@ 25┬░C #4.csv,,c7702b1d,212,,,,MACOSX_METADATA_EXCLUDED,__MACOSX metadata member; excluded from data-tree binding
用户风险接受的候选数据审计,Battery raw data/0.033C RPT Data/14. 1V@ 25┬░C #2.csv,0.033C RPT Data/14. 1V@ 25°C #2.csv,0e385ea7,3241529,/Users/wanghaoming/Public/SOC电池数据中心/SOC电池数据中心/Battery raw data/0.033C RPT Data/14. 1V@ 25°C #2.csv,3241529,0e385ea7,PASS,RISK_ACCEPTED_SOURCE_BINDING; ZIP mojibake sequence ┬░ normalized to extracted ° when present
用户风险接受的候选数据审计,__MACOSX/Battery raw data/0.033C RPT Data/._14. 1V@ 25┬░C #2.csv,,c7702b1d,212,,,,MACOSX_METADATA_EXCLUDED,__MACOSX metadata member; excluded from data-tree binding
用户风险接受的候选数据审计,Battery raw data/0.033C RPT Data/59. HIGH C@ 10┬░C #3.csv,0.033C RPT Data/59. HIGH C@ 10°C #3.csv,9867dd1b,3136417,/Users/wanghaoming/Public/SOC电池数据中心/SOC电池数据中心/Battery raw data/0.033C RPT Data/59. HIGH C@ 10°C #3.csv,3136417,9867dd1b,PASS,RISK_ACCEPTED_SOURCE_BINDING; ZIP mojibake sequence ┬░ normalized to extracted ° when present
用户风险接受的候选数据审计,__MACOSX/Battery raw data/0.033C RPT Data/._59. HIGH C@ 10┬░C #3.csv,,c7702b1d,212,,,,MACOSX_METADATA_EXCLUDED,__MACOSX metadata member; excluded from data-tree binding
用户风险接受的候选数据审计,Battery raw data/0.033C RPT Data/43. 60┬░C #7.csv,0.033C RPT Data/43. 60°C #7.csv,c854d766,3159904,/Users/wanghaoming/Public/SOC电池数据中心/SOC电池数据中心/Battery raw data/0.033C RPT Data/43. 60°C #7.csv,3159904,c854d766,PASS,RISK_ACCEPTED_SOURCE_BINDING; ZIP mojibake sequence ┬░ normalized to extracted ° when present
用户风险接受的候选数据审计,__MACOSX/Battery raw data/0.033C RPT Data/._43. 60┬░C #7.csv,,c7702b1d,212,,,,MACOSX_METADATA_EXCLUDED,__MACOSX metadata member; excluded from data-tree binding
用户风险接受的候选数据审计,Battery raw data/0.033C RPT Data/48. 60┬░C #12.csv,0.033C RPT Data/48. 60°C #12.csv,e8acfa25,3152200,/Users/wanghaoming/Public/SOC电池数据中心/SOC电池数据中心/Battery raw data/0.033C RPT Data/48. 60°C #12.csv,3152200,e8acfa25,PASS,RISK_ACCEPTED_SOURCE_BINDING; ZIP mojibake sequence ┬░ normalized to extracted ° when present
用户风险接受的候选数据审计,__MACOSX/Battery raw data/0.033C RPT Data/._48. 60┬░C #12.csv,,c7702b1d,212,,,,MACOSX_METADATA_EXCLUDED,__MACOSX metadata member; excluded from data-tree binding
用户风险接受的候选数据审计,Battery raw data/0.033C RPT Data/34. 45┬░C #10.csv,0.033C RPT Data/34. 45°C #10.csv,58d44558,3129527,/Users/wanghaoming/Public/SOC电池数据中心/SOC电池数据中心/Battery raw data/0.033C RPT Data/34. 45°C #10.csv,3129527,58d44558,PASS,RISK_ACCEPTED_SOURCE_BINDING; ZIP mojibake sequence ┬░ normalized to extracted ° when present
用户风险接受的候选数据审计,__MACOSX/Battery raw data/0.033C RPT Data/._34. 45┬░C #10.csv,,c7702b1d,212,,,,MACOSX_METADATA_EXCLUDED,__MACOSX metadata member; excluded from data-tree binding
用户风险接受的候选数据审计,Battery raw data/0.033C RPT Data/12. HIGH C@ 25┬░C #4.csv,0.033C RPT Data/12. HIGH C@ 25°C #4.csv,63afa66b,3144767,/Users/wanghaoming/Public/SOC电池数据中心/SOC电池数据中心/Battery raw data/0.033C RPT Data/12. HIGH C@ 25°C #4.csv,3144767,63afa66b,PASS,RISK_ACCEPTED_SOURCE_BINDING; ZIP mojibake sequence ┬░ normalized to extracted ° when present
用户风险接受的候选数据审计,__MACOSX/Battery raw data/0.033C RPT Data/._12. HIGH C@ 25┬░C #4.csv,,c7702b1d,212,,,,MACOSX_METADATA_EXCLUDED,__MACOSX metadata member; excluded from data-tree binding
用户风险接受的候选数据审计,Battery raw data/0.033C RPT Data/58. HIGH C@ 10┬░C #2.csv,0.033C RPT Data/58. HIGH C@ 10°C #2.csv,9558b3b2,3141284,/Users/wanghaoming/Public/SOC电池数据中心/SOC电池数据中心/Battery raw data/0.033C RPT Data/58. HIGH C@ 10°C #2.csv,3141284,9558b3b2,PASS,RISK_ACCEPTED_SOURCE_BINDING; ZIP mojibake sequence ┬░ normalized to extracted ° when present
用户风险接受的候选数据审计,__MACOSX/Battery raw data/0.033C RPT Data/._58. HIGH C@ 10┬░C #2.csv,,c7702b1d,212,,,,MACOSX_METADATA_EXCLUDED,__MACOSX metadata member; excluded from data-tree binding
用户风险接受的候选数据审计,Battery raw data/0.033C RPT Data/57. HIGH C@ 10┬░C #1.csv,0.033C RPT Data/57. HIGH C@ 10°C #1.csv,23bff4da,3083428,/Users/wanghaoming/Public/SOC电池数据中心/SOC电池数据中心/Battery raw data/0.033C RPT Data/57. HIGH C@ 10°C #1.csv,3083428,23bff4da,PASS,RISK_ACCEPTED_SOURCE_BINDING; ZIP mojibake sequence ┬░ normalized to extracted ° when present
用户风险接受的候选数据审计,__MACOSX/Battery raw data/0.033C RPT Data/._57. HIGH C@ 10┬░C #1.csv,,c7702b1d,212,,,,MACOSX_METADATA_EXCLUDED,__MACOSX metadata member; excluded from data-tree binding
用户风险接受的候选数据审计,Battery raw data/0.033C RPT Data/15. 1V@ 25┬░C #3.csv,0.033C RPT Data/15. 1V@ 25°C #3.csv,0b95c2a5,2975132,/Users/wanghaoming/Public/SOC电池数据中心/SOC电池数据中心/Battery raw data/0.033C RPT Data/15. 1V@ 25°C #3.csv,2975132,0b95c2a5,PASS,RISK_ACCEPTED_SOURCE_BINDING; ZIP mojibake sequence ┬░ normalized to extracted ° when present
用户风险接受的候选数据审计,__MACOSX/Battery raw data/0.033C RPT Data/._15. 1V@ 25┬░C #3.csv,,c7702b1d,212,,,,MACOSX_METADATA_EXCLUDED,__MACOSX metadata member; excluded from data-tree binding
用户风险接受的候选数据审计,Battery raw data/0.033C RPT Data/46. 60┬░C #10.csv,0.033C RPT Data/46. 60°C #10.csv,e057ee09,3197584,/Users/wanghaoming/Public/SOC电池数据中心/SOC电池数据中心/Battery raw data/0.033C RPT Data/46. 60°C #10.csv,3197584,e057ee09,PASS,RISK_ACCEPTED_SOURCE_BINDING; ZIP mojibake sequence ┬░ normalized to extracted ° when present
用户风险接受的候选数据审计,__MACOSX/Battery raw data/0.033C RPT Data/._46. 60┬░C #10.csv,,c7702b1d,212,,,,MACOSX_METADATA_EXCLUDED,__MACOSX metadata member; excluded from data-tree binding
用户风险接受的候选数据审计,Battery raw data/0.033C RPT Data/39. 60┬░C #3.csv,0.033C RPT Data/39. 60°C #3.csv,f87f00b6,3181688,/Users/wanghaoming/Public/SOC电池数据中心/SOC电池数据中心/Battery raw data/0.033C RPT Data/39. 60°C #3.csv,3181688,f87f00b6,PASS,RISK_ACCEPTED_SOURCE_BINDING; ZIP mojibake sequence ┬░ normalized to extracted ° when present
用户风险接受的候选数据审计,__MACOSX/Battery raw data/0.033C RPT Data/._39. 60┬░C #3.csv,,c7702b1d,212,,,,MACOSX_METADATA_EXCLUDED,__MACOSX metadata member; excluded from data-tree binding
用户风险接受的候选数据审计,Battery raw data/0.033C RPT Data/27. 45┬░C #3.csv,0.033C RPT Data/27. 45°C #3.csv,06af88a2,3139542,/Users/wanghaoming/Public/SOC电池数据中心/SOC电池数据中心/Battery raw data/0.033C RPT Data/27. 45°C #3.csv,3139542,06af88a2,PASS,RISK_ACCEPTED_SOURCE_BINDING; ZIP mojibake sequence ┬░ normalized to extracted ° when present
用户风险接受的候选数据审计,__MACOSX/Battery raw data/0.033C RPT Data/._27. 45┬░C #3.csv,,c7702b1d,212,,,,MACOSX_METADATA_EXCLUDED,__MACOSX metadata member; excluded from data-tree binding
用户风险接受的候选数据审计,Battery raw data/0.033C RPT Data/60. HIGH C@ 10┬░C #4.csv,0.033C RPT Data/60. HIGH C@ 10°C #4.csv,4c610066,3177907,/Users/wanghaoming/Public/SOC电池数据中心/SOC电池数据中心/Battery raw data/0.033C RPT Data/60. HIGH C@ 10°C #4.csv,3177907,4c610066,PASS,RISK_ACCEPTED_SOURCE_BINDING; ZIP mojibake sequence ┬░ normalized to extracted ° when present
用户风险接受的候选数据审计,__MACOSX/Battery raw data/0.033C RPT Data/._60. HIGH C@ 10┬░C #4.csv,,c7702b1d,212,,,,MACOSX_METADATA_EXCLUDED,__MACOSX metadata member; excluded from data-tree binding
用户风险接受的候选数据审计,Battery raw data/0.033C RPT Data/9. HIGH C@ 25┬░C #1.csv,0.033C RPT Data/9. HIGH C@ 25°C #1.csv,52440357,3124749,/Users/wanghaoming/Public/SOC电池数据中心/SOC电池数据中心/Battery raw data/0.033C RPT Data/9. HIGH C@ 25°C #1.csv,3124749,52440357,PASS,RISK_ACCEPTED_SOURCE_BINDING; ZIP mojibake sequence ┬░ normalized to extracted ° when present
用户风险接受的候选数据审计,__MACOSX/Battery raw data/0.033C RPT Data/._9. HIGH C@ 25┬░C #1.csv,,c7702b1d,212,,,,MACOSX_METADATA_EXCLUDED,__MACOSX metadata member; excluded from data-tree binding
用户风险接受的候选数据审计,Battery raw data/0.033C RPT Data/8. LOW C@ 25┬░C #8.csv,0.033C RPT Data/8. LOW C@ 25°C #8.csv,5744c1a8,3120028,/Users/wanghaoming/Public/SOC电池数据中心/SOC电池数据中心/Battery raw data/0.033C RPT Data/8. LOW C@ 25°C #8.csv,3120028,5744c1a8,PASS,RISK_ACCEPTED_SOURCE_BINDING; ZIP mojibake sequence ┬░ normalized to extracted ° when present
用户风险接受的候选数据审计,__MACOSX/Battery raw data/0.033C RPT Data/._8. LOW C@ 25┬░C #8.csv,,c7702b1d,212,,,,MACOSX_METADATA_EXCLUDED,__MACOSX metadata member; excluded from data-tree binding
用户风险接受的候选数据审计,Battery raw data/0.033C RPT Data/56. LOW C@ 10┬░C #8.csv,0.033C RPT Data/56. LOW C@ 10°C #8.csv,33b20810,2952332,/Users/wanghaoming/Public/SOC电池数据中心/SOC电池数据中心/Battery raw data/0.033C RPT Data/56. LOW C@ 10°C #8.csv,2952332,33b20810,PASS,RISK_ACCEPTED_SOURCE_BINDING; ZIP mojibake sequence ┬░ normalized to extracted ° when present
用户风险接受的候选数据审计,__MACOSX/Battery raw data/0.033C RPT Data/._56. LOW C@ 10┬░C #8.csv,,c7702b1d,212,,,,MACOSX_METADATA_EXCLUDED,__MACOSX metadata member; excluded from data-tree binding
用户风险接受的候选数据审计,Battery raw data/0.033C RPT Data/38. 60┬░C #2.csv,0.033C RPT Data/38. 60°C #2.csv,542ce513,3180105,/Users/wanghaoming/Public/SOC电池数据中心/SOC电池数据中心/Battery raw data/0.033C RPT Data/38. 60°C #2.csv,3180105,542ce513,PASS,RISK_ACCEPTED_SOURCE_BINDING; ZIP mojibake sequence ┬░ normalized to extracted ° when present
用户风险接受的候选数据审计,__MACOSX/Battery raw data/0.033C RPT Data/._38. 60┬░C #2.csv,,c7702b1d,212,,,,MACOSX_METADATA_EXCLUDED,__MACOSX metadata member; excluded from data-tree binding
用户风险接受的候选数据审计,Battery raw data/0.033C RPT Data/26. 45┬░C #2.csv,0.033C RPT Data/26. 45°C #2.csv,cc7443df,3157671,/Users/wanghaoming/Public/SOC电池数据中心/SOC电池数据中心/Battery raw data/0.033C RPT Data/26. 45°C #2.csv,3157671,cc7443df,PASS,RISK_ACCEPTED_SOURCE_BINDING; ZIP mojibake sequence ┬░ normalized to extracted ° when present
用户风险接受的候选数据审计,__MACOSX/Battery raw data/0.033C RPT Data/._26. 45┬░C #2.csv,,c7702b1d,212,,,,MACOSX_METADATA_EXCLUDED,__MACOSX metadata member; excluded from data-tree binding
用户风险接受的候选数据审计,__MACOSX/Battery raw data/Cycle Data/._28. 45┬░C #4,,c7702b1d,212,,,,MACOSX_METADATA_EXCLUDED,__MACOSX metadata member; excluded from data-tree binding
用户风险接受的候选数据审计,__MACOSX/Battery raw data/Cycle Data/._57. HIGH C@ 10┬░C #1,,c7702b1d,212,,,,MACOSX_METADATA_EXCLUDED,__MACOSX metadata member; excluded from data-tree binding
用户风险接受的候选数据审计,__MACOSX/Battery raw data/Cycle Data/._35. 45┬░C #11,,c7702b1d,212,,,,MACOSX_METADATA_EXCLUDED,__MACOSX metadata member; excluded from data-tree binding
用户风险接受的候选数据审计,__MACOSX/Battery raw data/Cycle Data/._43. 60┬░C #7,,c7702b1d,212,,,,MACOSX_METADATA_EXCLUDED,__MACOSX metadata member; excluded from data-tree binding
用户风险接受的候选数据审计,__MACOSX/Battery raw data/Cycle Data/._14. 1V@ 25┬░C #2,,c7702b1d,212,,,,MACOSX_METADATA_EXCLUDED,__MACOSX metadata member; excluded from data-tree binding
用户风险接受的候选数据审计,__MACOSX/Battery raw data/Cycle Data/._53. LOW C@ 10┬░C #5,,c7702b1d,212,,,,MACOSX_METADATA_EXCLUDED,__MACOSX metadata member; excluded from data-tree binding
用户风险接受的候选数据审计,__MACOSX/Battery raw data/Cycle Data/._60. HIGH C@ 10┬░C #4,,c7702b1d,212,,,,MACOSX_METADATA_EXCLUDED,__MACOSX metadata member; excluded from data-tree binding
用户风险接受的候选数据审计,__MACOSX/Battery raw data/Cycle Data/._29. 45┬░C #5,,c7702b1d,212,,,,MACOSX_METADATA_EXCLUDED,__MACOSX metadata member; excluded from data-tree binding
用户风险接受的候选数据审计,__MACOSX/Battery raw data/Cycle Data/._42. 60┬░C #6,,c7702b1d,212,,,,MACOSX_METADATA_EXCLUDED,__MACOSX metadata member; excluded from data-tree binding
用户风险接受的候选数据审计,__MACOSX/Battery raw data/Cycle Data/._41. 60┬░C #5,,c7702b1d,212,,,,MACOSX_METADATA_EXCLUDED,__MACOSX metadata member; excluded from data-tree binding
用户风险接受的候选数据审计,__MACOSX/Battery raw data/Cycle Data/._19. 4.35V@ 25┬░C #3,,c7702b1d,212,,,,MACOSX_METADATA_EXCLUDED,__MACOSX metadata member; excluded from data-tree binding
用户风险接受的候选数据审计,__MACOSX/Battery raw data/Cycle Data/._40. 60┬░C #4,,c7702b1d,212,,,,MACOSX_METADATA_EXCLUDED,__MACOSX metadata member; excluded from data-tree binding
用户风险接受的候选数据审计,__MACOSX/Battery raw data/Cycle Data/._15. 1V@ 25┬░C #3,,c7702b1d,212,,,,MACOSX_METADATA_EXCLUDED,__MACOSX metadata member; excluded from data-tree binding
用户风险接受的候选数据审计,__MACOSX/Battery raw data/Cycle Data/._12. HIGH C@ 25┬░C #4,,c7702b1d,212,,,,MACOSX_METADATA_EXCLUDED,__MACOSX metadata member; excluded from data-tree binding
用户风险接受的候选数据审计,__MACOSX/Battery raw data/Cycle Data/._49. LOW C@ 10┬░C #1,,c7702b1d,212,,,,MACOSX_METADATA_EXCLUDED,__MACOSX metadata member; excluded from data-tree binding
用户风险接受的候选数据审计,__MACOSX/Battery raw data/Cycle Data/._36. 45┬░C #12,,c7702b1d,212,,,,MACOSX_METADATA_EXCLUDED,__MACOSX metadata member; excluded from data-tree binding
用户风险接受的候选数据审计,__MACOSX/Battery raw data/Cycle Data/._18. 4.35V@ 25┬░C #2,,c7702b1d,212,,,,MACOSX_METADATA_EXCLUDED,__MACOSX metadata member; excluded from data-tree binding
用户风险接受的候选数据审计,__MACOSX/Battery raw data/Cycle Data/._34. 45┬░C #10,,c7702b1d,212,,,,MACOSX_METADATA_EXCLUDED,__MACOSX metadata member; excluded from data-tree binding
用户风险接受的候选数据审计,__MACOSX/Battery raw data/Cycle Data/._56 LOW C@ 10┬░C #8,,c7702b1d,212,,,,MACOSX_METADATA_EXCLUDED,__MACOSX metadata member; excluded from data-tree binding
用户风险接受的候选数据审计,__MACOSX/Battery raw data/Cycle Data/._52. LOW C@ 10┬░C #4,,c7702b1d,212,,,,MACOSX_METADATA_EXCLUDED,__MACOSX metadata member; excluded from data-tree binding
用户风险接受的候选数据审计,__MACOSX/Battery raw data/Cycle Data/._21. 4.5V@ 25┬░C #1,,c7702b1d,212,,,,MACOSX_METADATA_EXCLUDED,__MACOSX metadata member; excluded from data-tree binding
用户风险接受的候选数据审计,__MACOSX/Battery raw data/Cycle Data/._31. 45┬░C #7,,c7702b1d,212,,,,MACOSX_METADATA_EXCLUDED,__MACOSX metadata member; excluded from data-tree binding
用户风险接受的候选数据审计,__MACOSX/Battery raw data/Cycle Data/._45. 60┬░C #9,,c7702b1d,212,,,,MACOSX_METADATA_EXCLUDED,__MACOSX metadata member; excluded from data-tree binding
用户风险接受的候选数据审计,__MACOSX/Battery raw data/Cycle Data/._44. 60┬░C #8,,c7702b1d,212,,,,MACOSX_METADATA_EXCLUDED,__MACOSX metadata member; excluded from data-tree binding
用户风险接受的候选数据审计,__MACOSX/Battery raw data/Cycle Data/._30. 45┬░C #6,,c7702b1d,212,,,,MACOSX_METADATA_EXCLUDED,__MACOSX metadata member; excluded from data-tree binding
用户风险接受的候选数据审计,__MACOSX/Battery raw data/Cycle Data/._9. HIGH C@ 25┬░C #1,,c7702b1d,212,,,,MACOSX_METADATA_EXCLUDED,__MACOSX metadata member; excluded from data-tree binding
用户风险接受的候选数据审计,__MACOSX/Battery raw data/Cycle Data/._1. LOW C@ 25┬░C #1,,c7702b1d,212,,,,MACOSX_METADATA_EXCLUDED,__MACOSX metadata member; excluded from data-tree binding
用户风险接受的候选数据审计,__MACOSX/Battery raw data/Cycle Data/._13. 1V@ 25┬░C #1,,c7702b1d,212,,,,MACOSX_METADATA_EXCLUDED,__MACOSX metadata member; excluded from data-tree binding
用户风险接受的候选数据审计,__MACOSX/Battery raw data/Cycle Data/._23. 4.5V@ 25┬░C #3,,c7702b1d,212,,,,MACOSX_METADATA_EXCLUDED,__MACOSX metadata member; excluded from data-tree binding
用户风险接受的候选数据审计,__MACOSX/Battery raw data/Cycle Data/._5. LOW C@ 25┬░C #5,,c7702b1d,212,,,,MACOSX_METADATA_EXCLUDED,__MACOSX metadata member; excluded from data-tree binding
用户风险接受的候选数据审计,__MACOSX/Battery raw data/Cycle Data/._24. 4.5V@ 25┬░C #4,,c7702b1d,212,,,,MACOSX_METADATA_EXCLUDED,__MACOSX metadata member; excluded from data-tree binding
用户风险接受的候选数据审计,__MACOSX/Battery raw data/Cycle Data/._58. HIGH C@ 10┬░C #2,,c7702b1d,212,,,,MACOSX_METADATA_EXCLUDED,__MACOSX metadata member; excluded from data-tree binding
用户风险接受的候选数据审计,__MACOSX/Battery raw data/Cycle Data/._37. 60┬░C #1,,c7702b1d,212,,,,MACOSX_METADATA_EXCLUDED,__MACOSX metadata member; excluded from data-tree binding
用户风险接受的候选数据审计,__MACOSX/Battery raw data/Cycle Data/._22. 4.5V@ 25┬░C #2,,c7702b1d,212,,,,MACOSX_METADATA_EXCLUDED,__MACOSX metadata member; excluded from data-tree binding
用户风险接受的候选数据审计,__MACOSX/Battery raw data/Cycle Data/._2. LOW C@ 25┬░C #2,,c7702b1d,212,,,,MACOSX_METADATA_EXCLUDED,__MACOSX metadata member; excluded from data-tree binding
用户风险接受的候选数据审计,__MACOSX/Battery raw data/Cycle Data/._47. 60┬░C #11,,c7702b1d,212,,,,MACOSX_METADATA_EXCLUDED,__MACOSX metadata member; excluded from data-tree binding
用户风险接受的候选数据审计,__MACOSX/Battery raw data/Cycle Data/._54. LOW C@ 10┬░C #6,,c7702b1d,212,,,,MACOSX_METADATA_EXCLUDED,__MACOSX metadata member; excluded from data-tree binding
用户风险接受的候选数据审计,__MACOSX/Battery raw data/Cycle Data/._48. 60┬░C #12,,c7702b1d,212,,,,MACOSX_METADATA_EXCLUDED,__MACOSX metadata member; excluded from data-tree binding
用户风险接受的候选数据审计,__MACOSX/Battery raw data/Cycle Data/._20. 4.35V@ 25┬░C #4,,c7702b1d,212,,,,MACOSX_METADATA_EXCLUDED,__MACOSX metadata member; excluded from data-tree binding
用户风险接受的候选数据审计,__MACOSX/Battery raw data/Cycle Data/._50. LOW C@ 10┬░C #2,,c7702b1d,212,,,,MACOSX_METADATA_EXCLUDED,__MACOSX metadata member; excluded from data-tree binding
用户风险接受的候选数据审计,__MACOSX/Battery raw data/Cycle Data/._10. HIGH C@ 25┬░C #2,,c7702b1d,212,,,,MACOSX_METADATA_EXCLUDED,__MACOSX metadata member; excluded from data-tree binding
用户风险接受的候选数据审计,__MACOSX/Battery raw data/Cycle Data/._6. LOW C@ 25┬░C #6,,c7702b1d,212,,,,MACOSX_METADATA_EXCLUDED,__MACOSX metadata member; excluded from data-tree binding
用户风险接受的候选数据审计,__MACOSX/Battery raw data/Cycle Data/._8. LOW C@ 25┬░C #8,,c7702b1d,212,,,,MACOSX_METADATA_EXCLUDED,__MACOSX metadata member; excluded from data-tree binding
用户风险接受的候选数据审计,__MACOSX/Battery raw data/Cycle Data/._27. 45┬░C #3,,c7702b1d,212,,,,MACOSX_METADATA_EXCLUDED,__MACOSX metadata member; excluded from data-tree binding
用户风险接受的候选数据审计,__MACOSX/Battery raw data/Cycle Data/._17. 4.35V@ 25┬░C #1,,c7702b1d,212,,,,MACOSX_METADATA_EXCLUDED,__MACOSX metadata member; excluded from data-tree binding
用户风险接受的候选数据审计,__MACOSX/Battery raw data/Cycle Data/._32. 45┬░C #8,,c7702b1d,212,,,,MACOSX_METADATA_EXCLUDED,__MACOSX metadata member; excluded from data-tree binding
用户风险接受的候选数据审计,__MACOSX/Battery raw data/Cycle Data/._7. LOW C@ 25┬░C #7,,c7702b1d,212,,,,MACOSX_METADATA_EXCLUDED,__MACOSX metadata member; excluded from data-tree binding
用户风险接受的候选数据审计,__MACOSX/Battery raw data/Cycle Data/._51. LOW C@ 10┬░C #3,,c7702b1d,212,,,,MACOSX_METADATA_EXCLUDED,__MACOSX metadata member; excluded from data-tree binding
用户风险接受的候选数据审计,__MACOSX/Battery raw data/Cycle Data/._26. 45┬░C #2,,c7702b1d,212,,,,MACOSX_METADATA_EXCLUDED,__MACOSX metadata member; excluded from data-tree binding
用户风险接受的候选数据审计,__MACOSX/Battery raw data/Cycle Data/._55. LOW C@ 10┬░C #7,,c7702b1d,212,,,,MACOSX_METADATA_EXCLUDED,__MACOSX metadata member; excluded from data-tree binding
用户风险接受的候选数据审计,__MACOSX/Battery raw data/Cycle Data/._3. LOW C@ 25┬░C #3,,c7702b1d,212,,,,MACOSX_METADATA_EXCLUDED,__MACOSX metadata member; excluded from data-tree binding
用户风险接受的候选数据审计,__MACOSX/Battery raw data/Cycle Data/._33. 45┬░C #9,,c7702b1d,212,,,,MACOSX_METADATA_EXCLUDED,__MACOSX metadata member; excluded from data-tree binding
用户风险接受的候选数据审计,__MACOSX/Battery raw data/Cycle Data/._11. HIGH C@ 25┬░C #3,,c7702b1d,212,,,,MACOSX_METADATA_EXCLUDED,__MACOSX metadata member; excluded from data-tree binding
用户风险接受的候选数据审计,__MACOSX/Battery raw data/Cycle Data/._25. 45┬░C #1,,c7702b1d,212,,,,MACOSX_METADATA_EXCLUDED,__MACOSX metadata member; excluded from data-tree binding
用户风险接受的候选数据审计,__MACOSX/Battery raw data/Cycle Data/._4. LOW C@ 25┬░C #4,,c7702b1d,212,,,,MACOSX_METADATA_EXCLUDED,__MACOSX metadata member; excluded from data-tree binding
用户风险接受的候选数据审计,__MACOSX/Battery raw data/Cycle Data/._38. 60┬░C #2,,c7702b1d,212,,,,MACOSX_METADATA_EXCLUDED,__MACOSX metadata member; excluded from data-tree binding
用户风险接受的候选数据审计,__MACOSX/Battery raw data/Cycle Data/._46. 60┬░C #10,,c7702b1d,212,,,,MACOSX_METADATA_EXCLUDED,__MACOSX metadata member; excluded from data-tree binding
用户风险接受的候选数据审计,__MACOSX/Battery raw data/Cycle Data/._59. HIGH C@ 10┬░C #3,,c7702b1d,212,,,,MACOSX_METADATA_EXCLUDED,__MACOSX metadata member; excluded from data-tree binding
用户风险接受的候选数据审计,__MACOSX/Battery raw data/Cycle Data/._39. 60┬░C #3,,c7702b1d,212,,,,MACOSX_METADATA_EXCLUDED,__MACOSX metadata member; excluded from data-tree binding
用户风险接受的候选数据审计,__MACOSX/Battery raw data/Cycle Data/._16. 1V@ 25┬░C #4,,c7702b1d,212,,,,MACOSX_METADATA_EXCLUDED,__MACOSX metadata member; excluded from data-tree binding
用户风险接受的候选数据审计,Battery raw data/After SOH80 Data/23. CYCLE_after_SOH80_4.5V@ 25┬░C #3.csv,After SOH80 Data/23. CYCLE_after_SOH80_4.5V@ 25°C #3.csv,e48348b2,29473701,/Users/wanghaoming/Public/SOC电池数据中心/SOC电池数据中心/Battery raw data/After SOH80 Data/23. CYCLE_after_SOH80_4.5V@ 25°C #3.csv,29473701,e48348b2,PASS,RISK_ACCEPTED_SOURCE_BINDING; ZIP mojibake sequence ┬░ normalized to extracted ° when present
用户风险接受的候选数据审计,__MACOSX/Battery raw data/After SOH80 Data/._23. CYCLE_after_SOH80_4.5V@ 25┬░C #3.csv,,c7702b1d,212,,,,MACOSX_METADATA_EXCLUDED,__MACOSX metadata member; excluded from data-tree binding
用户风险接受的候选数据审计,Battery raw data/After SOH80 Data/55. CYCLE_after_SOH80_LOW C@ 10┬░C #7.csv,After SOH80 Data/55. CYCLE_after_SOH80_LOW C@ 10°C #7.csv,b8915e67,34159144,/Users/wanghaoming/Public/SOC电池数据中心/SOC电池数据中心/Battery raw data/After SOH80 Data/55. CYCLE_after_SOH80_LOW C@ 10°C #7.csv,34159144,b8915e67,PASS,RISK_ACCEPTED_SOURCE_BINDING; ZIP mojibake sequence ┬░ normalized to extracted ° when present
用户风险接受的候选数据审计,__MACOSX/Battery raw data/After SOH80 Data/._55. CYCLE_after_SOH80_LOW C@ 10┬░C #7.csv,,c7702b1d,212,,,,MACOSX_METADATA_EXCLUDED,__MACOSX metadata member; excluded from data-tree binding
用户风险接受的候选数据审计,Battery raw data/After SOH80 Data/53. CYCLE_after_SOH80_LOW C@ 10┬░C #5.csv,After SOH80 Data/53. CYCLE_after_SOH80_LOW C@ 10°C #5.csv,48307436,24546862,/Users/wanghaoming/Public/SOC电池数据中心/SOC电池数据中心/Battery raw data/After SOH80 Data/53. CYCLE_after_SOH80_LOW C@ 10°C #5.csv,24546862,48307436,PASS,RISK_ACCEPTED_SOURCE_BINDING; ZIP mojibake sequence ┬░ normalized to extracted ° when present
用户风险接受的候选数据审计,__MACOSX/Battery raw data/After SOH80 Data/._53. CYCLE_after_SOH80_LOW C@ 10┬░C #5.csv,,c7702b1d,212,,,,MACOSX_METADATA_EXCLUDED,__MACOSX metadata member; excluded from data-tree binding
用户风险接受的候选数据审计,Battery raw data/After SOH80 Data/52. CYCLE_after_SOH80_LOW C@ 10┬░C #4.csv,After SOH80 Data/52. CYCLE_after_SOH80_LOW C@ 10°C #4.csv,921f2f74,31523829,/Users/wanghaoming/Public/SOC电池数据中心/SOC电池数据中心/Battery raw data/After SOH80 Data/52. CYCLE_after_SOH80_LOW C@ 10°C #4.csv,31523829,921f2f74,PASS,RISK_ACCEPTED_SOURCE_BINDING; ZIP mojibake sequence ┬░ normalized to extracted ° when present
用户风险接受的候选数据审计,__MACOSX/Battery raw data/After SOH80 Data/._52. CYCLE_after_SOH80_LOW C@ 10┬░C #4.csv,,c7702b1d,212,,,,MACOSX_METADATA_EXCLUDED,__MACOSX metadata member; excluded from data-tree binding
用户风险接受的候选数据审计,Battery raw data/After SOH80 Data/54. CYCLE_after_SOH80_LOW C@ 10┬░C #6.csv,After SOH80 Data/54. CYCLE_after_SOH80_LOW C@ 10°C #6.csv,ec5be5d0,39835161,/Users/wanghaoming/Public/SOC电池数据中心/SOC电池数据中心/Battery raw data/After SOH80 Data/54. CYCLE_after_SOH80_LOW C@ 10°C #6.csv,39835161,ec5be5d0,PASS,RISK_ACCEPTED_SOURCE_BINDING; ZIP mojibake sequence ┬░ normalized to extracted ° when present
用户风险接受的候选数据审计,__MACOSX/Battery raw data/After SOH80 Data/._54. CYCLE_after_SOH80_LOW C@ 10┬░C #6.csv,,c7702b1d,212,,,,MACOSX_METADATA_EXCLUDED,__MACOSX metadata member; excluded from data-tree binding
用户风险接受的候选数据审计,Battery raw data/After SOH80 Data/28. CYCLE_after_SOH80_45┬░C #4.csv,After SOH80 Data/28. CYCLE_after_SOH80_45°C #4.csv,fe8d0a6f,78922260,/Users/wanghaoming/Public/SOC电池数据中心/SOC电池数据中心/Battery raw data/After SOH80 Data/28. CYCLE_after_SOH80_45°C #4.csv,78922260,fe8d0a6f,PASS,RISK_ACCEPTED_SOURCE_BINDING; ZIP mojibake sequence ┬░ normalized to extracted ° when present
用户风险接受的候选数据审计,__MACOSX/Battery raw data/After SOH80 Data/._28. CYCLE_after_SOH80_45┬░C #4.csv,,c7702b1d,212,,,,MACOSX_METADATA_EXCLUDED,__MACOSX metadata member; excluded from data-tree binding
用户风险接受的候选数据审计,Battery raw data/After SOH80 Data/13. CYCLE_after_SOH80_1V@ 25┬░C #1.csv,After SOH80 Data/13. CYCLE_after_SOH80_1V@ 25°C #1.csv,ee1e5901,33723639,/Users/wanghaoming/Public/SOC电池数据中心/SOC电池数据中心/Battery raw data/After SOH80 Data/13. CYCLE_after_SOH80_1V@ 25°C #1.csv,33723639,ee1e5901,PASS,RISK_ACCEPTED_SOURCE_BINDING; ZIP mojibake sequence ┬░ normalized to extracted ° when present
用户风险接受的候选数据审计,__MACOSX/Battery raw data/After SOH80 Data/._13. CYCLE_after_SOH80_1V@ 25┬░C #1.csv,,c7702b1d,212,,,,MACOSX_METADATA_EXCLUDED,__MACOSX metadata member; excluded from data-tree binding
用户风险接受的候选数据审计,Battery raw data/After SOH80 Data/34. CYCLE_after_SOH80_45┬░C #10.csv,After SOH80 Data/34. CYCLE_after_SOH80_45°C #10.csv,d3f77a7b,78343540,/Users/wanghaoming/Public/SOC电池数据中心/SOC电池数据中心/Battery raw data/After SOH80 Data/34. CYCLE_after_SOH80_45°C #10.csv,78343540,d3f77a7b,PASS,RISK_ACCEPTED_SOURCE_BINDING; ZIP mojibake sequence ┬░ normalized to extracted ° when present
用户风险接受的候选数据审计,__MACOSX/Battery raw data/After SOH80 Data/._34. CYCLE_after_SOH80_45┬░C #10.csv,,c7702b1d,212,,,,MACOSX_METADATA_EXCLUDED,__MACOSX metadata member; excluded from data-tree binding
用户风险接受的候选数据审计,Battery raw data/After SOH80 Data/31. CYCLE_after_SOH80_45┬░C #7.csv,After SOH80 Data/31. CYCLE_after_SOH80_45°C #7.csv,347bc307,85135037,/Users/wanghaoming/Public/SOC电池数据中心/SOC电池数据中心/Battery raw data/After SOH80 Data/31. CYCLE_after_SOH80_45°C #7.csv,85135037,347bc307,PASS,RISK_ACCEPTED_SOURCE_BINDING; ZIP mojibake sequence ┬░ normalized to extracted ° when present
用户风险接受的候选数据审计,__MACOSX/Battery raw data/After SOH80 Data/._31. CYCLE_after_SOH80_45┬░C #7.csv,,c7702b1d,212,,,,MACOSX_METADATA_EXCLUDED,__MACOSX metadata member; excluded from data-tree binding
用户风险接受的候选数据审计,Battery raw data/After SOH80 Data/32. CYCLE_after_SOH80_45┬░C #8.csv,After SOH80 Data/32. CYCLE_after_SOH80_45°C #8.csv,0818c6f3,89348807,/Users/wanghaoming/Public/SOC电池数据中心/SOC电池数据中心/Battery raw data/After SOH80 Data/32. CYCLE_after_SOH80_45°C #8.csv,89348807,0818c6f3,PASS,RISK_ACCEPTED_SOURCE_BINDING; ZIP mojibake sequence ┬░ normalized to extracted ° when present
用户风险接受的候选数据审计,__MACOSX/Battery raw data/After SOH80 Data/._32. CYCLE_after_SOH80_45┬░C #8.csv,,c7702b1d,212,,,,MACOSX_METADATA_EXCLUDED,__MACOSX metadata member; excluded from data-tree binding
用户风险接受的候选数据审计,Battery raw data/After SOH80 Data/50. CYCLE_after_SOH80_LOW C@ 10┬░C #2.csv,After SOH80 Data/50. CYCLE_after_SOH80_LOW C@ 10°C #2.csv,c82a8a79,30300894,/Users/wanghaoming/Public/SOC电池数据中心/SOC电池数据中心/Battery raw data/After SOH80 Data/50. CYCLE_after_SOH80_LOW C@ 10°C #2.csv,30300894,c82a8a79,PASS,RISK_ACCEPTED_SOURCE_BINDING; ZIP mojibake sequence ┬░ normalized to extracted ° when present
用户风险接受的候选数据审计,__MACOSX/Battery raw data/After SOH80 Data/._50. CYCLE_after_SOH80_LOW C@ 10┬░C #2.csv,,c7702b1d,212,,,,MACOSX_METADATA_EXCLUDED,__MACOSX metadata member; excluded from data-tree binding
用户风险接受的候选数据审计,Battery raw data/After SOH80 Data/22. CYCLE_after_SOH80_4.5V@ 25┬░C #2.csv,After SOH80 Data/22. CYCLE_after_SOH80_4.5V@ 25°C #2.csv,6018e736,35204802,/Users/wanghaoming/Public/SOC电池数据中心/SOC电池数据中心/Battery raw data/After SOH80 Data/22. CYCLE_after_SOH80_4.5V@ 25°C #2.csv,35204802,6018e736,PASS,RISK_ACCEPTED_SOURCE_BINDING; ZIP mojibake sequence ┬░ normalized to extracted ° when present
用户风险接受的候选数据审计,__MACOSX/Battery raw data/After SOH80 Data/._22. CYCLE_after_SOH80_4.5V@ 25┬░C #2.csv,,c7702b1d,212,,,,MACOSX_METADATA_EXCLUDED,__MACOSX metadata member; excluded from data-tree binding
用户风险接受的候选数据审计,Battery raw data/After SOH80 Data/24. CYCLE_after_SOH80_4.5V@ 25┬░C #4.csv,After SOH80 Data/24. CYCLE_after_SOH80_4.5V@ 25°C #4.csv,4b2cace4,38594306,/Users/wanghaoming/Public/SOC电池数据中心/SOC电池数据中心/Battery raw data/After SOH80 Data/24. CYCLE_after_SOH80_4.5V@ 25°C #4.csv,38594306,4b2cace4,PASS,RISK_ACCEPTED_SOURCE_BINDING; ZIP mojibake sequence ┬░ normalized to extracted ° when present
用户风险接受的候选数据审计,__MACOSX/Battery raw data/After SOH80 Data/._24. CYCLE_after_SOH80_4.5V@ 25┬░C #4.csv,,c7702b1d,212,,,,MACOSX_METADATA_EXCLUDED,__MACOSX metadata member; excluded from data-tree binding
用户风险接受的候选数据审计,Battery raw data/After SOH80 Data/51. CYCLE_after_SOH80_LOW C@ 10┬░C #3.csv,After SOH80 Data/51. CYCLE_after_SOH80_LOW C@ 10°C #3.csv,34d9ce9d,30564786,/Users/wanghaoming/Public/SOC电池数据中心/SOC电池数据中心/Battery raw data/After SOH80 Data/51. CYCLE_after_SOH80_LOW C@ 10°C #3.csv,30564786,34d9ce9d,PASS,RISK_ACCEPTED_SOURCE_BINDING; ZIP mojibake sequence ┬░ normalized to extracted ° when present
用户风险接受的候选数据审计,__MACOSX/Battery raw data/After SOH80 Data/._51. CYCLE_after_SOH80_LOW C@ 10┬░C #3.csv,,c7702b1d,212,,,,MACOSX_METADATA_EXCLUDED,__MACOSX metadata member; excluded from data-tree binding
用户风险接受的候选数据审计,Battery raw data/After SOH80 Data/15. CYCLE_after_SOH80_1V@ 25┬░C #3.csv,After SOH80 Data/15. CYCLE_after_SOH80_1V@ 25°C #3.csv,9aeaa2ab,33815276,/Users/wanghaoming/Public/SOC电池数据中心/SOC电池数据中心/Battery raw data/After SOH80 Data/15. CYCLE_after_SOH80_1V@ 25°C #3.csv,33815276,9aeaa2ab,PASS,RISK_ACCEPTED_SOURCE_BINDING; ZIP mojibake sequence ┬░ normalized to extracted ° when present
用户风险接受的候选数据审计,__MACOSX/Battery raw data/After SOH80 Data/._15. CYCLE_after_SOH80_1V@ 25┬░C #3.csv,,c7702b1d,212,,,,MACOSX_METADATA_EXCLUDED,__MACOSX metadata member; excluded from data-tree binding
用户风险接受的候选数据审计,Battery raw data/After SOH80 Data/57. CYCLE_after_SOH80_HIGH C@ 10┬░C #1.csv,After SOH80 Data/57. CYCLE_after_SOH80_HIGH C@ 10°C #1.csv,d0dacfc9,31042370,/Users/wanghaoming/Public/SOC电池数据中心/SOC电池数据中心/Battery raw data/After SOH80 Data/57. CYCLE_after_SOH80_HIGH C@ 10°C #1.csv,31042370,d0dacfc9,PASS,RISK_ACCEPTED_SOURCE_BINDING; ZIP mojibake sequence ┬░ normalized to extracted ° when present
用户风险接受的候选数据审计,__MACOSX/Battery raw data/After SOH80 Data/._57. CYCLE_after_SOH80_HIGH C@ 10┬░C #1.csv,,c7702b1d,212,,,,MACOSX_METADATA_EXCLUDED,__MACOSX metadata member; excluded from data-tree binding
用户风险接受的候选数据审计,Battery raw data/After SOH80 Data/48. CYCLE_after_SOH80_60┬░C #12.csv,After SOH80 Data/48. CYCLE_after_SOH80_60°C #12.csv,5e6cc845,129307370,/Users/wanghaoming/Public/SOC电池数据中心/SOC电池数据中心/Battery raw data/After SOH80 Data/48. CYCLE_after_SOH80_60°C #12.csv,129307370,5e6cc845,PASS,RISK_ACCEPTED_SOURCE_BINDING; ZIP mojibake sequence ┬░ normalized to extracted ° when present
用户风险接受的候选数据审计,__MACOSX/Battery raw data/After SOH80 Data/._48. CYCLE_after_SOH80_60┬░C #12.csv,,c7702b1d,212,,,,MACOSX_METADATA_EXCLUDED,__MACOSX metadata member; excluded from data-tree binding
用户风险接受的候选数据审计,Battery raw data/After SOH80 Data/42. CYCLE_after_SOH80_60┬░C #6.csv,After SOH80 Data/42. CYCLE_after_SOH80_60°C #6.csv,f9e4a7ab,128830773,/Users/wanghaoming/Public/SOC电池数据中心/SOC电池数据中心/Battery raw data/After SOH80 Data/42. CYCLE_after_SOH80_60°C #6.csv,128830773,f9e4a7ab,PASS,RISK_ACCEPTED_SOURCE_BINDING; ZIP mojibake sequence ┬░ normalized to extracted ° when present
用户风险接受的候选数据审计,__MACOSX/Battery raw data/After SOH80 Data/._42. CYCLE_after_SOH80_60┬░C #6.csv,,c7702b1d,212,,,,MACOSX_METADATA_EXCLUDED,__MACOSX metadata member; excluded from data-tree binding
用户风险接受的候选数据审计,Battery raw data/After SOH80 Data/12. CYCLE_after_SOH80_HIGH C@ 25┬░C #4.csv,After SOH80 Data/12. CYCLE_after_SOH80_HIGH C@ 25°C #4.csv,b7a1b7c4,56199593,/Users/wanghaoming/Public/SOC电池数据中心/SOC电池数据中心/Battery raw data/After SOH80 Data/12. CYCLE_after_SOH80_HIGH C@ 25°C #4.csv,56199593,b7a1b7c4,PASS,RISK_ACCEPTED_SOURCE_BINDING; ZIP mojibake sequence ┬░ normalized to extracted ° when present
用户风险接受的候选数据审计,__MACOSX/Battery raw data/After SOH80 Data/._12. CYCLE_after_SOH80_HIGH C@ 25┬░C #4.csv,,c7702b1d,212,,,,MACOSX_METADATA_EXCLUDED,__MACOSX metadata member; excluded from data-tree binding
用户风险接受的候选数据审计,Battery raw data/After SOH80 Data/29. CYCLE_after_SOH80_45┬░C #5.csv,After SOH80 Data/29. CYCLE_after_SOH80_45°C #5.csv,c19b4b15,78827097,/Users/wanghaoming/Public/SOC电池数据中心/SOC电池数据中心/Battery raw data/After SOH80 Data/29. CYCLE_after_SOH80_45°C #5.csv,78827097,c19b4b15,PASS,RISK_ACCEPTED_SOURCE_BINDING; ZIP mojibake sequence ┬░ normalized to extracted ° when present
用户风险接受的候选数据审计,__MACOSX/Battery raw data/After SOH80 Data/._29. CYCLE_after_SOH80_45┬░C #5.csv,,c7702b1d,212,,,,MACOSX_METADATA_EXCLUDED,__MACOSX metadata member; excluded from data-tree binding
用户风险接受的候选数据审计,Battery raw data/After SOH80 Data/58. CYCLE_after_SOH80_HIGH C@ 10┬░C #2.csv,After SOH80 Data/58. CYCLE_after_SOH80_HIGH C@ 10°C #2.csv,1c549d04,31687341,/Users/wanghaoming/Public/SOC电池数据中心/SOC电池数据中心/Battery raw data/After SOH80 Data/58. CYCLE_after_SOH80_HIGH C@ 10°C #2.csv,31687341,1c549d04,PASS,RISK_ACCEPTED_SOURCE_BINDING; ZIP mojibake sequence ┬░ normalized to extracted ° when present
用户风险接受的候选数据审计,__MACOSX/Battery raw data/After SOH80 Data/._58. CYCLE_after_SOH80_HIGH C@ 10┬░C #2.csv,,c7702b1d,212,,,,MACOSX_METADATA_EXCLUDED,__MACOSX metadata member; excluded from data-tree binding
用户风险接受的候选数据审计,Battery raw data/After SOH80 Data/49. CYCLE_after_SOH80_LOW C@ 10┬░C #1.csv,After SOH80 Data/49. CYCLE_after_SOH80_LOW C@ 10°C #1.csv,36dbdeb6,31402073,/Users/wanghaoming/Public/SOC电池数据中心/SOC电池数据中心/Battery raw data/After SOH80 Data/49. CYCLE_after_SOH80_LOW C@ 10°C #1.csv,31402073,36dbdeb6,PASS,RISK_ACCEPTED_SOURCE_BINDING; ZIP mojibake sequence ┬░ normalized to extracted ° when present
用户风险接受的候选数据审计,__MACOSX/Battery raw data/After SOH80 Data/._49. CYCLE_after_SOH80_LOW C@ 10┬░C #1.csv,,c7702b1d,212,,,,MACOSX_METADATA_EXCLUDED,__MACOSX metadata member; excluded from data-tree binding
用户风险接受的候选数据审计,Battery raw data/After SOH80 Data/30. CYCLE_after_SOH80_45┬░C #6.csv,After SOH80 Data/30. CYCLE_after_SOH80_45°C #6.csv,d17e3d01,85066233,/Users/wanghaoming/Public/SOC电池数据中心/SOC电池数据中心/Battery raw data/After SOH80 Data/30. CYCLE_after_SOH80_45°C #6.csv,85066233,d17e3d01,PASS,RISK_ACCEPTED_SOURCE_BINDING; ZIP mojibake sequence ┬░ normalized to extracted ° when present
用户风险接受的候选数据审计,__MACOSX/Battery raw data/After SOH80 Data/._30. CYCLE_after_SOH80_45┬░C #6.csv,,c7702b1d,212,,,,MACOSX_METADATA_EXCLUDED,__MACOSX metadata member; excluded from data-tree binding
用户风险接受的候选数据审计,Battery raw data/After SOH80 Data/19. CYCLE_after_SOH80_4.35V@ 25┬░C #3.csv,After SOH80 Data/19. CYCLE_after_SOH80_4.35V@ 25°C #3.csv,1bbc7487,40262689,/Users/wanghaoming/Public/SOC电池数据中心/SOC电池数据中心/Battery raw data/After SOH80 Data/19. CYCLE_after_SOH80_4.35V@ 25°C #3.csv,40262689,1bbc7487,PASS,RISK_ACCEPTED_SOURCE_BINDING; ZIP mojibake sequence ┬░ normalized to extracted ° when present
用户风险接受的候选数据审计,__MACOSX/Battery raw data/After SOH80 Data/._19. CYCLE_after_SOH80_4.35V@ 25┬░C #3.csv,,c7702b1d,212,,,,MACOSX_METADATA_EXCLUDED,__MACOSX metadata member; excluded from data-tree binding
用户风险接受的候选数据审计,Battery raw data/After SOH80 Data/33. CYCLE_after_SOH80_45┬░C #9.csv,After SOH80 Data/33. CYCLE_after_SOH80_45°C #9.csv,74a727ea,78701909,/Users/wanghaoming/Public/SOC电池数据中心/SOC电池数据中心/Battery raw data/After SOH80 Data/33. CYCLE_after_SOH80_45°C #9.csv,78701909,74a727ea,PASS,RISK_ACCEPTED_SOURCE_BINDING; ZIP mojibake sequence ┬░ normalized to extracted ° when present
用户风险接受的候选数据审计,__MACOSX/Battery raw data/After SOH80 Data/._33. CYCLE_after_SOH80_45┬░C #9.csv,,c7702b1d,212,,,,MACOSX_METADATA_EXCLUDED,__MACOSX metadata member; excluded from data-tree binding
用户风险接受的候选数据审计,Battery raw data/After SOH80 Data/18. CYCLE_after_SOH80_4.35V@ 25┬░C #2.csv,After SOH80 Data/18. CYCLE_after_SOH80_4.35V@ 25°C #2.csv,b56d444b,23019994,/Users/wanghaoming/Public/SOC电池数据中心/SOC电池数据中心/Battery raw data/After SOH80 Data/18. CYCLE_after_SOH80_4.35V@ 25°C #2.csv,23019994,b56d444b,PASS,RISK_ACCEPTED_SOURCE_BINDING; ZIP mojibake sequence ┬░ normalized to extracted ° when present
用户风险接受的候选数据审计,__MACOSX/Battery raw data/After SOH80 Data/._18. CYCLE_after_SOH80_4.35V@ 25┬░C #2.csv,,c7702b1d,212,,,,MACOSX_METADATA_EXCLUDED,__MACOSX metadata member; excluded from data-tree binding
用户风险接受的候选数据审计,Battery raw data/After SOH80 Data/37. CYCLE_after_SOH80_60┬░C #1.csv,After SOH80 Data/37. CYCLE_after_SOH80_60°C #1.csv,6dbd40a2,129348044,/Users/wanghaoming/Public/SOC电池数据中心/SOC电池数据中心/Battery raw data/After SOH80 Data/37. CYCLE_after_SOH80_60°C #1.csv,129348044,6dbd40a2,PASS,RISK_ACCEPTED_SOURCE_BINDING; ZIP mojibake sequence ┬░ normalized to extracted ° when present
用户风险接受的候选数据审计,__MACOSX/Battery raw data/After SOH80 Data/._37. CYCLE_after_SOH80_60┬░C #1.csv,,c7702b1d,212,,,,MACOSX_METADATA_EXCLUDED,__MACOSX metadata member; excluded from data-tree binding
用户风险接受的候选数据审计,Battery raw data/After SOH80 Data/46. CYCLE_after_SOH80_60┬░C #10.csv,After SOH80 Data/46. CYCLE_after_SOH80_60°C #10.csv,1d8995ba,129188469,/Users/wanghaoming/Public/SOC电池数据中心/SOC电池数据中心/Battery raw data/After SOH80 Data/46. CYCLE_after_SOH80_60°C #10.csv,129188469,1d8995ba,PASS,RISK_ACCEPTED_SOURCE_BINDING; ZIP mojibake sequence ┬░ normalized to extracted ° when present
用户风险接受的候选数据审计,__MACOSX/Battery raw data/After SOH80 Data/._46. CYCLE_after_SOH80_60┬░C #10.csv,,c7702b1d,212,,,,MACOSX_METADATA_EXCLUDED,__MACOSX metadata member; excluded from data-tree binding
用户风险接受的候选数据审计,Battery raw data/After SOH80 Data/14. CYCLE_after_SOH80_1V@ 25┬░C #2.csv,After SOH80 Data/14. CYCLE_after_SOH80_1V@ 25°C #2.csv,cf049061,36279878,/Users/wanghaoming/Public/SOC电池数据中心/SOC电池数据中心/Battery raw data/After SOH80 Data/14. CYCLE_after_SOH80_1V@ 25°C #2.csv,36279878,cf049061,PASS,RISK_ACCEPTED_SOURCE_BINDING; ZIP mojibake sequence ┬░ normalized to extracted ° when present
用户风险接受的候选数据审计,__MACOSX/Battery raw data/After SOH80 Data/._14. CYCLE_after_SOH80_1V@ 25┬░C #2.csv,,c7702b1d,212,,,,MACOSX_METADATA_EXCLUDED,__MACOSX metadata member; excluded from data-tree binding
用户风险接受的候选数据审计,Battery raw data/After SOH80 Data/11. CYCLE_after_SOH80_HIGH C@ 25┬░C #3.csv,After SOH80 Data/11. CYCLE_after_SOH80_HIGH C@ 25°C #3.csv,a6006c24,41279588,/Users/wanghaoming/Public/SOC电池数据中心/SOC电池数据中心/Battery raw data/After SOH80 Data/11. CYCLE_after_SOH80_HIGH C@ 25°C #3.csv,41279588,a6006c24,PASS,RISK_ACCEPTED_SOURCE_BINDING; ZIP mojibake sequence ┬░ normalized to extracted ° when present
用户风险接受的候选数据审计,__MACOSX/Battery raw data/After SOH80 Data/._11. CYCLE_after_SOH80_HIGH C@ 25┬░C #3.csv,,c7702b1d,212,,,,MACOSX_METADATA_EXCLUDED,__MACOSX metadata member; excluded from data-tree binding
用户风险接受的候选数据审计,Battery raw data/After SOH80 Data/43. CYCLE_after_SOH80_60┬░C #7.csv,After SOH80 Data/43. CYCLE_after_SOH80_60°C #7.csv,653c1378,128813525,/Users/wanghaoming/Public/SOC电池数据中心/SOC电池数据中心/Battery raw data/After SOH80 Data/43. CYCLE_after_SOH80_60°C #7.csv,128813525,653c1378,PASS,RISK_ACCEPTED_SOURCE_BINDING; ZIP mojibake sequence ┬░ normalized to extracted ° when present
用户风险接受的候选数据审计,__MACOSX/Battery raw data/After SOH80 Data/._43. CYCLE_after_SOH80_60┬░C #7.csv,,c7702b1d,212,,,,MACOSX_METADATA_EXCLUDED,__MACOSX metadata member; excluded from data-tree binding
用户风险接受的候选数据审计,Battery raw data/After SOH80 Data/25. CYCLE_after_SOH80_45┬░C #1.csv,After SOH80 Data/25. CYCLE_after_SOH80_45°C #1.csv,f01e2d39,78670109,/Users/wanghaoming/Public/SOC电池数据中心/SOC电池数据中心/Battery raw data/After SOH80 Data/25. CYCLE_after_SOH80_45°C #1.csv,78670109,f01e2d39,PASS,RISK_ACCEPTED_SOURCE_BINDING; ZIP mojibake sequence ┬░ normalized to extracted ° when present
用户风险接受的候选数据审计,__MACOSX/Battery raw data/After SOH80 Data/._25. CYCLE_after_SOH80_45┬░C #1.csv,,c7702b1d,212,,,,MACOSX_METADATA_EXCLUDED,__MACOSX metadata member; excluded from data-tree binding
用户风险接受的候选数据审计,Battery raw data/After SOH80 Data/9. CYCLE_after_SOH80_HIGH C@ 25┬░C #1.csv,After SOH80 Data/9. CYCLE_after_SOH80_HIGH C@ 25°C #1.csv,d46558e6,49289687,/Users/wanghaoming/Public/SOC电池数据中心/SOC电池数据中心/Battery raw data/After SOH80 Data/9. CYCLE_after_SOH80_HIGH C@ 25°C #1.csv,49289687,d46558e6,PASS,RISK_ACCEPTED_SOURCE_BINDING; ZIP mojibake sequence ┬░ normalized to extracted ° when present
用户风险接受的候选数据审计,__MACOSX/Battery raw data/After SOH80 Data/._9. CYCLE_after_SOH80_HIGH C@ 25┬░C #1.csv,,c7702b1d,212,,,,MACOSX_METADATA_EXCLUDED,__MACOSX metadata member; excluded from data-tree binding
用户风险接受的候选数据审计,Battery raw data/After SOH80 Data/10. CYCLE_after_SOH80_HIGH C@ 25┬░C #2.csv,After SOH80 Data/10. CYCLE_after_SOH80_HIGH C@ 25°C #2.csv,028fa550,23196423,/Users/wanghaoming/Public/SOC电池数据中心/SOC电池数据中心/Battery raw data/After SOH80 Data/10. CYCLE_after_SOH80_HIGH C@ 25°C #2.csv,23196423,028fa550,PASS,RISK_ACCEPTED_SOURCE_BINDING; ZIP mojibake sequence ┬░ normalized to extracted ° when present
用户风险接受的候选数据审计,__MACOSX/Battery raw data/After SOH80 Data/._10. CYCLE_after_SOH80_HIGH C@ 25┬░C #2.csv,,c7702b1d,212,,,,MACOSX_METADATA_EXCLUDED,__MACOSX metadata member; excluded from data-tree binding
用户风险接受的候选数据审计,Battery raw data/After SOH80 Data/45. CYCLE_after_SOH80_60┬░C #9.csv,After SOH80 Data/45. CYCLE_after_SOH80_60°C #9.csv,564136ea,129157723,/Users/wanghaoming/Public/SOC电池数据中心/SOC电池数据中心/Battery raw data/After SOH80 Data/45. CYCLE_after_SOH80_60°C #9.csv,129157723,564136ea,PASS,RISK_ACCEPTED_SOURCE_BINDING; ZIP mojibake sequence ┬░ normalized to extracted ° when present
用户风险接受的候选数据审计,__MACOSX/Battery raw data/After SOH80 Data/._45. CYCLE_after_SOH80_60┬░C #9.csv,,c7702b1d,212,,,,MACOSX_METADATA_EXCLUDED,__MACOSX metadata member; excluded from data-tree binding
用户风险接受的候选数据审计,Battery raw data/After SOH80 Data/47. CYCLE_after_SOH80_60┬░C #11.csv,After SOH80 Data/47. CYCLE_after_SOH80_60°C #11.csv,4ac35239,128821098,/Users/wanghaoming/Public/SOC电池数据中心/SOC电池数据中心/Battery raw data/After SOH80 Data/47. CYCLE_after_SOH80_60°C #11.csv,128821098,4ac35239,PASS,RISK_ACCEPTED_SOURCE_BINDING; ZIP mojibake sequence ┬░ normalized to extracted ° when present
用户风险接受的候选数据审计,__MACOSX/Battery raw data/After SOH80 Data/._47. CYCLE_after_SOH80_60┬░C #11.csv,,c7702b1d,212,,,,MACOSX_METADATA_EXCLUDED,__MACOSX metadata member; excluded from data-tree binding
用户风险接受的候选数据审计,Battery raw data/After SOH80 Data/59. CYCLE_after_SOH80_HIGH C@ 10┬░C #3.csv,After SOH80 Data/59. CYCLE_after_SOH80_HIGH C@ 10°C #3.csv,70f93e9b,29107832,/Users/wanghaoming/Public/SOC电池数据中心/SOC电池数据中心/Battery raw data/After SOH80 Data/59. CYCLE_after_SOH80_HIGH C@ 10°C #3.csv,29107832,70f93e9b,PASS,RISK_ACCEPTED_SOURCE_BINDING; ZIP mojibake sequence ┬░ normalized to extracted ° when present
用户风险接受的候选数据审计,__MACOSX/Battery raw data/After SOH80 Data/._59. CYCLE_after_SOH80_HIGH C@ 10┬░C #3.csv,,c7702b1d,212,,,,MACOSX_METADATA_EXCLUDED,__MACOSX metadata member; excluded from data-tree binding
用户风险接受的候选数据审计,Battery raw data/After SOH80 Data/26. CYCLE_after_SOH80_45┬░C #2.csv,After SOH80 Data/26. CYCLE_after_SOH80_45°C #2.csv,3fb87bb5,85031593,/Users/wanghaoming/Public/SOC电池数据中心/SOC电池数据中心/Battery raw data/After SOH80 Data/26. CYCLE_after_SOH80_45°C #2.csv,85031593,3fb87bb5,PASS,RISK_ACCEPTED_SOURCE_BINDING; ZIP mojibake sequence ┬░ normalized to extracted ° when present
用户风险接受的候选数据审计,__MACOSX/Battery raw data/After SOH80 Data/._26. CYCLE_after_SOH80_45┬░C #2.csv,,c7702b1d,212,,,,MACOSX_METADATA_EXCLUDED,__MACOSX metadata member; excluded from data-tree binding
用户风险接受的候选数据审计,Battery raw data/After SOH80 Data/40.CYCLE_after_SOH80_60┬░C #4.csv,After SOH80 Data/40.CYCLE_after_SOH80_60°C #4.csv,82996f24,129283404,/Users/wanghaoming/Public/SOC电池数据中心/SOC电池数据中心/Battery raw data/After SOH80 Data/40.CYCLE_after_SOH80_60°C #4.csv,129283404,82996f24,PASS,RISK_ACCEPTED_SOURCE_BINDING; ZIP mojibake sequence ┬░ normalized to extracted ° when present
用户风险接受的候选数据审计,__MACOSX/Battery raw data/After SOH80 Data/._40.CYCLE_after_SOH80_60┬░C #4.csv,,c7702b1d,212,,,,MACOSX_METADATA_EXCLUDED,__MACOSX metadata member; excluded from data-tree binding
用户风险接受的候选数据审计,Battery raw data/After SOH80 Data/38. CYCLE_after_SOH80_60┬░C #2.csv,After SOH80 Data/38. CYCLE_after_SOH80_60°C #2.csv,9525c3cc,128150078,/Users/wanghaoming/Public/SOC电池数据中心/SOC电池数据中心/Battery raw data/After SOH80 Data/38. CYCLE_after_SOH80_60°C #2.csv,128150078,9525c3cc,PASS,RISK_ACCEPTED_SOURCE_BINDING; ZIP mojibake sequence ┬░ normalized to extracted ° when present
用户风险接受的候选数据审计,__MACOSX/Battery raw data/After SOH80 Data/._38. CYCLE_after_SOH80_60┬░C #2.csv,,c7702b1d,212,,,,MACOSX_METADATA_EXCLUDED,__MACOSX metadata member; excluded from data-tree binding
用户风险接受的候选数据审计,Battery raw data/After SOH80 Data/8. CYCLE_after_SOH80_LOW C@ 25┬░C #8.csv,After SOH80 Data/8. CYCLE_after_SOH80_LOW C@ 25°C #8.csv,670e805d,47516832,/Users/wanghaoming/Public/SOC电池数据中心/SOC电池数据中心/Battery raw data/After SOH80 Data/8. CYCLE_after_SOH80_LOW C@ 25°C #8.csv,47516832,670e805d,PASS,RISK_ACCEPTED_SOURCE_BINDING; ZIP mojibake sequence ┬░ normalized to extracted ° when present
用户风险接受的候选数据审计,__MACOSX/Battery raw data/After SOH80 Data/._8. CYCLE_after_SOH80_LOW C@ 25┬░C #8.csv,,c7702b1d,212,,,,MACOSX_METADATA_EXCLUDED,__MACOSX metadata member; excluded from data-tree binding
用户风险接受的候选数据审计,Battery raw data/After SOH80 Data/36. CYCLE_after_SOH80_45┬░C #12.csv,After SOH80 Data/36. CYCLE_after_SOH80_45°C #12.csv,21608be8,98099265,/Users/wanghaoming/Public/SOC电池数据中心/SOC电池数据中心/Battery raw data/After SOH80 Data/36. CYCLE_after_SOH80_45°C #12.csv,98099265,21608be8,PASS,RISK_ACCEPTED_SOURCE_BINDING; ZIP mojibake sequence ┬░ normalized to extracted ° when present
用户风险接受的候选数据审计,__MACOSX/Battery raw data/After SOH80 Data/._36. CYCLE_after_SOH80_45┬░C #12.csv,,c7702b1d,212,,,,MACOSX_METADATA_EXCLUDED,__MACOSX metadata member; excluded from data-tree binding
用户风险接受的候选数据审计,Battery raw data/After SOH80 Data/4. CYCLE_after_SOH80_LOW C@ 25┬░C #4.csv,After SOH80 Data/4. CYCLE_after_SOH80_LOW C@ 25°C #4.csv,20159f4e,56091389,/Users/wanghaoming/Public/SOC电池数据中心/SOC电池数据中心/Battery raw data/After SOH80 Data/4. CYCLE_after_SOH80_LOW C@ 25°C #4.csv,56091389,20159f4e,PASS,RISK_ACCEPTED_SOURCE_BINDING; ZIP mojibake sequence ┬░ normalized to extracted ° when present
用户风险接受的候选数据审计,__MACOSX/Battery raw data/After SOH80 Data/._4. CYCLE_after_SOH80_LOW C@ 25┬░C #4.csv,,c7702b1d,212,,,,MACOSX_METADATA_EXCLUDED,__MACOSX metadata member; excluded from data-tree binding
用户风险接受的候选数据审计,Battery raw data/After SOH80 Data/5. CYCLE_after_SOH80_LOW C@ 25┬░C #5.csv,After SOH80 Data/5. CYCLE_after_SOH80_LOW C@ 25°C #5.csv,557b2f6d,47336100,/Users/wanghaoming/Public/SOC电池数据中心/SOC电池数据中心/Battery raw data/After SOH80 Data/5. CYCLE_after_SOH80_LOW C@ 25°C #5.csv,47336100,557b2f6d,PASS,RISK_ACCEPTED_SOURCE_BINDING; ZIP mojibake sequence ┬░ normalized to extracted ° when present
用户风险接受的候选数据审计,__MACOSX/Battery raw data/After SOH80 Data/._5. CYCLE_after_SOH80_LOW C@ 25┬░C #5.csv,,c7702b1d,212,,,,MACOSX_METADATA_EXCLUDED,__MACOSX metadata member; excluded from data-tree binding
用户风险接受的候选数据审计,Battery raw data/After SOH80 Data/35. CYCLE_after_SOH80_45┬░C #11.csv,After SOH80 Data/35. CYCLE_after_SOH80_45°C #11.csv,e69beba7,87981777,/Users/wanghaoming/Public/SOC电池数据中心/SOC电池数据中心/Battery raw data/After SOH80 Data/35. CYCLE_after_SOH80_45°C #11.csv,87981777,e69beba7,PASS,RISK_ACCEPTED_SOURCE_BINDING; ZIP mojibake sequence ┬░ normalized to extracted ° when present
用户风险接受的候选数据审计,__MACOSX/Battery raw data/After SOH80 Data/._35. CYCLE_after_SOH80_45┬░C #11.csv,,c7702b1d,212,,,,MACOSX_METADATA_EXCLUDED,__MACOSX metadata member; excluded from data-tree binding
用户风险接受的候选数据审计,Battery raw data/After SOH80 Data/20. CYCLE_after_SOH80_4.35V@ 25┬░C #4.csv,After SOH80 Data/20. CYCLE_after_SOH80_4.35V@ 25°C #4.csv,f1d84a15,32886942,/Users/wanghaoming/Public/SOC电池数据中心/SOC电池数据中心/Battery raw data/After SOH80 Data/20. CYCLE_after_SOH80_4.35V@ 25°C #4.csv,32886942,f1d84a15,PASS,RISK_ACCEPTED_SOURCE_BINDING; ZIP mojibake sequence ┬░ normalized to extracted ° when present
用户风险接受的候选数据审计,__MACOSX/Battery raw data/After SOH80 Data/._20. CYCLE_after_SOH80_4.35V@ 25┬░C #4.csv,,c7702b1d,212,,,,MACOSX_METADATA_EXCLUDED,__MACOSX metadata member; excluded from data-tree binding
用户风险接受的候选数据审计,Battery raw data/After SOH80 Data/6. CYCLE_after_SOH80_LOW C@ 25┬░C #6.csv,After SOH80 Data/6. CYCLE_after_SOH80_LOW C@ 25°C #6.csv,e906569e,53027684,/Users/wanghaoming/Public/SOC电池数据中心/SOC电池数据中心/Battery raw data/After SOH80 Data/6. CYCLE_after_SOH80_LOW C@ 25°C #6.csv,53027684,e906569e,PASS,RISK_ACCEPTED_SOURCE_BINDING; ZIP mojibake sequence ┬░ normalized to extracted ° when present
用户风险接受的候选数据审计,__MACOSX/Battery raw data/After SOH80 Data/._6. CYCLE_after_SOH80_LOW C@ 25┬░C #6.csv,,c7702b1d,212,,,,MACOSX_METADATA_EXCLUDED,__MACOSX metadata member; excluded from data-tree binding
用户风险接受的候选数据审计,Battery raw data/After SOH80 Data/44. CYCLE_after_SOH80_60┬░C #8.csv,After SOH80 Data/44. CYCLE_after_SOH80_60°C #8.csv,91ffffc9,129127480,/Users/wanghaoming/Public/SOC电池数据中心/SOC电池数据中心/Battery raw data/After SOH80 Data/44. CYCLE_after_SOH80_60°C #8.csv,129127480,91ffffc9,PASS,RISK_ACCEPTED_SOURCE_BINDING; ZIP mojibake sequence ┬░ normalized to extracted ° when present
用户风险接受的候选数据审计,__MACOSX/Battery raw data/After SOH80 Data/._44. CYCLE_after_SOH80_60┬░C #8.csv,,c7702b1d,212,,,,MACOSX_METADATA_EXCLUDED,__MACOSX metadata member; excluded from data-tree binding
用户风险接受的候选数据审计,Battery raw data/After SOH80 Data/16. CYCLE_after_SOH80_1V@ 25┬░C #4.csv,After SOH80 Data/16. CYCLE_after_SOH80_1V@ 25°C #4.csv,cd7e0ae6,33709728,/Users/wanghaoming/Public/SOC电池数据中心/SOC电池数据中心/Battery raw data/After SOH80 Data/16. CYCLE_after_SOH80_1V@ 25°C #4.csv,33709728,cd7e0ae6,PASS,RISK_ACCEPTED_SOURCE_BINDING; ZIP mojibake sequence ┬░ normalized to extracted ° when present
用户风险接受的候选数据审计,__MACOSX/Battery raw data/After SOH80 Data/._16. CYCLE_after_SOH80_1V@ 25┬░C #4.csv,,c7702b1d,212,,,,MACOSX_METADATA_EXCLUDED,__MACOSX metadata member; excluded from data-tree binding
用户风险接受的候选数据审计,Battery raw data/After SOH80 Data/7. CYCLE_after_SOH80_LOW C@ 25┬░C #7.csv,After SOH80 Data/7. CYCLE_after_SOH80_LOW C@ 25°C #7.csv,d8a86bff,40176772,/Users/wanghaoming/Public/SOC电池数据中心/SOC电池数据中心/Battery raw data/After SOH80 Data/7. CYCLE_after_SOH80_LOW C@ 25°C #7.csv,40176772,d8a86bff,PASS,RISK_ACCEPTED_SOURCE_BINDING; ZIP mojibake sequence ┬░ normalized to extracted ° when present
用户风险接受的候选数据审计,__MACOSX/Battery raw data/After SOH80 Data/._7. CYCLE_after_SOH80_LOW C@ 25┬░C #7.csv,,c7702b1d,212,,,,MACOSX_METADATA_EXCLUDED,__MACOSX metadata member; excluded from data-tree binding
用户风险接受的候选数据审计,Battery raw data/After SOH80 Data/1. CYCLE_after_SOH80_LOW C@ 25┬░C #1.csv,After SOH80 Data/1. CYCLE_after_SOH80_LOW C@ 25°C #1.csv,5dd11b24,44753967,/Users/wanghaoming/Public/SOC电池数据中心/SOC电池数据中心/Battery raw data/After SOH80 Data/1. CYCLE_after_SOH80_LOW C@ 25°C #1.csv,44753967,5dd11b24,PASS,RISK_ACCEPTED_SOURCE_BINDING; ZIP mojibake sequence ┬░ normalized to extracted ° when present
用户风险接受的候选数据审计,__MACOSX/Battery raw data/After SOH80 Data/._1. CYCLE_after_SOH80_LOW C@ 25┬░C #1.csv,,c7702b1d,212,,,,MACOSX_METADATA_EXCLUDED,__MACOSX metadata member; excluded from data-tree binding
用户风险接受的候选数据审计,Battery raw data/After SOH80 Data/60. CYCLE_after_SOH80_HIGH C@ 10┬░C #4.csv,After SOH80 Data/60. CYCLE_after_SOH80_HIGH C@ 10°C #4.csv,522112da,33719258,/Users/wanghaoming/Public/SOC电池数据中心/SOC电池数据中心/Battery raw data/After SOH80 Data/60. CYCLE_after_SOH80_HIGH C@ 10°C #4.csv,33719258,522112da,PASS,RISK_ACCEPTED_SOURCE_BINDING; ZIP mojibake sequence ┬░ normalized to extracted ° when present
用户风险接受的候选数据审计,__MACOSX/Battery raw data/After SOH80 Data/._60. CYCLE_after_SOH80_HIGH C@ 10┬░C #4.csv,,c7702b1d,212,,,,MACOSX_METADATA_EXCLUDED,__MACOSX metadata member; excluded from data-tree binding
用户风险接受的候选数据审计,Battery raw data/After SOH80 Data/27.CYCLE_after_SOH80_45┬░C #3.csv,After SOH80 Data/27.CYCLE_after_SOH80_45°C #3.csv,bf710315,94572364,/Users/wanghaoming/Public/SOC电池数据中心/SOC电池数据中心/Battery raw data/After SOH80 Data/27.CYCLE_after_SOH80_45°C #3.csv,94572364,bf710315,PASS,RISK_ACCEPTED_SOURCE_BINDING; ZIP mojibake sequence ┬░ normalized to extracted ° when present
用户风险接受的候选数据审计,__MACOSX/Battery raw data/After SOH80 Data/._27.CYCLE_after_SOH80_45┬░C #3.csv,,c7702b1d,212,,,,MACOSX_METADATA_EXCLUDED,__MACOSX metadata member; excluded from data-tree binding
用户风险接受的候选数据审计,Battery raw data/After SOH80 Data/56. CYCLE_after_SOH80_LOW C@ 10┬░C #8.csv,After SOH80 Data/56. CYCLE_after_SOH80_LOW C@ 10°C #8.csv,d4304203,25190372,/Users/wanghaoming/Public/SOC电池数据中心/SOC电池数据中心/Battery raw data/After SOH80 Data/56. CYCLE_after_SOH80_LOW C@ 10°C #8.csv,25190372,d4304203,PASS,RISK_ACCEPTED_SOURCE_BINDING; ZIP mojibake sequence ┬░ normalized to extracted ° when present
用户风险接受的候选数据审计,__MACOSX/Battery raw data/After SOH80 Data/._56. CYCLE_after_SOH80_LOW C@ 10┬░C #8.csv,,c7702b1d,212,,,,MACOSX_METADATA_EXCLUDED,__MACOSX metadata member; excluded from data-tree binding
用户风险接受的候选数据审计,Battery raw data/After SOH80 Data/39. CYCLE_after_SOH80_60┬░C #3.csv,After SOH80 Data/39. CYCLE_after_SOH80_60°C #3.csv,354bad01,128577863,/Users/wanghaoming/Public/SOC电池数据中心/SOC电池数据中心/Battery raw data/After SOH80 Data/39. CYCLE_after_SOH80_60°C #3.csv,128577863,354bad01,PASS,RISK_ACCEPTED_SOURCE_BINDING; ZIP mojibake sequence ┬░ normalized to extracted ° when present
用户风险接受的候选数据审计,__MACOSX/Battery raw data/After SOH80 Data/._39. CYCLE_after_SOH80_60┬░C #3.csv,,c7702b1d,212,,,,MACOSX_METADATA_EXCLUDED,__MACOSX metadata member; excluded from data-tree binding
用户风险接受的候选数据审计,Battery raw data/After SOH80 Data/41. CYCLE_after_SOH80_60┬░C #5.csv,After SOH80 Data/41. CYCLE_after_SOH80_60°C #5.csv,d21c6830,129438568,/Users/wanghaoming/Public/SOC电池数据中心/SOC电池数据中心/Battery raw data/After SOH80 Data/41. CYCLE_after_SOH80_60°C #5.csv,129438568,d21c6830,PASS,RISK_ACCEPTED_SOURCE_BINDING; ZIP mojibake sequence ┬░ normalized to extracted ° when present
用户风险接受的候选数据审计,__MACOSX/Battery raw data/After SOH80 Data/._41. CYCLE_after_SOH80_60┬░C #5.csv,,c7702b1d,212,,,,MACOSX_METADATA_EXCLUDED,__MACOSX metadata member; excluded from data-tree binding
用户风险接受的候选数据审计,Battery raw data/After SOH80 Data/3. CYCLE_after_SOH80_LOW C@ 25┬░C #3.csv,After SOH80 Data/3. CYCLE_after_SOH80_LOW C@ 25°C #3.csv,6f7ed540,54289248,/Users/wanghaoming/Public/SOC电池数据中心/SOC电池数据中心/Battery raw data/After SOH80 Data/3. CYCLE_after_SOH80_LOW C@ 25°C #3.csv,54289248,6f7ed540,PASS,RISK_ACCEPTED_SOURCE_BINDING; ZIP mojibake sequence ┬░ normalized to extracted ° when present
用户风险接受的候选数据审计,__MACOSX/Battery raw data/After SOH80 Data/._3. CYCLE_after_SOH80_LOW C@ 25┬░C #3.csv,,c7702b1d,212,,,,MACOSX_METADATA_EXCLUDED,__MACOSX metadata member; excluded from data-tree binding
用户风险接受的候选数据审计,Battery raw data/After SOH80 Data/21. CYCLE_after_SOH80_4.5V@ 25┬░C #1.csv,After SOH80 Data/21. CYCLE_after_SOH80_4.5V@ 25°C #1.csv,ef265731,16862700,/Users/wanghaoming/Public/SOC电池数据中心/SOC电池数据中心/Battery raw data/After SOH80 Data/21. CYCLE_after_SOH80_4.5V@ 25°C #1.csv,16862700,ef265731,PASS,RISK_ACCEPTED_SOURCE_BINDING; ZIP mojibake sequence ┬░ normalized to extracted ° when present
用户风险接受的候选数据审计,__MACOSX/Battery raw data/After SOH80 Data/._21. CYCLE_after_SOH80_4.5V@ 25┬░C #1.csv,,c7702b1d,212,,,,MACOSX_METADATA_EXCLUDED,__MACOSX metadata member; excluded from data-tree binding
用户风险接受的候选数据审计,Battery raw data/After SOH80 Data/17. CYCLE_after_SOH80_4.35V@ 25┬░C #1.csv,After SOH80 Data/17. CYCLE_after_SOH80_4.35V@ 25°C #1.csv,ca56c6e2,42642726,/Users/wanghaoming/Public/SOC电池数据中心/SOC电池数据中心/Battery raw data/After SOH80 Data/17. CYCLE_after_SOH80_4.35V@ 25°C #1.csv,42642726,ca56c6e2,PASS,RISK_ACCEPTED_SOURCE_BINDING; ZIP mojibake sequence ┬░ normalized to extracted ° when present
用户风险接受的候选数据审计,__MACOSX/Battery raw data/After SOH80 Data/._17. CYCLE_after_SOH80_4.35V@ 25┬░C #1.csv,,c7702b1d,212,,,,MACOSX_METADATA_EXCLUDED,__MACOSX metadata member; excluded from data-tree binding
用户风险接受的候选数据审计,Battery raw data/After SOH80 Data/2. CYCLE_after_SOH80_LOW C@ 25┬░C #2.csv,After SOH80 Data/2. CYCLE_after_SOH80_LOW C@ 25°C #2.csv,7eb0611f,45048841,/Users/wanghaoming/Public/SOC电池数据中心/SOC电池数据中心/Battery raw data/After SOH80 Data/2. CYCLE_after_SOH80_LOW C@ 25°C #2.csv,45048841,7eb0611f,PASS,RISK_ACCEPTED_SOURCE_BINDING; ZIP mojibake sequence ┬░ normalized to extracted ° when present
用户风险接受的候选数据审计,__MACOSX/Battery raw data/After SOH80 Data/._2. CYCLE_after_SOH80_LOW C@ 25┬░C #2.csv,,c7702b1d,212,,,,MACOSX_METADATA_EXCLUDED,__MACOSX metadata member; excluded from data-tree binding
用户风险接受的候选数据审计,Battery raw data/Processed features data/0.2C-1C_delta Q(V) features data/0.2C-1C_delta_Q(V).xlsx,Processed features data/0.2C-1C_delta Q(V) features data/0.2C-1C_delta_Q(V).xlsx,f158d66c,33229,/Users/wanghaoming/Public/SOC电池数据中心/SOC电池数据中心/Battery raw data/Processed features data/0.2C-1C_delta Q(V) features data/0.2C-1C_delta_Q(V).xlsx,33229,f158d66c,PASS,RISK_ACCEPTED_SOURCE_BINDING; ZIP mojibake sequence ┬░ normalized to extracted ° when present
用户风险接受的候选数据审计,__MACOSX/Battery raw data/Processed features data/0.2C-1C_delta Q(V) features data/._0.2C-1C_delta_Q(V).xlsx,,c7702b1d,212,,,,MACOSX_METADATA_EXCLUDED,__MACOSX metadata member; excluded from data-tree binding
用户风险接受的候选数据审计,Battery raw data/Processed features data/0.2C-1C_delta Q(V) features data/Mean_0.2C-1C_delta_Q(V).xlsx,Processed features data/0.2C-1C_delta Q(V) features data/Mean_0.2C-1C_delta_Q(V).xlsx,91bc30ff,10893,/Users/wanghaoming/Public/SOC电池数据中心/SOC电池数据中心/Battery raw data/Processed features data/0.2C-1C_delta Q(V) features data/Mean_0.2C-1C_delta_Q(V).xlsx,10893,91bc30ff,PASS,RISK_ACCEPTED_SOURCE_BINDING; ZIP mojibake sequence ┬░ normalized to extracted ° when present
用户风险接受的候选数据审计,__MACOSX/Battery raw data/Processed features data/0.2C-1C_delta Q(V) features data/._Mean_0.2C-1C_delta_Q(V).xlsx,,c7702b1d,212,,,,MACOSX_METADATA_EXCLUDED,__MACOSX metadata member; excluded from data-tree binding
用户风险接受的候选数据审计,Battery raw data/Processed features data/0.2C-1C_delta Q(V) features data/Var_0.2C-1C_delta_Q(V).xlsx,Processed features data/0.2C-1C_delta Q(V) features data/Var_0.2C-1C_delta_Q(V).xlsx,f29e412d,10900,/Users/wanghaoming/Public/SOC电池数据中心/SOC电池数据中心/Battery raw data/Processed features data/0.2C-1C_delta Q(V) features data/Var_0.2C-1C_delta_Q(V).xlsx,10900,f29e412d,PASS,RISK_ACCEPTED_SOURCE_BINDING; ZIP mojibake sequence ┬░ normalized to extracted ° when present
用户风险接受的候选数据审计,__MACOSX/Battery raw data/Processed features data/0.2C-1C_delta Q(V) features data/._Var_0.2C-1C_delta_Q(V).xlsx,,c7702b1d,212,,,,MACOSX_METADATA_EXCLUDED,__MACOSX metadata member; excluded from data-tree binding
用户风险接受的候选数据审计,Battery raw data/Processed features data/RPT_features data/DCIR vs SOC (SOC0~80).xlsx,Processed features data/RPT_features data/DCIR vs SOC (SOC0~80).xlsx,7706a11e,43306,/Users/wanghaoming/Public/SOC电池数据中心/SOC电池数据中心/Battery raw data/Processed features data/RPT_features data/DCIR vs SOC (SOC0~80).xlsx,43306,7706a11e,PASS,RISK_ACCEPTED_SOURCE_BINDING; ZIP mojibake sequence ┬░ normalized to extracted ° when present
用户风险接受的候选数据审计,__MACOSX/Battery raw data/Processed features data/RPT_features data/._DCIR vs SOC (SOC0~80).xlsx,,c7702b1d,212,,,,MACOSX_METADATA_EXCLUDED,__MACOSX metadata member; excluded from data-tree binding
用户风险接受的候选数据审计,Battery raw data/Processed features data/RPT_features data/DCIR@SOC50.xlsx,Processed features data/RPT_features data/DCIR@SOC50.xlsx,545f1020,14351,/Users/wanghaoming/Public/SOC电池数据中心/SOC电池数据中心/Battery raw data/Processed features data/RPT_features data/DCIR@SOC50.xlsx,14351,545f1020,PASS,RISK_ACCEPTED_SOURCE_BINDING; ZIP mojibake sequence ┬░ normalized to extracted ° when present
用户风险接受的候选数据审计,__MACOSX/Battery raw data/Processed features data/RPT_features data/._DCIR@SOC50.xlsx,,c7702b1d,212,,,,MACOSX_METADATA_EXCLUDED,__MACOSX metadata member; excluded from data-tree binding
用户风险接受的候选数据审计,Battery raw data/Processed features data/RPT_features data/0.2C & 1C_Capacity.xlsx,Processed features data/RPT_features data/0.2C & 1C_Capacity.xlsx,293c3cad,21707,/Users/wanghaoming/Public/SOC电池数据中心/SOC电池数据中心/Battery raw data/Processed features data/RPT_features data/0.2C & 1C_Capacity.xlsx,21707,293c3cad,PASS,RISK_ACCEPTED_SOURCE_BINDING; ZIP mojibake sequence ┬░ normalized to extracted ° when present
用户风险接受的候选数据审计,__MACOSX/Battery raw data/Processed features data/RPT_features data/._0.2C & 1C_Capacity.xlsx,,c7702b1d,212,,,,MACOSX_METADATA_EXCLUDED,__MACOSX metadata member; excluded from data-tree binding
用户风险接受的候选数据审计,Battery raw data/RPT Data/28. 45┬░C #4/6.csv,RPT Data/28. 45°C #4/6.csv,2b4fd1f3,2365577,/Users/wanghaoming/Public/SOC电池数据中心/SOC电池数据中心/Battery raw data/RPT Data/28. 45°C #4/6.csv,2365577,2b4fd1f3,PASS,RISK_ACCEPTED_SOURCE_BINDING; ZIP mojibake sequence ┬░ normalized to extracted ° when present
用户风险接受的候选数据审计,__MACOSX/Battery raw data/RPT Data/28. 45┬░C #4/._6.csv,,c7702b1d,212,,,,MACOSX_METADATA_EXCLUDED,__MACOSX metadata member; excluded from data-tree binding
用户风险接受的候选数据审计,Battery raw data/RPT Data/28. 45┬░C #4/7.csv,RPT Data/28. 45°C #4/7.csv,a9632675,2342765,/Users/wanghaoming/Public/SOC电池数据中心/SOC电池数据中心/Battery raw data/RPT Data/28. 45°C #4/7.csv,2342765,a9632675,PASS,RISK_ACCEPTED_SOURCE_BINDING; ZIP mojibake sequence ┬░ normalized to extracted ° when present
用户风险接受的候选数据审计,__MACOSX/Battery raw data/RPT Data/28. 45┬░C #4/._7.csv,,c7702b1d,212,,,,MACOSX_METADATA_EXCLUDED,__MACOSX metadata member; excluded from data-tree binding
用户风险接受的候选数据审计,Battery raw data/RPT Data/28. 45┬░C #4/5.csv,RPT Data/28. 45°C #4/5.csv,580ff5c1,2325168,/Users/wanghaoming/Public/SOC电池数据中心/SOC电池数据中心/Battery raw data/RPT Data/28. 45°C #4/5.csv,2325168,580ff5c1,PASS,RISK_ACCEPTED_SOURCE_BINDING; ZIP mojibake sequence ┬░ normalized to extracted ° when present
用户风险接受的候选数据审计,__MACOSX/Battery raw data/RPT Data/28. 45┬░C #4/._5.csv,,c7702b1d,212,,,,MACOSX_METADATA_EXCLUDED,__MACOSX metadata member; excluded from data-tree binding
用户风险接受的候选数据审计,Battery raw data/RPT Data/28. 45┬░C #4/4.csv,RPT Data/28. 45°C #4/4.csv,8e0fc987,2402676,/Users/wanghaoming/Public/SOC电池数据中心/SOC电池数据中心/Battery raw data/RPT Data/28. 45°C #4/4.csv,2402676,8e0fc987,PASS,RISK_ACCEPTED_SOURCE_BINDING; ZIP mojibake sequence ┬░ normalized to extracted ° when present
用户风险接受的候选数据审计,__MACOSX/Battery raw data/RPT Data/28. 45┬░C #4/._4.csv,,c7702b1d,212,,,,MACOSX_METADATA_EXCLUDED,__MACOSX metadata member; excluded from data-tree binding
用户风险接受的候选数据审计,Battery raw data/RPT Data/28. 45┬░C #4/0.csv,RPT Data/28. 45°C #4/0.csv,743ce2b5,2654854,/Users/wanghaoming/Public/SOC电池数据中心/SOC电池数据中心/Battery raw data/RPT Data/28. 45°C #4/0.csv,2654854,743ce2b5,PASS,RISK_ACCEPTED_SOURCE_BINDING; ZIP mojibake sequence ┬░ normalized to extracted ° when present
用户风险接受的候选数据审计,__MACOSX/Battery raw data/RPT Data/28. 45┬░C #4/._0.csv,,c7702b1d,212,,,,MACOSX_METADATA_EXCLUDED,__MACOSX metadata member; excluded from data-tree binding
用户风险接受的候选数据审计,Battery raw data/RPT Data/28. 45┬░C #4/1.csv,RPT Data/28. 45°C #4/1.csv,bf71fb6a,2556516,/Users/wanghaoming/Public/SOC电池数据中心/SOC电池数据中心/Battery raw data/RPT Data/28. 45°C #4/1.csv,2556516,bf71fb6a,PASS,RISK_ACCEPTED_SOURCE_BINDING; ZIP mojibake sequence ┬░ normalized to extracted ° when present
用户风险接受的候选数据审计,__MACOSX/Battery raw data/RPT Data/28. 45┬░C #4/._1.csv,,c7702b1d,212,,,,MACOSX_METADATA_EXCLUDED,__MACOSX metadata member; excluded from data-tree binding
用户风险接受的候选数据审计,Battery raw data/RPT Data/28. 45┬░C #4/3.csv,RPT Data/28. 45°C #4/3.csv,5cf3dc5f,2446323,/Users/wanghaoming/Public/SOC电池数据中心/SOC电池数据中心/Battery raw data/RPT Data/28. 45°C #4/3.csv,2446323,5cf3dc5f,PASS,RISK_ACCEPTED_SOURCE_BINDING; ZIP mojibake sequence ┬░ normalized to extracted ° when present
用户风险接受的候选数据审计,__MACOSX/Battery raw data/RPT Data/28. 45┬░C #4/._3.csv,,c7702b1d,212,,,,MACOSX_METADATA_EXCLUDED,__MACOSX metadata member; excluded from data-tree binding
用户风险接受的候选数据审计,Battery raw data/RPT Data/28. 45┬░C #4/2.csv,RPT Data/28. 45°C #4/2.csv,6bab61bb,2495285,/Users/wanghaoming/Public/SOC电池数据中心/SOC电池数据中心/Battery raw data/RPT Data/28. 45°C #4/2.csv,2495285,6bab61bb,PASS,RISK_ACCEPTED_SOURCE_BINDING; ZIP mojibake sequence ┬░ normalized to extracted ° when present
用户风险接受的候选数据审计,__MACOSX/Battery raw data/RPT Data/28. 45┬░C #4/._2.csv,,c7702b1d,212,,,,MACOSX_METADATA_EXCLUDED,__MACOSX metadata member; excluded from data-tree binding
用户风险接受的候选数据审计,Battery raw data/RPT Data/57. HIGH C@ 10┬░C #1/4.csv,RPT Data/57. HIGH C@ 10°C #1/4.csv,3db7d3ea,2213527,/Users/wanghaoming/Public/SOC电池数据中心/SOC电池数据中心/Battery raw data/RPT Data/57. HIGH C@ 10°C #1/4.csv,2213527,3db7d3ea,PASS,RISK_ACCEPTED_SOURCE_BINDING; ZIP mojibake sequence ┬░ normalized to extracted ° when present
用户风险接受的候选数据审计,__MACOSX/Battery raw data/RPT Data/57. HIGH C@ 10┬░C #1/._4.csv,,c7702b1d,212,,,,MACOSX_METADATA_EXCLUDED,__MACOSX metadata member; excluded from data-tree binding
用户风险接受的候选数据审计,Battery raw data/RPT Data/57. HIGH C@ 10┬░C #1/0.csv,RPT Data/57. HIGH C@ 10°C #1/0.csv,ce8d77c2,2744763,/Users/wanghaoming/Public/SOC电池数据中心/SOC电池数据中心/Battery raw data/RPT Data/57. HIGH C@ 10°C #1/0.csv,2744763,ce8d77c2,PASS,RISK_ACCEPTED_SOURCE_BINDING; ZIP mojibake sequence ┬░ normalized to extracted ° when present
用户风险接受的候选数据审计,__MACOSX/Battery raw data/RPT Data/57. HIGH C@ 10┬░C #1/._0.csv,,c7702b1d,212,,,,MACOSX_METADATA_EXCLUDED,__MACOSX metadata member; excluded from data-tree binding
用户风险接受的候选数据审计,Battery raw data/RPT Data/57. HIGH C@ 10┬░C #1/1.csv,RPT Data/57. HIGH C@ 10°C #1/1.csv,1e6367e9,2667549,/Users/wanghaoming/Public/SOC电池数据中心/SOC电池数据中心/Battery raw data/RPT Data/57. HIGH C@ 10°C #1/1.csv,2667549,1e6367e9,PASS,RISK_ACCEPTED_SOURCE_BINDING; ZIP mojibake sequence ┬░ normalized to extracted ° when present
用户风险接受的候选数据审计,__MACOSX/Battery raw data/RPT Data/57. HIGH C@ 10┬░C #1/._1.csv,,c7702b1d,212,,,,MACOSX_METADATA_EXCLUDED,__MACOSX metadata member; excluded from data-tree binding
用户风险接受的候选数据审计,Battery raw data/RPT Data/57. HIGH C@ 10┬░C #1/3.csv,RPT Data/57. HIGH C@ 10°C #1/3.csv,f8a85fd4,2282216,/Users/wanghaoming/Public/SOC电池数据中心/SOC电池数据中心/Battery raw data/RPT Data/57. HIGH C@ 10°C #1/3.csv,2282216,f8a85fd4,PASS,RISK_ACCEPTED_SOURCE_BINDING; ZIP mojibake sequence ┬░ normalized to extracted ° when present
用户风险接受的候选数据审计,__MACOSX/Battery raw data/RPT Data/57. HIGH C@ 10┬░C #1/._3.csv,,c7702b1d,212,,,,MACOSX_METADATA_EXCLUDED,__MACOSX metadata member; excluded from data-tree binding
用户风险接受的候选数据审计,Battery raw data/RPT Data/57. HIGH C@ 10┬░C #1/2.csv,RPT Data/57. HIGH C@ 10°C #1/2.csv,541a2773,2559349,/Users/wanghaoming/Public/SOC电池数据中心/SOC电池数据中心/Battery raw data/RPT Data/57. HIGH C@ 10°C #1/2.csv,2559349,541a2773,PASS,RISK_ACCEPTED_SOURCE_BINDING; ZIP mojibake sequence ┬░ normalized to extracted ° when present
用户风险接受的候选数据审计,__MACOSX/Battery raw data/RPT Data/57. HIGH C@ 10┬░C #1/._2.csv,,c7702b1d,212,,,,MACOSX_METADATA_EXCLUDED,__MACOSX metadata member; excluded from data-tree binding
用户风险接受的候选数据审计,Battery raw data/RPT Data/35. 45┬░C #11/6.csv,RPT Data/35. 45°C #11/6.csv,234756c6,2371493,/Users/wanghaoming/Public/SOC电池数据中心/SOC电池数据中心/Battery raw data/RPT Data/35. 45°C #11/6.csv,2371493,234756c6,PASS,RISK_ACCEPTED_SOURCE_BINDING; ZIP mojibake sequence ┬░ normalized to extracted ° when present
用户风险接受的候选数据审计,__MACOSX/Battery raw data/RPT Data/35. 45┬░C #11/._6.csv,,c7702b1d,212,,,,MACOSX_METADATA_EXCLUDED,__MACOSX metadata member; excluded from data-tree binding
用户风险接受的候选数据审计,Battery raw data/RPT Data/35. 45┬░C #11/7.csv,RPT Data/35. 45°C #11/7.csv,fa145906,2340564,/Users/wanghaoming/Public/SOC电池数据中心/SOC电池数据中心/Battery raw data/RPT Data/35. 45°C #11/7.csv,2340564,fa145906,PASS,RISK_ACCEPTED_SOURCE_BINDING; ZIP mojibake sequence ┬░ normalized to extracted ° when present
用户风险接受的候选数据审计,__MACOSX/Battery raw data/RPT Data/35. 45┬░C #11/._7.csv,,c7702b1d,212,,,,MACOSX_METADATA_EXCLUDED,__MACOSX metadata member; excluded from data-tree binding
用户风险接受的候选数据审计,Battery raw data/RPT Data/35. 45┬░C #11/5.csv,RPT Data/35. 45°C #11/5.csv,aedc24bf,2432084,/Users/wanghaoming/Public/SOC电池数据中心/SOC电池数据中心/Battery raw data/RPT Data/35. 45°C #11/5.csv,2432084,aedc24bf,PASS,RISK_ACCEPTED_SOURCE_BINDING; ZIP mojibake sequence ┬░ normalized to extracted ° when present
用户风险接受的候选数据审计,__MACOSX/Battery raw data/RPT Data/35. 45┬░C #11/._5.csv,,c7702b1d,212,,,,MACOSX_METADATA_EXCLUDED,__MACOSX metadata member; excluded from data-tree binding
用户风险接受的候选数据审计,Battery raw data/RPT Data/35. 45┬░C #11/4.csv,RPT Data/35. 45°C #11/4.csv,c7e17e73,2393258,/Users/wanghaoming/Public/SOC电池数据中心/SOC电池数据中心/Battery raw data/RPT Data/35. 45°C #11/4.csv,2393258,c7e17e73,PASS,RISK_ACCEPTED_SOURCE_BINDING; ZIP mojibake sequence ┬░ normalized to extracted ° when present
用户风险接受的候选数据审计,__MACOSX/Battery raw data/RPT Data/35. 45┬░C #11/._4.csv,,c7702b1d,212,,,,MACOSX_METADATA_EXCLUDED,__MACOSX metadata member; excluded from data-tree binding
用户风险接受的候选数据审计,Battery raw data/RPT Data/35. 45┬░C #11/0.csv,RPT Data/35. 45°C #11/0.csv,7775f2c9,2657612,/Users/wanghaoming/Public/SOC电池数据中心/SOC电池数据中心/Battery raw data/RPT Data/35. 45°C #11/0.csv,2657612,7775f2c9,PASS,RISK_ACCEPTED_SOURCE_BINDING; ZIP mojibake sequence ┬░ normalized to extracted ° when present
用户风险接受的候选数据审计,__MACOSX/Battery raw data/RPT Data/35. 45┬░C #11/._0.csv,,c7702b1d,212,,,,MACOSX_METADATA_EXCLUDED,__MACOSX metadata member; excluded from data-tree binding
用户风险接受的候选数据审计,Battery raw data/RPT Data/35. 45┬░C #11/1.csv,RPT Data/35. 45°C #11/1.csv,233e7a46,2548890,/Users/wanghaoming/Public/SOC电池数据中心/SOC电池数据中心/Battery raw data/RPT Data/35. 45°C #11/1.csv,2548890,233e7a46,PASS,RISK_ACCEPTED_SOURCE_BINDING; ZIP mojibake sequence ┬░ normalized to extracted ° when present
用户风险接受的候选数据审计,__MACOSX/Battery raw data/RPT Data/35. 45┬░C #11/._1.csv,,c7702b1d,212,,,,MACOSX_METADATA_EXCLUDED,__MACOSX metadata member; excluded from data-tree binding
用户风险接受的候选数据审计,Battery raw data/RPT Data/35. 45┬░C #11/3.csv,RPT Data/35. 45°C #11/3.csv,9e498c8e,2430332,/Users/wanghaoming/Public/SOC电池数据中心/SOC电池数据中心/Battery raw data/RPT Data/35. 45°C #11/3.csv,2430332,9e498c8e,PASS,RISK_ACCEPTED_SOURCE_BINDING; ZIP mojibake sequence ┬░ normalized to extracted ° when present
用户风险接受的候选数据审计,__MACOSX/Battery raw data/RPT Data/35. 45┬░C #11/._3.csv,,c7702b1d,212,,,,MACOSX_METADATA_EXCLUDED,__MACOSX metadata member; excluded from data-tree binding
用户风险接受的候选数据审计,Battery raw data/RPT Data/35. 45┬░C #11/2.csv,RPT Data/35. 45°C #11/2.csv,9e586822,2480476,/Users/wanghaoming/Public/SOC电池数据中心/SOC电池数据中心/Battery raw data/RPT Data/35. 45°C #11/2.csv,2480476,9e586822,PASS,RISK_ACCEPTED_SOURCE_BINDING; ZIP mojibake sequence ┬░ normalized to extracted ° when present
用户风险接受的候选数据审计,__MACOSX/Battery raw data/RPT Data/35. 45┬░C #11/._2.csv,,c7702b1d,212,,,,MACOSX_METADATA_EXCLUDED,__MACOSX metadata member; excluded from data-tree binding
用户风险接受的候选数据审计,Battery raw data/RPT Data/43. 60┬░C #7/5.csv,RPT Data/43. 60°C #7/5.csv,2c8b82c7,2341604,/Users/wanghaoming/Public/SOC电池数据中心/SOC电池数据中心/Battery raw data/RPT Data/43. 60°C #7/5.csv,2341604,2c8b82c7,PASS,RISK_ACCEPTED_SOURCE_BINDING; ZIP mojibake sequence ┬░ normalized to extracted ° when present
用户风险接受的候选数据审计,__MACOSX/Battery raw data/RPT Data/43. 60┬░C #7/._5.csv,,c7702b1d,212,,,,MACOSX_METADATA_EXCLUDED,__MACOSX metadata member; excluded from data-tree binding
用户风险接受的候选数据审计,Battery raw data/RPT Data/43. 60┬░C #7/4.csv,RPT Data/43. 60°C #7/4.csv,4f3c47e3,2311795,/Users/wanghaoming/Public/SOC电池数据中心/SOC电池数据中心/Battery raw data/RPT Data/43. 60°C #7/4.csv,2311795,4f3c47e3,PASS,RISK_ACCEPTED_SOURCE_BINDING; ZIP mojibake sequence ┬░ normalized to extracted ° when present
用户风险接受的候选数据审计,__MACOSX/Battery raw data/RPT Data/43. 60┬░C #7/._4.csv,,c7702b1d,212,,,,MACOSX_METADATA_EXCLUDED,__MACOSX metadata member; excluded from data-tree binding
用户风险接受的候选数据审计,Battery raw data/RPT Data/43. 60┬░C #7/0.csv,RPT Data/43. 60°C #7/0.csv,e0ad8240,2691226,/Users/wanghaoming/Public/SOC电池数据中心/SOC电池数据中心/Battery raw data/RPT Data/43. 60°C #7/0.csv,2691226,e0ad8240,PASS,RISK_ACCEPTED_SOURCE_BINDING; ZIP mojibake sequence ┬░ normalized to extracted ° when present
用户风险接受的候选数据审计,__MACOSX/Battery raw data/RPT Data/43. 60┬░C #7/._0.csv,,c7702b1d,212,,,,MACOSX_METADATA_EXCLUDED,__MACOSX metadata member; excluded from data-tree binding
用户风险接受的候选数据审计,Battery raw data/RPT Data/43. 60┬░C #7/1.csv,RPT Data/43. 60°C #7/1.csv,491b0438,2535204,/Users/wanghaoming/Public/SOC电池数据中心/SOC电池数据中心/Battery raw data/RPT Data/43. 60°C #7/1.csv,2535204,491b0438,PASS,RISK_ACCEPTED_SOURCE_BINDING; ZIP mojibake sequence ┬░ normalized to extracted ° when present
用户风险接受的候选数据审计,__MACOSX/Battery raw data/RPT Data/43. 60┬░C #7/._1.csv,,c7702b1d,212,,,,MACOSX_METADATA_EXCLUDED,__MACOSX metadata member; excluded from data-tree binding
用户风险接受的候选数据审计,Battery raw data/RPT Data/43. 60┬░C #7/3.csv,RPT Data/43. 60°C #7/3.csv,a0c81595,2369047,/Users/wanghaoming/Public/SOC电池数据中心/SOC电池数据中心/Battery raw data/RPT Data/43. 60°C #7/3.csv,2369047,a0c81595,PASS,RISK_ACCEPTED_SOURCE_BINDING; ZIP mojibake sequence ┬░ normalized to extracted ° when present
用户风险接受的候选数据审计,__MACOSX/Battery raw data/RPT Data/43. 60┬░C #7/._3.csv,,c7702b1d,212,,,,MACOSX_METADATA_EXCLUDED,__MACOSX metadata member; excluded from data-tree binding
用户风险接受的候选数据审计,Battery raw data/RPT Data/43. 60┬░C #7/2.csv,RPT Data/43. 60°C #7/2.csv,f356f973,2444630,/Users/wanghaoming/Public/SOC电池数据中心/SOC电池数据中心/Battery raw data/RPT Data/43. 60°C #7/2.csv,2444630,f356f973,PASS,RISK_ACCEPTED_SOURCE_BINDING; ZIP mojibake sequence ┬░ normalized to extracted ° when present
用户风险接受的候选数据审计,__MACOSX/Battery raw data/RPT Data/43. 60┬░C #7/._2.csv,,c7702b1d,212,,,,MACOSX_METADATA_EXCLUDED,__MACOSX metadata member; excluded from data-tree binding
用户风险接受的候选数据审计,Battery raw data/RPT Data/14. 1V@ 25┬░C #2/4.csv,RPT Data/14. 1V@ 25°C #2/4.csv,c7559780,2239478,/Users/wanghaoming/Public/SOC电池数据中心/SOC电池数据中心/Battery raw data/RPT Data/14. 1V@ 25°C #2/4.csv,2239478,c7559780,PASS,RISK_ACCEPTED_SOURCE_BINDING; ZIP mojibake sequence ┬░ normalized to extracted ° when present
用户风险接受的候选数据审计,__MACOSX/Battery raw data/RPT Data/14. 1V@ 25┬░C #2/._4.csv,,c7702b1d,212,,,,MACOSX_METADATA_EXCLUDED,__MACOSX metadata member; excluded from data-tree binding
用户风险接受的候选数据审计,Battery raw data/RPT Data/14. 1V@ 25┬░C #2/0.csv,RPT Data/14. 1V@ 25°C #2/0.csv,e914d6de,2687808,/Users/wanghaoming/Public/SOC电池数据中心/SOC电池数据中心/Battery raw data/RPT Data/14. 1V@ 25°C #2/0.csv,2687808,e914d6de,PASS,RISK_ACCEPTED_SOURCE_BINDING; ZIP mojibake sequence ┬░ normalized to extracted ° when present
用户风险接受的候选数据审计,__MACOSX/Battery raw data/RPT Data/14. 1V@ 25┬░C #2/._0.csv,,c7702b1d,212,,,,MACOSX_METADATA_EXCLUDED,__MACOSX metadata member; excluded from data-tree binding
用户风险接受的候选数据审计,Battery raw data/RPT Data/14. 1V@ 25┬░C #2/1.csv,RPT Data/14. 1V@ 25°C #2/1.csv,d1f096a9,2540306,/Users/wanghaoming/Public/SOC电池数据中心/SOC电池数据中心/Battery raw data/RPT Data/14. 1V@ 25°C #2/1.csv,2540306,d1f096a9,PASS,RISK_ACCEPTED_SOURCE_BINDING; ZIP mojibake sequence ┬░ normalized to extracted ° when present
用户风险接受的候选数据审计,__MACOSX/Battery raw data/RPT Data/14. 1V@ 25┬░C #2/._1.csv,,c7702b1d,212,,,,MACOSX_METADATA_EXCLUDED,__MACOSX metadata member; excluded from data-tree binding
用户风险接受的候选数据审计,Battery raw data/RPT Data/14. 1V@ 25┬░C #2/3.csv,RPT Data/14. 1V@ 25°C #2/3.csv,224ef62d,2335703,/Users/wanghaoming/Public/SOC电池数据中心/SOC电池数据中心/Battery raw data/RPT Data/14. 1V@ 25°C #2/3.csv,2335703,224ef62d,PASS,RISK_ACCEPTED_SOURCE_BINDING; ZIP mojibake sequence ┬░ normalized to extracted ° when present
用户风险接受的候选数据审计,__MACOSX/Battery raw data/RPT Data/14. 1V@ 25┬░C #2/._3.csv,,c7702b1d,212,,,,MACOSX_METADATA_EXCLUDED,__MACOSX metadata member; excluded from data-tree binding
用户风险接受的候选数据审计,Battery raw data/RPT Data/14. 1V@ 25┬░C #2/2.csv,RPT Data/14. 1V@ 25°C #2/2.csv,92da46d2,2438631,/Users/wanghaoming/Public/SOC电池数据中心/SOC电池数据中心/Battery raw data/RPT Data/14. 1V@ 25°C #2/2.csv,2438631,92da46d2,PASS,RISK_ACCEPTED_SOURCE_BINDING; ZIP mojibake sequence ┬░ normalized to extracted ° when present
用户风险接受的候选数据审计,__MACOSX/Battery raw data/RPT Data/14. 1V@ 25┬░C #2/._2.csv,,c7702b1d,212,,,,MACOSX_METADATA_EXCLUDED,__MACOSX metadata member; excluded from data-tree binding
用户风险接受的候选数据审计,Battery raw data/RPT Data/53. LOW C@ 10┬░C #5/4.csv,RPT Data/53. LOW C@ 10°C #5/4.csv,520bd6c9,2199094,/Users/wanghaoming/Public/SOC电池数据中心/SOC电池数据中心/Battery raw data/RPT Data/53. LOW C@ 10°C #5/4.csv,2199094,520bd6c9,PASS,RISK_ACCEPTED_SOURCE_BINDING; ZIP mojibake sequence ┬░ normalized to extracted ° when present
用户风险接受的候选数据审计,__MACOSX/Battery raw data/RPT Data/53. LOW C@ 10┬░C #5/._4.csv,,c7702b1d,212,,,,MACOSX_METADATA_EXCLUDED,__MACOSX metadata member; excluded from data-tree binding
用户风险接受的候选数据审计,Battery raw data/RPT Data/53. LOW C@ 10┬░C #5/0.csv,RPT Data/53. LOW C@ 10°C #5/0.csv,7afc85b1,2741400,/Users/wanghaoming/Public/SOC电池数据中心/SOC电池数据中心/Battery raw data/RPT Data/53. LOW C@ 10°C #5/0.csv,2741400,7afc85b1,PASS,RISK_ACCEPTED_SOURCE_BINDING; ZIP mojibake sequence ┬░ normalized to extracted ° when present
用户风险接受的候选数据审计,__MACOSX/Battery raw data/RPT Data/53. LOW C@ 10┬░C #5/._0.csv,,c7702b1d,212,,,,MACOSX_METADATA_EXCLUDED,__MACOSX metadata member; excluded from data-tree binding
用户风险接受的候选数据审计,Battery raw data/RPT Data/53. LOW C@ 10┬░C #5/1.csv,RPT Data/53. LOW C@ 10°C #5/1.csv,51bf64f5,2645102,/Users/wanghaoming/Public/SOC电池数据中心/SOC电池数据中心/Battery raw data/RPT Data/53. LOW C@ 10°C #5/1.csv,2645102,51bf64f5,PASS,RISK_ACCEPTED_SOURCE_BINDING; ZIP mojibake sequence ┬░ normalized to extracted ° when present
用户风险接受的候选数据审计,__MACOSX/Battery raw data/RPT Data/53. LOW C@ 10┬░C #5/._1.csv,,c7702b1d,212,,,,MACOSX_METADATA_EXCLUDED,__MACOSX metadata member; excluded from data-tree binding
用户风险接受的候选数据审计,Battery raw data/RPT Data/53. LOW C@ 10┬░C #5/3.csv,RPT Data/53. LOW C@ 10°C #5/3.csv,0cb26fd5,2472958,/Users/wanghaoming/Public/SOC电池数据中心/SOC电池数据中心/Battery raw data/RPT Data/53. LOW C@ 10°C #5/3.csv,2472958,0cb26fd5,PASS,RISK_ACCEPTED_SOURCE_BINDING; ZIP mojibake sequence ┬░ normalized to extracted ° when present
用户风险接受的候选数据审计,__MACOSX/Battery raw data/RPT Data/53. LOW C@ 10┬░C #5/._3.csv,,c7702b1d,212,,,,MACOSX_METADATA_EXCLUDED,__MACOSX metadata member; excluded from data-tree binding
用户风险接受的候选数据审计,Battery raw data/RPT Data/53. LOW C@ 10┬░C #5/2.csv,RPT Data/53. LOW C@ 10°C #5/2.csv,f706cb48,2584740,/Users/wanghaoming/Public/SOC电池数据中心/SOC电池数据中心/Battery raw data/RPT Data/53. LOW C@ 10°C #5/2.csv,2584740,f706cb48,PASS,RISK_ACCEPTED_SOURCE_BINDING; ZIP mojibake sequence ┬░ normalized to extracted ° when present
用户风险接受的候选数据审计,__MACOSX/Battery raw data/RPT Data/53. LOW C@ 10┬░C #5/._2.csv,,c7702b1d,212,,,,MACOSX_METADATA_EXCLUDED,__MACOSX metadata member; excluded from data-tree binding
用户风险接受的候选数据审计,Battery raw data/RPT Data/60. HIGH C@ 10┬░C #4/4.csv,RPT Data/60. HIGH C@ 10°C #4/4.csv,5d4fadc0,2287008,/Users/wanghaoming/Public/SOC电池数据中心/SOC电池数据中心/Battery raw data/RPT Data/60. HIGH C@ 10°C #4/4.csv,2287008,5d4fadc0,PASS,RISK_ACCEPTED_SOURCE_BINDING; ZIP mojibake sequence ┬░ normalized to extracted ° when present
用户风险接受的候选数据审计,__MACOSX/Battery raw data/RPT Data/60. HIGH C@ 10┬░C #4/._4.csv,,c7702b1d,212,,,,MACOSX_METADATA_EXCLUDED,__MACOSX metadata member; excluded from data-tree binding
用户风险接受的候选数据审计,Battery raw data/RPT Data/60. HIGH C@ 10┬░C #4/0.csv,RPT Data/60. HIGH C@ 10°C #4/0.csv,c3935109,2749948,/Users/wanghaoming/Public/SOC电池数据中心/SOC电池数据中心/Battery raw data/RPT Data/60. HIGH C@ 10°C #4/0.csv,2749948,c3935109,PASS,RISK_ACCEPTED_SOURCE_BINDING; ZIP mojibake sequence ┬░ normalized to extracted ° when present
用户风险接受的候选数据审计,__MACOSX/Battery raw data/RPT Data/60. HIGH C@ 10┬░C #4/._0.csv,,c7702b1d,212,,,,MACOSX_METADATA_EXCLUDED,__MACOSX metadata member; excluded from data-tree binding
用户风险接受的候选数据审计,Battery raw data/RPT Data/60. HIGH C@ 10┬░C #4/1.csv,RPT Data/60. HIGH C@ 10°C #4/1.csv,f27066ad,2675458,/Users/wanghaoming/Public/SOC电池数据中心/SOC电池数据中心/Battery raw data/RPT Data/60. HIGH C@ 10°C #4/1.csv,2675458,f27066ad,PASS,RISK_ACCEPTED_SOURCE_BINDING; ZIP mojibake sequence ┬░ normalized to extracted ° when present
用户风险接受的候选数据审计,__MACOSX/Battery raw data/RPT Data/60. HIGH C@ 10┬░C #4/._1.csv,,c7702b1d,212,,,,MACOSX_METADATA_EXCLUDED,__MACOSX metadata member; excluded from data-tree binding
用户风险接受的候选数据审计,Battery raw data/RPT Data/60. HIGH C@ 10┬░C #4/3.csv,RPT Data/60. HIGH C@ 10°C #4/3.csv,79c6e318,2421639,/Users/wanghaoming/Public/SOC电池数据中心/SOC电池数据中心/Battery raw data/RPT Data/60. HIGH C@ 10°C #4/3.csv,2421639,79c6e318,PASS,RISK_ACCEPTED_SOURCE_BINDING; ZIP mojibake sequence ┬░ normalized to extracted ° when present
用户风险接受的候选数据审计,__MACOSX/Battery raw data/RPT Data/60. HIGH C@ 10┬░C #4/._3.csv,,c7702b1d,212,,,,MACOSX_METADATA_EXCLUDED,__MACOSX metadata member; excluded from data-tree binding
用户风险接受的候选数据审计,Battery raw data/RPT Data/60. HIGH C@ 10┬░C #4/2.csv,RPT Data/60. HIGH C@ 10°C #4/2.csv,6d0b762c,2604170,/Users/wanghaoming/Public/SOC电池数据中心/SOC电池数据中心/Battery raw data/RPT Data/60. HIGH C@ 10°C #4/2.csv,2604170,6d0b762c,PASS,RISK_ACCEPTED_SOURCE_BINDING; ZIP mojibake sequence ┬░ normalized to extracted ° when present
用户风险接受的候选数据审计,__MACOSX/Battery raw data/RPT Data/60. HIGH C@ 10┬░C #4/._2.csv,,c7702b1d,212,,,,MACOSX_METADATA_EXCLUDED,__MACOSX metadata member; excluded from data-tree binding
用户风险接受的候选数据审计,Battery raw data/RPT Data/29. 45┬░C #5/6.csv,RPT Data/29. 45°C #5/6.csv,76ddc546,2389216,/Users/wanghaoming/Public/SOC电池数据中心/SOC电池数据中心/Battery raw data/RPT Data/29. 45°C #5/6.csv,2389216,76ddc546,PASS,RISK_ACCEPTED_SOURCE_BINDING; ZIP mojibake sequence ┬░ normalized to extracted ° when present
用户风险接受的候选数据审计,__MACOSX/Battery raw data/RPT Data/29. 45┬░C #5/._6.csv,,c7702b1d,212,,,,MACOSX_METADATA_EXCLUDED,__MACOSX metadata member; excluded from data-tree binding
用户风险接受的候选数据审计,Battery raw data/RPT Data/29. 45┬░C #5/7.csv,RPT Data/29. 45°C #5/7.csv,fcab2697,2324669,/Users/wanghaoming/Public/SOC电池数据中心/SOC电池数据中心/Battery raw data/RPT Data/29. 45°C #5/7.csv,2324669,fcab2697,PASS,RISK_ACCEPTED_SOURCE_BINDING; ZIP mojibake sequence ┬░ normalized to extracted ° when present
用户风险接受的候选数据审计,__MACOSX/Battery raw data/RPT Data/29. 45┬░C #5/._7.csv,,c7702b1d,212,,,,MACOSX_METADATA_EXCLUDED,__MACOSX metadata member; excluded from data-tree binding
用户风险接受的候选数据审计,Battery raw data/RPT Data/29. 45┬░C #5/5.csv,RPT Data/29. 45°C #5/5.csv,8436b6b3,2345669,/Users/wanghaoming/Public/SOC电池数据中心/SOC电池数据中心/Battery raw data/RPT Data/29. 45°C #5/5.csv,2345669,8436b6b3,PASS,RISK_ACCEPTED_SOURCE_BINDING; ZIP mojibake sequence ┬░ normalized to extracted ° when present
用户风险接受的候选数据审计,__MACOSX/Battery raw data/RPT Data/29. 45┬░C #5/._5.csv,,c7702b1d,212,,,,MACOSX_METADATA_EXCLUDED,__MACOSX metadata member; excluded from data-tree binding
用户风险接受的候选数据审计,Battery raw data/RPT Data/29. 45┬░C #5/4.csv,RPT Data/29. 45°C #5/4.csv,2d53e6ad,2382265,/Users/wanghaoming/Public/SOC电池数据中心/SOC电池数据中心/Battery raw data/RPT Data/29. 45°C #5/4.csv,2382265,2d53e6ad,PASS,RISK_ACCEPTED_SOURCE_BINDING; ZIP mojibake sequence ┬░ normalized to extracted ° when present
用户风险接受的候选数据审计,__MACOSX/Battery raw data/RPT Data/29. 45┬░C #5/._4.csv,,c7702b1d,212,,,,MACOSX_METADATA_EXCLUDED,__MACOSX metadata member; excluded from data-tree binding
用户风险接受的候选数据审计,Battery raw data/RPT Data/29. 45┬░C #5/0.csv,RPT Data/29. 45°C #5/0.csv,ddb9a3f4,2634600,/Users/wanghaoming/Public/SOC电池数据中心/SOC电池数据中心/Battery raw data/RPT Data/29. 45°C #5/0.csv,2634600,ddb9a3f4,PASS,RISK_ACCEPTED_SOURCE_BINDING; ZIP mojibake sequence ┬░ normalized to extracted ° when present
用户风险接受的候选数据审计,__MACOSX/Battery raw data/RPT Data/29. 45┬░C #5/._0.csv,,c7702b1d,212,,,,MACOSX_METADATA_EXCLUDED,__MACOSX metadata member; excluded from data-tree binding
用户风险接受的候选数据审计,Battery raw data/RPT Data/29. 45┬░C #5/1.csv,RPT Data/29. 45°C #5/1.csv,4723bb84,2538850,/Users/wanghaoming/Public/SOC电池数据中心/SOC电池数据中心/Battery raw data/RPT Data/29. 45°C #5/1.csv,2538850,4723bb84,PASS,RISK_ACCEPTED_SOURCE_BINDING; ZIP mojibake sequence ┬░ normalized to extracted ° when present
用户风险接受的候选数据审计,__MACOSX/Battery raw data/RPT Data/29. 45┬░C #5/._1.csv,,c7702b1d,212,,,,MACOSX_METADATA_EXCLUDED,__MACOSX metadata member; excluded from data-tree binding
用户风险接受的候选数据审计,Battery raw data/RPT Data/29. 45┬░C #5/3.csv,RPT Data/29. 45°C #5/3.csv,5e59054e,2424892,/Users/wanghaoming/Public/SOC电池数据中心/SOC电池数据中心/Battery raw data/RPT Data/29. 45°C #5/3.csv,2424892,5e59054e,PASS,RISK_ACCEPTED_SOURCE_BINDING; ZIP mojibake sequence ┬░ normalized to extracted ° when present
用户风险接受的候选数据审计,__MACOSX/Battery raw data/RPT Data/29. 45┬░C #5/._3.csv,,c7702b1d,212,,,,MACOSX_METADATA_EXCLUDED,__MACOSX metadata member; excluded from data-tree binding
用户风险接受的候选数据审计,Battery raw data/RPT Data/29. 45┬░C #5/2.csv,RPT Data/29. 45°C #5/2.csv,b9c9a1ce,2345796,/Users/wanghaoming/Public/SOC电池数据中心/SOC电池数据中心/Battery raw data/RPT Data/29. 45°C #5/2.csv,2345796,b9c9a1ce,PASS,RISK_ACCEPTED_SOURCE_BINDING; ZIP mojibake sequence ┬░ normalized to extracted ° when present
用户风险接受的候选数据审计,__MACOSX/Battery raw data/RPT Data/29. 45┬░C #5/._2.csv,,c7702b1d,212,,,,MACOSX_METADATA_EXCLUDED,__MACOSX metadata member; excluded from data-tree binding
用户风险接受的候选数据审计,Battery raw data/RPT Data/42. 60┬░C #6/5.csv,RPT Data/42. 60°C #6/5.csv,ef794995,2333919,/Users/wanghaoming/Public/SOC电池数据中心/SOC电池数据中心/Battery raw data/RPT Data/42. 60°C #6/5.csv,2333919,ef794995,PASS,RISK_ACCEPTED_SOURCE_BINDING; ZIP mojibake sequence ┬░ normalized to extracted ° when present
用户风险接受的候选数据审计,__MACOSX/Battery raw data/RPT Data/42. 60┬░C #6/._5.csv,,c7702b1d,212,,,,MACOSX_METADATA_EXCLUDED,__MACOSX metadata member; excluded from data-tree binding
用户风险接受的候选数据审计,Battery raw data/RPT Data/42. 60┬░C #6/4.csv,RPT Data/42. 60°C #6/4.csv,2076a31b,2301977,/Users/wanghaoming/Public/SOC电池数据中心/SOC电池数据中心/Battery raw data/RPT Data/42. 60°C #6/4.csv,2301977,2076a31b,PASS,RISK_ACCEPTED_SOURCE_BINDING; ZIP mojibake sequence ┬░ normalized to extracted ° when present
用户风险接受的候选数据审计,__MACOSX/Battery raw data/RPT Data/42. 60┬░C #6/._4.csv,,c7702b1d,212,,,,MACOSX_METADATA_EXCLUDED,__MACOSX metadata member; excluded from data-tree binding
用户风险接受的候选数据审计,Battery raw data/RPT Data/42. 60┬░C #6/0.csv,RPT Data/42. 60°C #6/0.csv,f05c8664,2678149,/Users/wanghaoming/Public/SOC电池数据中心/SOC电池数据中心/Battery raw data/RPT Data/42. 60°C #6/0.csv,2678149,f05c8664,PASS,RISK_ACCEPTED_SOURCE_BINDING; ZIP mojibake sequence ┬░ normalized to extracted ° when present
用户风险接受的候选数据审计,__MACOSX/Battery raw data/RPT Data/42. 60┬░C #6/._0.csv,,c7702b1d,212,,,,MACOSX_METADATA_EXCLUDED,__MACOSX metadata member; excluded from data-tree binding
用户风险接受的候选数据审计,Battery raw data/RPT Data/42. 60┬░C #6/1.csv,RPT Data/42. 60°C #6/1.csv,b52436ac,2529470,/Users/wanghaoming/Public/SOC电池数据中心/SOC电池数据中心/Battery raw data/RPT Data/42. 60°C #6/1.csv,2529470,b52436ac,PASS,RISK_ACCEPTED_SOURCE_BINDING; ZIP mojibake sequence ┬░ normalized to extracted ° when present
用户风险接受的候选数据审计,__MACOSX/Battery raw data/RPT Data/42. 60┬░C #6/._1.csv,,c7702b1d,212,,,,MACOSX_METADATA_EXCLUDED,__MACOSX metadata member; excluded from data-tree binding
用户风险接受的候选数据审计,Battery raw data/RPT Data/42. 60┬░C #6/3.csv,RPT Data/42. 60°C #6/3.csv,09dc21d0,2361184,/Users/wanghaoming/Public/SOC电池数据中心/SOC电池数据中心/Battery raw data/RPT Data/42. 60°C #6/3.csv,2361184,09dc21d0,PASS,RISK_ACCEPTED_SOURCE_BINDING; ZIP mojibake sequence ┬░ normalized to extracted ° when present
用户风险接受的候选数据审计,__MACOSX/Battery raw data/RPT Data/42. 60┬░C #6/._3.csv,,c7702b1d,212,,,,MACOSX_METADATA_EXCLUDED,__MACOSX metadata member; excluded from data-tree binding
用户风险接受的候选数据审计,Battery raw data/RPT Data/42. 60┬░C #6/2.csv,RPT Data/42. 60°C #6/2.csv,f797e787,2439768,/Users/wanghaoming/Public/SOC电池数据中心/SOC电池数据中心/Battery raw data/RPT Data/42. 60°C #6/2.csv,2439768,f797e787,PASS,RISK_ACCEPTED_SOURCE_BINDING; ZIP mojibake sequence ┬░ normalized to extracted ° when present
用户风险接受的候选数据审计,__MACOSX/Battery raw data/RPT Data/42. 60┬░C #6/._2.csv,,c7702b1d,212,,,,MACOSX_METADATA_EXCLUDED,__MACOSX metadata member; excluded from data-tree binding
用户风险接受的候选数据审计,Battery raw data/RPT Data/41. 60┬░C #5/5.csv,RPT Data/41. 60°C #5/5.csv,7ce9b271,2341662,/Users/wanghaoming/Public/SOC电池数据中心/SOC电池数据中心/Battery raw data/RPT Data/41. 60°C #5/5.csv,2341662,7ce9b271,PASS,RISK_ACCEPTED_SOURCE_BINDING; ZIP mojibake sequence ┬░ normalized to extracted ° when present
用户风险接受的候选数据审计,__MACOSX/Battery raw data/RPT Data/41. 60┬░C #5/._5.csv,,c7702b1d,212,,,,MACOSX_METADATA_EXCLUDED,__MACOSX metadata member; excluded from data-tree binding
用户风险接受的候选数据审计,Battery raw data/RPT Data/41. 60┬░C #5/4.csv,RPT Data/41. 60°C #5/4.csv,061f5f82,2306361,/Users/wanghaoming/Public/SOC电池数据中心/SOC电池数据中心/Battery raw data/RPT Data/41. 60°C #5/4.csv,2306361,061f5f82,PASS,RISK_ACCEPTED_SOURCE_BINDING; ZIP mojibake sequence ┬░ normalized to extracted ° when present
用户风险接受的候选数据审计,__MACOSX/Battery raw data/RPT Data/41. 60┬░C #5/._4.csv,,c7702b1d,212,,,,MACOSX_METADATA_EXCLUDED,__MACOSX metadata member; excluded from data-tree binding
用户风险接受的候选数据审计,Battery raw data/RPT Data/41. 60┬░C #5/0.csv,RPT Data/41. 60°C #5/0.csv,9f579933,2683910,/Users/wanghaoming/Public/SOC电池数据中心/SOC电池数据中心/Battery raw data/RPT Data/41. 60°C #5/0.csv,2683910,9f579933,PASS,RISK_ACCEPTED_SOURCE_BINDING; ZIP mojibake sequence ┬░ normalized to extracted ° when present
用户风险接受的候选数据审计,__MACOSX/Battery raw data/RPT Data/41. 60┬░C #5/._0.csv,,c7702b1d,212,,,,MACOSX_METADATA_EXCLUDED,__MACOSX metadata member; excluded from data-tree binding
用户风险接受的候选数据审计,Battery raw data/RPT Data/41. 60┬░C #5/1.csv,RPT Data/41. 60°C #5/1.csv,da897a1a,2534782,/Users/wanghaoming/Public/SOC电池数据中心/SOC电池数据中心/Battery raw data/RPT Data/41. 60°C #5/1.csv,2534782,da897a1a,PASS,RISK_ACCEPTED_SOURCE_BINDING; ZIP mojibake sequence ┬░ normalized to extracted ° when present
用户风险接受的候选数据审计,__MACOSX/Battery raw data/RPT Data/41. 60┬░C #5/._1.csv,,c7702b1d,212,,,,MACOSX_METADATA_EXCLUDED,__MACOSX metadata member; excluded from data-tree binding
用户风险接受的候选数据审计,Battery raw data/RPT Data/41. 60┬░C #5/3.csv,RPT Data/41. 60°C #5/3.csv,4542b873,2369543,/Users/wanghaoming/Public/SOC电池数据中心/SOC电池数据中心/Battery raw data/RPT Data/41. 60°C #5/3.csv,2369543,4542b873,PASS,RISK_ACCEPTED_SOURCE_BINDING; ZIP mojibake sequence ┬░ normalized to extracted ° when present
用户风险接受的候选数据审计,__MACOSX/Battery raw data/RPT Data/41. 60┬░C #5/._3.csv,,c7702b1d,212,,,,MACOSX_METADATA_EXCLUDED,__MACOSX metadata member; excluded from data-tree binding
用户风险接受的候选数据审计,Battery raw data/RPT Data/41. 60┬░C #5/2.csv,RPT Data/41. 60°C #5/2.csv,52f2f47c,2446499,/Users/wanghaoming/Public/SOC电池数据中心/SOC电池数据中心/Battery raw data/RPT Data/41. 60°C #5/2.csv,2446499,52f2f47c,PASS,RISK_ACCEPTED_SOURCE_BINDING; ZIP mojibake sequence ┬░ normalized to extracted ° when present
用户风险接受的候选数据审计,__MACOSX/Battery raw data/RPT Data/41. 60┬░C #5/._2.csv,,c7702b1d,212,,,,MACOSX_METADATA_EXCLUDED,__MACOSX metadata member; excluded from data-tree binding
用户风险接受的候选数据审计,Battery raw data/RPT Data/19. 4.35V@ 25┬░C #3/5.csv,RPT Data/19. 4.35V@ 25°C #3/5.csv,7da4bb83,2310061,/Users/wanghaoming/Public/SOC电池数据中心/SOC电池数据中心/Battery raw data/RPT Data/19. 4.35V@ 25°C #3/5.csv,2310061,7da4bb83,PASS,RISK_ACCEPTED_SOURCE_BINDING; ZIP mojibake sequence ┬░ normalized to extracted ° when present
用户风险接受的候选数据审计,__MACOSX/Battery raw data/RPT Data/19. 4.35V@ 25┬░C #3/._5.csv,,c7702b1d,212,,,,MACOSX_METADATA_EXCLUDED,__MACOSX metadata member; excluded from data-tree binding
用户风险接受的候选数据审计,Battery raw data/RPT Data/19. 4.35V@ 25┬░C #3/4.csv,RPT Data/19. 4.35V@ 25°C #3/4.csv,683c21ea,2279755,/Users/wanghaoming/Public/SOC电池数据中心/SOC电池数据中心/Battery raw data/RPT Data/19. 4.35V@ 25°C #3/4.csv,2279755,683c21ea,PASS,RISK_ACCEPTED_SOURCE_BINDING; ZIP mojibake sequence ┬░ normalized to extracted ° when present
用户风险接受的候选数据审计,__MACOSX/Battery raw data/RPT Data/19. 4.35V@ 25┬░C #3/._4.csv,,c7702b1d,212,,,,MACOSX_METADATA_EXCLUDED,__MACOSX metadata member; excluded from data-tree binding
用户风险接受的候选数据审计,Battery raw data/RPT Data/19. 4.35V@ 25┬░C #3/0.csv,RPT Data/19. 4.35V@ 25°C #3/0.csv,3fcb2ece,2684554,/Users/wanghaoming/Public/SOC电池数据中心/SOC电池数据中心/Battery raw data/RPT Data/19. 4.35V@ 25°C #3/0.csv,2684554,3fcb2ece,PASS,RISK_ACCEPTED_SOURCE_BINDING; ZIP mojibake sequence ┬░ normalized to extracted ° when present
用户风险接受的候选数据审计,__MACOSX/Battery raw data/RPT Data/19. 4.35V@ 25┬░C #3/._0.csv,,c7702b1d,212,,,,MACOSX_METADATA_EXCLUDED,__MACOSX metadata member; excluded from data-tree binding
用户风险接受的候选数据审计,Battery raw data/RPT Data/19. 4.35V@ 25┬░C #3/1.csv,RPT Data/19. 4.35V@ 25°C #3/1.csv,492f0f4d,2541482,/Users/wanghaoming/Public/SOC电池数据中心/SOC电池数据中心/Battery raw data/RPT Data/19. 4.35V@ 25°C #3/1.csv,2541482,492f0f4d,PASS,RISK_ACCEPTED_SOURCE_BINDING; ZIP mojibake sequence ┬░ normalized to extracted ° when present
用户风险接受的候选数据审计,__MACOSX/Battery raw data/RPT Data/19. 4.35V@ 25┬░C #3/._1.csv,,c7702b1d,212,,,,MACOSX_METADATA_EXCLUDED,__MACOSX metadata member; excluded from data-tree binding
用户风险接受的候选数据审计,Battery raw data/RPT Data/19. 4.35V@ 25┬░C #3/3.csv,RPT Data/19. 4.35V@ 25°C #3/3.csv,c92d4677,2383484,/Users/wanghaoming/Public/SOC电池数据中心/SOC电池数据中心/Battery raw data/RPT Data/19. 4.35V@ 25°C #3/3.csv,2383484,c92d4677,PASS,RISK_ACCEPTED_SOURCE_BINDING; ZIP mojibake sequence ┬░ normalized to extracted ° when present
用户风险接受的候选数据审计,__MACOSX/Battery raw data/RPT Data/19. 4.35V@ 25┬░C #3/._3.csv,,c7702b1d,212,,,,MACOSX_METADATA_EXCLUDED,__MACOSX metadata member; excluded from data-tree binding
用户风险接受的候选数据审计,Battery raw data/RPT Data/19. 4.35V@ 25┬░C #3/2.csv,RPT Data/19. 4.35V@ 25°C #3/2.csv,a4383a52,2456988,/Users/wanghaoming/Public/SOC电池数据中心/SOC电池数据中心/Battery raw data/RPT Data/19. 4.35V@ 25°C #3/2.csv,2456988,a4383a52,PASS,RISK_ACCEPTED_SOURCE_BINDING; ZIP mojibake sequence ┬░ normalized to extracted ° when present
用户风险接受的候选数据审计,__MACOSX/Battery raw data/RPT Data/19. 4.35V@ 25┬░C #3/._2.csv,,c7702b1d,212,,,,MACOSX_METADATA_EXCLUDED,__MACOSX metadata member; excluded from data-tree binding
用户风险接受的候选数据审计,Battery raw data/RPT Data/40. 60┬░C #4/4.csv,RPT Data/40. 60°C #4/4.csv,5c7c62e6,2267465,/Users/wanghaoming/Public/SOC电池数据中心/SOC电池数据中心/Battery raw data/RPT Data/40. 60°C #4/4.csv,2267465,5c7c62e6,PASS,RISK_ACCEPTED_SOURCE_BINDING; ZIP mojibake sequence ┬░ normalized to extracted ° when present
用户风险接受的候选数据审计,__MACOSX/Battery raw data/RPT Data/40. 60┬░C #4/._4.csv,,c7702b1d,212,,,,MACOSX_METADATA_EXCLUDED,__MACOSX metadata member; excluded from data-tree binding
用户风险接受的候选数据审计,Battery raw data/RPT Data/40. 60┬░C #4/0.csv,RPT Data/40. 60°C #4/0.csv,c5463065,2695091,/Users/wanghaoming/Public/SOC电池数据中心/SOC电池数据中心/Battery raw data/RPT Data/40. 60°C #4/0.csv,2695091,c5463065,PASS,RISK_ACCEPTED_SOURCE_BINDING; ZIP mojibake sequence ┬░ normalized to extracted ° when present
用户风险接受的候选数据审计,__MACOSX/Battery raw data/RPT Data/40. 60┬░C #4/._0.csv,,c7702b1d,212,,,,MACOSX_METADATA_EXCLUDED,__MACOSX metadata member; excluded from data-tree binding
用户风险接受的候选数据审计,Battery raw data/RPT Data/40. 60┬░C #4/1.csv,RPT Data/40. 60°C #4/1.csv,f5897b1f,2544051,/Users/wanghaoming/Public/SOC电池数据中心/SOC电池数据中心/Battery raw data/RPT Data/40. 60°C #4/1.csv,2544051,f5897b1f,PASS,RISK_ACCEPTED_SOURCE_BINDING; ZIP mojibake sequence ┬░ normalized to extracted ° when present
用户风险接受的候选数据审计,__MACOSX/Battery raw data/RPT Data/40. 60┬░C #4/._1.csv,,c7702b1d,212,,,,MACOSX_METADATA_EXCLUDED,__MACOSX metadata member; excluded from data-tree binding
用户风险接受的候选数据审计,Battery raw data/RPT Data/40. 60┬░C #4/3.csv,RPT Data/40. 60°C #4/3.csv,8ac45ace,2359300,/Users/wanghaoming/Public/SOC电池数据中心/SOC电池数据中心/Battery raw data/RPT Data/40. 60°C #4/3.csv,2359300,8ac45ace,PASS,RISK_ACCEPTED_SOURCE_BINDING; ZIP mojibake sequence ┬░ normalized to extracted ° when present
用户风险接受的候选数据审计,__MACOSX/Battery raw data/RPT Data/40. 60┬░C #4/._3.csv,,c7702b1d,212,,,,MACOSX_METADATA_EXCLUDED,__MACOSX metadata member; excluded from data-tree binding
用户风险接受的候选数据审计,Battery raw data/RPT Data/40. 60┬░C #4/2.csv,RPT Data/40. 60°C #4/2.csv,bf09fa79,2322098,/Users/wanghaoming/Public/SOC电池数据中心/SOC电池数据中心/Battery raw data/RPT Data/40. 60°C #4/2.csv,2322098,bf09fa79,PASS,RISK_ACCEPTED_SOURCE_BINDING; ZIP mojibake sequence ┬░ normalized to extracted ° when present
用户风险接受的候选数据审计,__MACOSX/Battery raw data/RPT Data/40. 60┬░C #4/._2.csv,,c7702b1d,212,,,,MACOSX_METADATA_EXCLUDED,__MACOSX metadata member; excluded from data-tree binding
用户风险接受的候选数据审计,Battery raw data/RPT Data/15. 1V@ 25┬░C #3/4.csv,RPT Data/15. 1V@ 25°C #3/4.csv,c0c22c97,2214852,/Users/wanghaoming/Public/SOC电池数据中心/SOC电池数据中心/Battery raw data/RPT Data/15. 1V@ 25°C #3/4.csv,2214852,c0c22c97,PASS,RISK_ACCEPTED_SOURCE_BINDING; ZIP mojibake sequence ┬░ normalized to extracted ° when present
用户风险接受的候选数据审计,__MACOSX/Battery raw data/RPT Data/15. 1V@ 25┬░C #3/._4.csv,,c7702b1d,212,,,,MACOSX_METADATA_EXCLUDED,__MACOSX metadata member; excluded from data-tree binding
用户风险接受的候选数据审计,Battery raw data/RPT Data/15. 1V@ 25┬░C #3/0.csv,RPT Data/15. 1V@ 25°C #3/0.csv,dbc93153,2690733,/Users/wanghaoming/Public/SOC电池数据中心/SOC电池数据中心/Battery raw data/RPT Data/15. 1V@ 25°C #3/0.csv,2690733,dbc93153,PASS,RISK_ACCEPTED_SOURCE_BINDING; ZIP mojibake sequence ┬░ normalized to extracted ° when present
用户风险接受的候选数据审计,__MACOSX/Battery raw data/RPT Data/15. 1V@ 25┬░C #3/._0.csv,,c7702b1d,212,,,,MACOSX_METADATA_EXCLUDED,__MACOSX metadata member; excluded from data-tree binding
用户风险接受的候选数据审计,Battery raw data/RPT Data/15. 1V@ 25┬░C #3/1.csv,RPT Data/15. 1V@ 25°C #3/1.csv,d704e812,2543333,/Users/wanghaoming/Public/SOC电池数据中心/SOC电池数据中心/Battery raw data/RPT Data/15. 1V@ 25°C #3/1.csv,2543333,d704e812,PASS,RISK_ACCEPTED_SOURCE_BINDING; ZIP mojibake sequence ┬░ normalized to extracted ° when present
用户风险接受的候选数据审计,__MACOSX/Battery raw data/RPT Data/15. 1V@ 25┬░C #3/._1.csv,,c7702b1d,212,,,,MACOSX_METADATA_EXCLUDED,__MACOSX metadata member; excluded from data-tree binding
用户风险接受的候选数据审计,Battery raw data/RPT Data/15. 1V@ 25┬░C #3/3.csv,RPT Data/15. 1V@ 25°C #3/3.csv,fb07d9d9,2311604,/Users/wanghaoming/Public/SOC电池数据中心/SOC电池数据中心/Battery raw data/RPT Data/15. 1V@ 25°C #3/3.csv,2311604,fb07d9d9,PASS,RISK_ACCEPTED_SOURCE_BINDING; ZIP mojibake sequence ┬░ normalized to extracted ° when present
用户风险接受的候选数据审计,__MACOSX/Battery raw data/RPT Data/15. 1V@ 25┬░C #3/._3.csv,,c7702b1d,212,,,,MACOSX_METADATA_EXCLUDED,__MACOSX metadata member; excluded from data-tree binding
用户风险接受的候选数据审计,Battery raw data/RPT Data/15. 1V@ 25┬░C #3/2.csv,RPT Data/15. 1V@ 25°C #3/2.csv,7531419e,2435727,/Users/wanghaoming/Public/SOC电池数据中心/SOC电池数据中心/Battery raw data/RPT Data/15. 1V@ 25°C #3/2.csv,2435727,7531419e,PASS,RISK_ACCEPTED_SOURCE_BINDING; ZIP mojibake sequence ┬░ normalized to extracted ° when present
用户风险接受的候选数据审计,__MACOSX/Battery raw data/RPT Data/15. 1V@ 25┬░C #3/._2.csv,,c7702b1d,212,,,,MACOSX_METADATA_EXCLUDED,__MACOSX metadata member; excluded from data-tree binding
用户风险接受的候选数据审计,Battery raw data/RPT Data/12. HIGH C@ 25┬░C #4/5.csv,RPT Data/12. HIGH C@ 25°C #4/5.csv,2f57d011,2334095,/Users/wanghaoming/Public/SOC电池数据中心/SOC电池数据中心/Battery raw data/RPT Data/12. HIGH C@ 25°C #4/5.csv,2334095,2f57d011,PASS,RISK_ACCEPTED_SOURCE_BINDING; ZIP mojibake sequence ┬░ normalized to extracted ° when present
用户风险接受的候选数据审计,__MACOSX/Battery raw data/RPT Data/12. HIGH C@ 25┬░C #4/._5.csv,,c7702b1d,212,,,,MACOSX_METADATA_EXCLUDED,__MACOSX metadata member; excluded from data-tree binding
用户风险接受的候选数据审计,Battery raw data/RPT Data/12. HIGH C@ 25┬░C #4/4.csv,RPT Data/12. HIGH C@ 25°C #4/4.csv,6905510e,2384712,/Users/wanghaoming/Public/SOC电池数据中心/SOC电池数据中心/Battery raw data/RPT Data/12. HIGH C@ 25°C #4/4.csv,2384712,6905510e,PASS,RISK_ACCEPTED_SOURCE_BINDING; ZIP mojibake sequence ┬░ normalized to extracted ° when present
用户风险接受的候选数据审计,__MACOSX/Battery raw data/RPT Data/12. HIGH C@ 25┬░C #4/._4.csv,,c7702b1d,212,,,,MACOSX_METADATA_EXCLUDED,__MACOSX metadata member; excluded from data-tree binding
用户风险接受的候选数据审计,Battery raw data/RPT Data/12. HIGH C@ 25┬░C #4/0.csv,RPT Data/12. HIGH C@ 25°C #4/0.csv,ab408064,2679926,/Users/wanghaoming/Public/SOC电池数据中心/SOC电池数据中心/Battery raw data/RPT Data/12. HIGH C@ 25°C #4/0.csv,2679926,ab408064,PASS,RISK_ACCEPTED_SOURCE_BINDING; ZIP mojibake sequence ┬░ normalized to extracted ° when present
用户风险接受的候选数据审计,__MACOSX/Battery raw data/RPT Data/12. HIGH C@ 25┬░C #4/._0.csv,,c7702b1d,212,,,,MACOSX_METADATA_EXCLUDED,__MACOSX metadata member; excluded from data-tree binding
用户风险接受的候选数据审计,Battery raw data/RPT Data/12. HIGH C@ 25┬░C #4/1.csv,RPT Data/12. HIGH C@ 25°C #4/1.csv,f0604963,2526331,/Users/wanghaoming/Public/SOC电池数据中心/SOC电池数据中心/Battery raw data/RPT Data/12. HIGH C@ 25°C #4/1.csv,2526331,f0604963,PASS,RISK_ACCEPTED_SOURCE_BINDING; ZIP mojibake sequence ┬░ normalized to extracted ° when present
用户风险接受的候选数据审计,__MACOSX/Battery raw data/RPT Data/12. HIGH C@ 25┬░C #4/._1.csv,,c7702b1d,212,,,,MACOSX_METADATA_EXCLUDED,__MACOSX metadata member; excluded from data-tree binding
用户风险接受的候选数据审计,Battery raw data/RPT Data/12. HIGH C@ 25┬░C #4/3.csv,RPT Data/12. HIGH C@ 25°C #4/3.csv,9794565a,2354777,/Users/wanghaoming/Public/SOC电池数据中心/SOC电池数据中心/Battery raw data/RPT Data/12. HIGH C@ 25°C #4/3.csv,2354777,9794565a,PASS,RISK_ACCEPTED_SOURCE_BINDING; ZIP mojibake sequence ┬░ normalized to extracted ° when present
用户风险接受的候选数据审计,__MACOSX/Battery raw data/RPT Data/12. HIGH C@ 25┬░C #4/._3.csv,,c7702b1d,212,,,,MACOSX_METADATA_EXCLUDED,__MACOSX metadata member; excluded from data-tree binding
用户风险接受的候选数据审计,Battery raw data/RPT Data/12. HIGH C@ 25┬░C #4/2.csv,RPT Data/12. HIGH C@ 25°C #4/2.csv,b134d65e,2429697,/Users/wanghaoming/Public/SOC电池数据中心/SOC电池数据中心/Battery raw data/RPT Data/12. HIGH C@ 25°C #4/2.csv,2429697,b134d65e,PASS,RISK_ACCEPTED_SOURCE_BINDING; ZIP mojibake sequence ┬░ normalized to extracted ° when present
用户风险接受的候选数据审计,__MACOSX/Battery raw data/RPT Data/12. HIGH C@ 25┬░C #4/._2.csv,,c7702b1d,212,,,,MACOSX_METADATA_EXCLUDED,__MACOSX metadata member; excluded from data-tree binding
用户风险接受的候选数据审计,Battery raw data/RPT Data/49. LOW C@ 10┬░C #1/4.csv,RPT Data/49. LOW C@ 10°C #1/4.csv,05ca99a3,2321839,/Users/wanghaoming/Public/SOC电池数据中心/SOC电池数据中心/Battery raw data/RPT Data/49. LOW C@ 10°C #1/4.csv,2321839,05ca99a3,PASS,RISK_ACCEPTED_SOURCE_BINDING; ZIP mojibake sequence ┬░ normalized to extracted ° when present
用户风险接受的候选数据审计,__MACOSX/Battery raw data/RPT Data/49. LOW C@ 10┬░C #1/._4.csv,,c7702b1d,212,,,,MACOSX_METADATA_EXCLUDED,__MACOSX metadata member; excluded from data-tree binding
用户风险接受的候选数据审计,Battery raw data/RPT Data/49. LOW C@ 10┬░C #1/0.csv,RPT Data/49. LOW C@ 10°C #1/0.csv,c649b6e8,2737421,/Users/wanghaoming/Public/SOC电池数据中心/SOC电池数据中心/Battery raw data/RPT Data/49. LOW C@ 10°C #1/0.csv,2737421,c649b6e8,PASS,RISK_ACCEPTED_SOURCE_BINDING; ZIP mojibake sequence ┬░ normalized to extracted ° when present
用户风险接受的候选数据审计,__MACOSX/Battery raw data/RPT Data/49. LOW C@ 10┬░C #1/._0.csv,,c7702b1d,212,,,,MACOSX_METADATA_EXCLUDED,__MACOSX metadata member; excluded from data-tree binding
用户风险接受的候选数据审计,Battery raw data/RPT Data/49. LOW C@ 10┬░C #1/1.csv,RPT Data/49. LOW C@ 10°C #1/1.csv,a39535ba,2666739,/Users/wanghaoming/Public/SOC电池数据中心/SOC电池数据中心/Battery raw data/RPT Data/49. LOW C@ 10°C #1/1.csv,2666739,a39535ba,PASS,RISK_ACCEPTED_SOURCE_BINDING; ZIP mojibake sequence ┬░ normalized to extracted ° when present
用户风险接受的候选数据审计,__MACOSX/Battery raw data/RPT Data/49. LOW C@ 10┬░C #1/._1.csv,,c7702b1d,212,,,,MACOSX_METADATA_EXCLUDED,__MACOSX metadata member; excluded from data-tree binding
用户风险接受的候选数据审计,Battery raw data/RPT Data/49. LOW C@ 10┬░C #1/3.csv,RPT Data/49. LOW C@ 10°C #1/3.csv,fc9603a0,2515513,/Users/wanghaoming/Public/SOC电池数据中心/SOC电池数据中心/Battery raw data/RPT Data/49. LOW C@ 10°C #1/3.csv,2515513,fc9603a0,PASS,RISK_ACCEPTED_SOURCE_BINDING; ZIP mojibake sequence ┬░ normalized to extracted ° when present
用户风险接受的候选数据审计,__MACOSX/Battery raw data/RPT Data/49. LOW C@ 10┬░C #1/._3.csv,,c7702b1d,212,,,,MACOSX_METADATA_EXCLUDED,__MACOSX metadata member; excluded from data-tree binding
用户风险接受的候选数据审计,Battery raw data/RPT Data/49. LOW C@ 10┬░C #1/2.csv,RPT Data/49. LOW C@ 10°C #1/2.csv,b5d50eb5,2547853,/Users/wanghaoming/Public/SOC电池数据中心/SOC电池数据中心/Battery raw data/RPT Data/49. LOW C@ 10°C #1/2.csv,2547853,b5d50eb5,PASS,RISK_ACCEPTED_SOURCE_BINDING; ZIP mojibake sequence ┬░ normalized to extracted ° when present
用户风险接受的候选数据审计,__MACOSX/Battery raw data/RPT Data/49. LOW C@ 10┬░C #1/._2.csv,,c7702b1d,212,,,,MACOSX_METADATA_EXCLUDED,__MACOSX metadata member; excluded from data-tree binding
用户风险接受的候选数据审计,Battery raw data/RPT Data/36. 45┬░C #12/6.csv,RPT Data/36. 45°C #12/6.csv,7cd9d842,2358532,/Users/wanghaoming/Public/SOC电池数据中心/SOC电池数据中心/Battery raw data/RPT Data/36. 45°C #12/6.csv,2358532,7cd9d842,PASS,RISK_ACCEPTED_SOURCE_BINDING; ZIP mojibake sequence ┬░ normalized to extracted ° when present
用户风险接受的候选数据审计,__MACOSX/Battery raw data/RPT Data/36. 45┬░C #12/._6.csv,,c7702b1d,212,,,,MACOSX_METADATA_EXCLUDED,__MACOSX metadata member; excluded from data-tree binding
用户风险接受的候选数据审计,Battery raw data/RPT Data/36. 45┬░C #12/7.csv,RPT Data/36. 45°C #12/7.csv,29d22f3d,2325484,/Users/wanghaoming/Public/SOC电池数据中心/SOC电池数据中心/Battery raw data/RPT Data/36. 45°C #12/7.csv,2325484,29d22f3d,PASS,RISK_ACCEPTED_SOURCE_BINDING; ZIP mojibake sequence ┬░ normalized to extracted ° when present
用户风险接受的候选数据审计,__MACOSX/Battery raw data/RPT Data/36. 45┬░C #12/._7.csv,,c7702b1d,212,,,,MACOSX_METADATA_EXCLUDED,__MACOSX metadata member; excluded from data-tree binding
用户风险接受的候选数据审计,Battery raw data/RPT Data/36. 45┬░C #12/5.csv,RPT Data/36. 45°C #12/5.csv,daad8cbe,2412404,/Users/wanghaoming/Public/SOC电池数据中心/SOC电池数据中心/Battery raw data/RPT Data/36. 45°C #12/5.csv,2412404,daad8cbe,PASS,RISK_ACCEPTED_SOURCE_BINDING; ZIP mojibake sequence ┬░ normalized to extracted ° when present
用户风险接受的候选数据审计,__MACOSX/Battery raw data/RPT Data/36. 45┬░C #12/._5.csv,,c7702b1d,212,,,,MACOSX_METADATA_EXCLUDED,__MACOSX metadata member; excluded from data-tree binding
用户风险接受的候选数据审计,Battery raw data/RPT Data/36. 45┬░C #12/4.csv,RPT Data/36. 45°C #12/4.csv,84ac4c4e,2377418,/Users/wanghaoming/Public/SOC电池数据中心/SOC电池数据中心/Battery raw data/RPT Data/36. 45°C #12/4.csv,2377418,84ac4c4e,PASS,RISK_ACCEPTED_SOURCE_BINDING; ZIP mojibake sequence ┬░ normalized to extracted ° when present
用户风险接受的候选数据审计,__MACOSX/Battery raw data/RPT Data/36. 45┬░C #12/._4.csv,,c7702b1d,212,,,,MACOSX_METADATA_EXCLUDED,__MACOSX metadata member; excluded from data-tree binding
用户风险接受的候选数据审计,Battery raw data/RPT Data/36. 45┬░C #12/0.csv,RPT Data/36. 45°C #12/0.csv,946a41ab,2649072,/Users/wanghaoming/Public/SOC电池数据中心/SOC电池数据中心/Battery raw data/RPT Data/36. 45°C #12/0.csv,2649072,946a41ab,PASS,RISK_ACCEPTED_SOURCE_BINDING; ZIP mojibake sequence ┬░ normalized to extracted ° when present
用户风险接受的候选数据审计,__MACOSX/Battery raw data/RPT Data/36. 45┬░C #12/._0.csv,,c7702b1d,212,,,,MACOSX_METADATA_EXCLUDED,__MACOSX metadata member; excluded from data-tree binding
用户风险接受的候选数据审计,Battery raw data/RPT Data/36. 45┬░C #12/1.csv,RPT Data/36. 45°C #12/1.csv,6e0f891e,2530362,/Users/wanghaoming/Public/SOC电池数据中心/SOC电池数据中心/Battery raw data/RPT Data/36. 45°C #12/1.csv,2530362,6e0f891e,PASS,RISK_ACCEPTED_SOURCE_BINDING; ZIP mojibake sequence ┬░ normalized to extracted ° when present
用户风险接受的候选数据审计,__MACOSX/Battery raw data/RPT Data/36. 45┬░C #12/._1.csv,,c7702b1d,212,,,,MACOSX_METADATA_EXCLUDED,__MACOSX metadata member; excluded from data-tree binding
用户风险接受的候选数据审计,Battery raw data/RPT Data/36. 45┬░C #12/3.csv,RPT Data/36. 45°C #12/3.csv,ada613a3,2414485,/Users/wanghaoming/Public/SOC电池数据中心/SOC电池数据中心/Battery raw data/RPT Data/36. 45°C #12/3.csv,2414485,ada613a3,PASS,RISK_ACCEPTED_SOURCE_BINDING; ZIP mojibake sequence ┬░ normalized to extracted ° when present
用户风险接受的候选数据审计,__MACOSX/Battery raw data/RPT Data/36. 45┬░C #12/._3.csv,,c7702b1d,212,,,,MACOSX_METADATA_EXCLUDED,__MACOSX metadata member; excluded from data-tree binding
用户风险接受的候选数据审计,Battery raw data/RPT Data/36. 45┬░C #12/2.csv,RPT Data/36. 45°C #12/2.csv,f3abd94f,2464200,/Users/wanghaoming/Public/SOC电池数据中心/SOC电池数据中心/Battery raw data/RPT Data/36. 45°C #12/2.csv,2464200,f3abd94f,PASS,RISK_ACCEPTED_SOURCE_BINDING; ZIP mojibake sequence ┬░ normalized to extracted ° when present
用户风险接受的候选数据审计,__MACOSX/Battery raw data/RPT Data/36. 45┬░C #12/._2.csv,,c7702b1d,212,,,,MACOSX_METADATA_EXCLUDED,__MACOSX metadata member; excluded from data-tree binding
用户风险接受的候选数据审计,Battery raw data/RPT Data/18. 4.35V@ 25┬░C #2/5.csv,RPT Data/18. 4.35V@ 25°C #2/5.csv,8eec0bc9,2267288,/Users/wanghaoming/Public/SOC电池数据中心/SOC电池数据中心/Battery raw data/RPT Data/18. 4.35V@ 25°C #2/5.csv,2267288,8eec0bc9,PASS,RISK_ACCEPTED_SOURCE_BINDING; ZIP mojibake sequence ┬░ normalized to extracted ° when present
用户风险接受的候选数据审计,__MACOSX/Battery raw data/RPT Data/18. 4.35V@ 25┬░C #2/._5.csv,,c7702b1d,212,,,,MACOSX_METADATA_EXCLUDED,__MACOSX metadata member; excluded from data-tree binding
用户风险接受的候选数据审计,Battery raw data/RPT Data/18. 4.35V@ 25┬░C #2/4.csv,RPT Data/18. 4.35V@ 25°C #2/4.csv,f57d6112,2233691,/Users/wanghaoming/Public/SOC电池数据中心/SOC电池数据中心/Battery raw data/RPT Data/18. 4.35V@ 25°C #2/4.csv,2233691,f57d6112,PASS,RISK_ACCEPTED_SOURCE_BINDING; ZIP mojibake sequence ┬░ normalized to extracted ° when present
用户风险接受的候选数据审计,__MACOSX/Battery raw data/RPT Data/18. 4.35V@ 25┬░C #2/._4.csv,,c7702b1d,212,,,,MACOSX_METADATA_EXCLUDED,__MACOSX metadata member; excluded from data-tree binding
用户风险接受的候选数据审计,Battery raw data/RPT Data/18. 4.35V@ 25┬░C #2/0.csv,RPT Data/18. 4.35V@ 25°C #2/0.csv,ad8c2902,2684050,/Users/wanghaoming/Public/SOC电池数据中心/SOC电池数据中心/Battery raw data/RPT Data/18. 4.35V@ 25°C #2/0.csv,2684050,ad8c2902,PASS,RISK_ACCEPTED_SOURCE_BINDING; ZIP mojibake sequence ┬░ normalized to extracted ° when present
用户风险接受的候选数据审计,__MACOSX/Battery raw data/RPT Data/18. 4.35V@ 25┬░C #2/._0.csv,,c7702b1d,212,,,,MACOSX_METADATA_EXCLUDED,__MACOSX metadata member; excluded from data-tree binding
用户风险接受的候选数据审计,Battery raw data/RPT Data/18. 4.35V@ 25┬░C #2/1.csv,RPT Data/18. 4.35V@ 25°C #2/1.csv,a67a0d20,2541813,/Users/wanghaoming/Public/SOC电池数据中心/SOC电池数据中心/Battery raw data/RPT Data/18. 4.35V@ 25°C #2/1.csv,2541813,a67a0d20,PASS,RISK_ACCEPTED_SOURCE_BINDING; ZIP mojibake sequence ┬░ normalized to extracted ° when present
用户风险接受的候选数据审计,__MACOSX/Battery raw data/RPT Data/18. 4.35V@ 25┬░C #2/._1.csv,,c7702b1d,212,,,,MACOSX_METADATA_EXCLUDED,__MACOSX metadata member; excluded from data-tree binding
用户风险接受的候选数据审计,Battery raw data/RPT Data/18. 4.35V@ 25┬░C #2/3.csv,RPT Data/18. 4.35V@ 25°C #2/3.csv,5dee4ded,2375183,/Users/wanghaoming/Public/SOC电池数据中心/SOC电池数据中心/Battery raw data/RPT Data/18. 4.35V@ 25°C #2/3.csv,2375183,5dee4ded,PASS,RISK_ACCEPTED_SOURCE_BINDING; ZIP mojibake sequence ┬░ normalized to extracted ° when present
用户风险接受的候选数据审计,__MACOSX/Battery raw data/RPT Data/18. 4.35V@ 25┬░C #2/._3.csv,,c7702b1d,212,,,,MACOSX_METADATA_EXCLUDED,__MACOSX metadata member; excluded from data-tree binding
用户风险接受的候选数据审计,Battery raw data/RPT Data/18. 4.35V@ 25┬░C #2/2.csv,RPT Data/18. 4.35V@ 25°C #2/2.csv,07268777,2456540,/Users/wanghaoming/Public/SOC电池数据中心/SOC电池数据中心/Battery raw data/RPT Data/18. 4.35V@ 25°C #2/2.csv,2456540,07268777,PASS,RISK_ACCEPTED_SOURCE_BINDING; ZIP mojibake sequence ┬░ normalized to extracted ° when present
用户风险接受的候选数据审计,__MACOSX/Battery raw data/RPT Data/18. 4.35V@ 25┬░C #2/._2.csv,,c7702b1d,212,,,,MACOSX_METADATA_EXCLUDED,__MACOSX metadata member; excluded from data-tree binding
用户风险接受的候选数据审计,Battery raw data/RPT Data/34. 45┬░C #10/6.csv,RPT Data/34. 45°C #10/6.csv,7bc220fc,2372297,/Users/wanghaoming/Public/SOC电池数据中心/SOC电池数据中心/Battery raw data/RPT Data/34. 45°C #10/6.csv,2372297,7bc220fc,PASS,RISK_ACCEPTED_SOURCE_BINDING; ZIP mojibake sequence ┬░ normalized to extracted ° when present
用户风险接受的候选数据审计,__MACOSX/Battery raw data/RPT Data/34. 45┬░C #10/._6.csv,,c7702b1d,212,,,,MACOSX_METADATA_EXCLUDED,__MACOSX metadata member; excluded from data-tree binding
用户风险接受的候选数据审计,Battery raw data/RPT Data/34. 45┬░C #10/7.csv,RPT Data/34. 45°C #10/7.csv,bcdea982,2341415,/Users/wanghaoming/Public/SOC电池数据中心/SOC电池数据中心/Battery raw data/RPT Data/34. 45°C #10/7.csv,2341415,bcdea982,PASS,RISK_ACCEPTED_SOURCE_BINDING; ZIP mojibake sequence ┬░ normalized to extracted ° when present
用户风险接受的候选数据审计,__MACOSX/Battery raw data/RPT Data/34. 45┬░C #10/._7.csv,,c7702b1d,212,,,,MACOSX_METADATA_EXCLUDED,__MACOSX metadata member; excluded from data-tree binding
用户风险接受的候选数据审计,Battery raw data/RPT Data/34. 45┬░C #10/5.csv,RPT Data/34. 45°C #10/5.csv,3391ff0d,2435523,/Users/wanghaoming/Public/SOC电池数据中心/SOC电池数据中心/Battery raw data/RPT Data/34. 45°C #10/5.csv,2435523,3391ff0d,PASS,RISK_ACCEPTED_SOURCE_BINDING; ZIP mojibake sequence ┬░ normalized to extracted ° when present
用户风险接受的候选数据审计,__MACOSX/Battery raw data/RPT Data/34. 45┬░C #10/._5.csv,,c7702b1d,212,,,,MACOSX_METADATA_EXCLUDED,__MACOSX metadata member; excluded from data-tree binding
用户风险接受的候选数据审计,Battery raw data/RPT Data/34. 45┬░C #10/4.csv,RPT Data/34. 45°C #10/4.csv,b8671077,2395290,/Users/wanghaoming/Public/SOC电池数据中心/SOC电池数据中心/Battery raw data/RPT Data/34. 45°C #10/4.csv,2395290,b8671077,PASS,RISK_ACCEPTED_SOURCE_BINDING; ZIP mojibake sequence ┬░ normalized to extracted ° when present
用户风险接受的候选数据审计,__MACOSX/Battery raw data/RPT Data/34. 45┬░C #10/._4.csv,,c7702b1d,212,,,,MACOSX_METADATA_EXCLUDED,__MACOSX metadata member; excluded from data-tree binding
用户风险接受的候选数据审计,Battery raw data/RPT Data/34. 45┬░C #10/0.csv,RPT Data/34. 45°C #10/0.csv,ed34f1bd,2655183,/Users/wanghaoming/Public/SOC电池数据中心/SOC电池数据中心/Battery raw data/RPT Data/34. 45°C #10/0.csv,2655183,ed34f1bd,PASS,RISK_ACCEPTED_SOURCE_BINDING; ZIP mojibake sequence ┬░ normalized to extracted ° when present
用户风险接受的候选数据审计,__MACOSX/Battery raw data/RPT Data/34. 45┬░C #10/._0.csv,,c7702b1d,212,,,,MACOSX_METADATA_EXCLUDED,__MACOSX metadata member; excluded from data-tree binding
用户风险接受的候选数据审计,Battery raw data/RPT Data/34. 45┬░C #10/1.csv,RPT Data/34. 45°C #10/1.csv,20007b42,2545183,/Users/wanghaoming/Public/SOC电池数据中心/SOC电池数据中心/Battery raw data/RPT Data/34. 45°C #10/1.csv,2545183,20007b42,PASS,RISK_ACCEPTED_SOURCE_BINDING; ZIP mojibake sequence ┬░ normalized to extracted ° when present
用户风险接受的候选数据审计,__MACOSX/Battery raw data/RPT Data/34. 45┬░C #10/._1.csv,,c7702b1d,212,,,,MACOSX_METADATA_EXCLUDED,__MACOSX metadata member; excluded from data-tree binding
用户风险接受的候选数据审计,Battery raw data/RPT Data/34. 45┬░C #10/3.csv,RPT Data/34. 45°C #10/3.csv,4c2c19fa,2430186,/Users/wanghaoming/Public/SOC电池数据中心/SOC电池数据中心/Battery raw data/RPT Data/34. 45°C #10/3.csv,2430186,4c2c19fa,PASS,RISK_ACCEPTED_SOURCE_BINDING; ZIP mojibake sequence ┬░ normalized to extracted ° when present
用户风险接受的候选数据审计,__MACOSX/Battery raw data/RPT Data/34. 45┬░C #10/._3.csv,,c7702b1d,212,,,,MACOSX_METADATA_EXCLUDED,__MACOSX metadata member; excluded from data-tree binding
用户风险接受的候选数据审计,Battery raw data/RPT Data/34. 45┬░C #10/2.csv,RPT Data/34. 45°C #10/2.csv,c38e51a3,2477043,/Users/wanghaoming/Public/SOC电池数据中心/SOC电池数据中心/Battery raw data/RPT Data/34. 45°C #10/2.csv,2477043,c38e51a3,PASS,RISK_ACCEPTED_SOURCE_BINDING; ZIP mojibake sequence ┬░ normalized to extracted ° when present
用户风险接受的候选数据审计,__MACOSX/Battery raw data/RPT Data/34. 45┬░C #10/._2.csv,,c7702b1d,212,,,,MACOSX_METADATA_EXCLUDED,__MACOSX metadata member; excluded from data-tree binding
用户风险接受的候选数据审计,Battery raw data/RPT Data/52. LOW C@ 10┬░C #4/4.csv,RPT Data/52. LOW C@ 10°C #4/4.csv,eafd9364,2302145,/Users/wanghaoming/Public/SOC电池数据中心/SOC电池数据中心/Battery raw data/RPT Data/52. LOW C@ 10°C #4/4.csv,2302145,eafd9364,PASS,RISK_ACCEPTED_SOURCE_BINDING; ZIP mojibake sequence ┬░ normalized to extracted ° when present
用户风险接受的候选数据审计,__MACOSX/Battery raw data/RPT Data/52. LOW C@ 10┬░C #4/._4.csv,,c7702b1d,212,,,,MACOSX_METADATA_EXCLUDED,__MACOSX metadata member; excluded from data-tree binding
用户风险接受的候选数据审计,Battery raw data/RPT Data/52. LOW C@ 10┬░C #4/0.csv,RPT Data/52. LOW C@ 10°C #4/0.csv,62f160e6,2738163,/Users/wanghaoming/Public/SOC电池数据中心/SOC电池数据中心/Battery raw data/RPT Data/52. LOW C@ 10°C #4/0.csv,2738163,62f160e6,PASS,RISK_ACCEPTED_SOURCE_BINDING; ZIP mojibake sequence ┬░ normalized to extracted ° when present
用户风险接受的候选数据审计,__MACOSX/Battery raw data/RPT Data/52. LOW C@ 10┬░C #4/._0.csv,,c7702b1d,212,,,,MACOSX_METADATA_EXCLUDED,__MACOSX metadata member; excluded from data-tree binding
用户风险接受的候选数据审计,Battery raw data/RPT Data/52. LOW C@ 10┬░C #4/1.csv,RPT Data/52. LOW C@ 10°C #4/1.csv,93a0e990,2662085,/Users/wanghaoming/Public/SOC电池数据中心/SOC电池数据中心/Battery raw data/RPT Data/52. LOW C@ 10°C #4/1.csv,2662085,93a0e990,PASS,RISK_ACCEPTED_SOURCE_BINDING; ZIP mojibake sequence ┬░ normalized to extracted ° when present
用户风险接受的候选数据审计,__MACOSX/Battery raw data/RPT Data/52. LOW C@ 10┬░C #4/._1.csv,,c7702b1d,212,,,,MACOSX_METADATA_EXCLUDED,__MACOSX metadata member; excluded from data-tree binding
用户风险接受的候选数据审计,Battery raw data/RPT Data/52. LOW C@ 10┬░C #4/3.csv,RPT Data/52. LOW C@ 10°C #4/3.csv,dd7320bb,2510128,/Users/wanghaoming/Public/SOC电池数据中心/SOC电池数据中心/Battery raw data/RPT Data/52. LOW C@ 10°C #4/3.csv,2510128,dd7320bb,PASS,RISK_ACCEPTED_SOURCE_BINDING; ZIP mojibake sequence ┬░ normalized to extracted ° when present
用户风险接受的候选数据审计,__MACOSX/Battery raw data/RPT Data/52. LOW C@ 10┬░C #4/._3.csv,,c7702b1d,212,,,,MACOSX_METADATA_EXCLUDED,__MACOSX metadata member; excluded from data-tree binding
用户风险接受的候选数据审计,Battery raw data/RPT Data/52. LOW C@ 10┬░C #4/2.csv,RPT Data/52. LOW C@ 10°C #4/2.csv,de0c2490,2543372,/Users/wanghaoming/Public/SOC电池数据中心/SOC电池数据中心/Battery raw data/RPT Data/52. LOW C@ 10°C #4/2.csv,2543372,de0c2490,PASS,RISK_ACCEPTED_SOURCE_BINDING; ZIP mojibake sequence ┬░ normalized to extracted ° when present
用户风险接受的候选数据审计,__MACOSX/Battery raw data/RPT Data/52. LOW C@ 10┬░C #4/._2.csv,,c7702b1d,212,,,,MACOSX_METADATA_EXCLUDED,__MACOSX metadata member; excluded from data-tree binding
用户风险接受的候选数据审计,Battery raw data/RPT Data/21. 4.5V@ 25┬░C #1/4.csv,RPT Data/21. 4.5V@ 25°C #1/4.csv,8c3c0660,2210049,/Users/wanghaoming/Public/SOC电池数据中心/SOC电池数据中心/Battery raw data/RPT Data/21. 4.5V@ 25°C #1/4.csv,2210049,8c3c0660,PASS,RISK_ACCEPTED_SOURCE_BINDING; ZIP mojibake sequence ┬░ normalized to extracted ° when present
用户风险接受的候选数据审计,__MACOSX/Battery raw data/RPT Data/21. 4.5V@ 25┬░C #1/._4.csv,,c7702b1d,212,,,,MACOSX_METADATA_EXCLUDED,__MACOSX metadata member; excluded from data-tree binding
用户风险接受的候选数据审计,Battery raw data/RPT Data/21. 4.5V@ 25┬░C #1/0.csv,RPT Data/21. 4.5V@ 25°C #1/0.csv,73ab716e,2723861,/Users/wanghaoming/Public/SOC电池数据中心/SOC电池数据中心/Battery raw data/RPT Data/21. 4.5V@ 25°C #1/0.csv,2723861,73ab716e,PASS,RISK_ACCEPTED_SOURCE_BINDING; ZIP mojibake sequence ┬░ normalized to extracted ° when present
用户风险接受的候选数据审计,__MACOSX/Battery raw data/RPT Data/21. 4.5V@ 25┬░C #1/._0.csv,,c7702b1d,212,,,,MACOSX_METADATA_EXCLUDED,__MACOSX metadata member; excluded from data-tree binding
用户风险接受的候选数据审计,Battery raw data/RPT Data/21. 4.5V@ 25┬░C #1/1.csv,RPT Data/21. 4.5V@ 25°C #1/1.csv,f5027dd1,2593154,/Users/wanghaoming/Public/SOC电池数据中心/SOC电池数据中心/Battery raw data/RPT Data/21. 4.5V@ 25°C #1/1.csv,2593154,f5027dd1,PASS,RISK_ACCEPTED_SOURCE_BINDING; ZIP mojibake sequence ┬░ normalized to extracted ° when present
用户风险接受的候选数据审计,__MACOSX/Battery raw data/RPT Data/21. 4.5V@ 25┬░C #1/._1.csv,,c7702b1d,212,,,,MACOSX_METADATA_EXCLUDED,__MACOSX metadata member; excluded from data-tree binding
用户风险接受的候选数据审计,Battery raw data/RPT Data/21. 4.5V@ 25┬░C #1/3.csv,RPT Data/21. 4.5V@ 25°C #1/3.csv,da9f4ec8,2393230,/Users/wanghaoming/Public/SOC电池数据中心/SOC电池数据中心/Battery raw data/RPT Data/21. 4.5V@ 25°C #1/3.csv,2393230,da9f4ec8,PASS,RISK_ACCEPTED_SOURCE_BINDING; ZIP mojibake sequence ┬░ normalized to extracted ° when present
用户风险接受的候选数据审计,__MACOSX/Battery raw data/RPT Data/21. 4.5V@ 25┬░C #1/._3.csv,,c7702b1d,212,,,,MACOSX_METADATA_EXCLUDED,__MACOSX metadata member; excluded from data-tree binding
用户风险接受的候选数据审计,Battery raw data/RPT Data/21. 4.5V@ 25┬░C #1/2.csv,RPT Data/21. 4.5V@ 25°C #1/2.csv,0c42e5bd,2476074,/Users/wanghaoming/Public/SOC电池数据中心/SOC电池数据中心/Battery raw data/RPT Data/21. 4.5V@ 25°C #1/2.csv,2476074,0c42e5bd,PASS,RISK_ACCEPTED_SOURCE_BINDING; ZIP mojibake sequence ┬░ normalized to extracted ° when present
用户风险接受的候选数据审计,__MACOSX/Battery raw data/RPT Data/21. 4.5V@ 25┬░C #1/._2.csv,,c7702b1d,212,,,,MACOSX_METADATA_EXCLUDED,__MACOSX metadata member; excluded from data-tree binding
用户风险接受的候选数据审计,Battery raw data/RPT Data/31. 45┬░C #7/6.csv,RPT Data/31. 45°C #7/6.csv,ac1cc444,2393061,/Users/wanghaoming/Public/SOC电池数据中心/SOC电池数据中心/Battery raw data/RPT Data/31. 45°C #7/6.csv,2393061,ac1cc444,PASS,RISK_ACCEPTED_SOURCE_BINDING; ZIP mojibake sequence ┬░ normalized to extracted ° when present
用户风险接受的候选数据审计,__MACOSX/Battery raw data/RPT Data/31. 45┬░C #7/._6.csv,,c7702b1d,212,,,,MACOSX_METADATA_EXCLUDED,__MACOSX metadata member; excluded from data-tree binding
用户风险接受的候选数据审计,Battery raw data/RPT Data/31. 45┬░C #7/7.csv,RPT Data/31. 45°C #7/7.csv,90bc54bc,2336116,/Users/wanghaoming/Public/SOC电池数据中心/SOC电池数据中心/Battery raw data/RPT Data/31. 45°C #7/7.csv,2336116,90bc54bc,PASS,RISK_ACCEPTED_SOURCE_BINDING; ZIP mojibake sequence ┬░ normalized to extracted ° when present
用户风险接受的候选数据审计,__MACOSX/Battery raw data/RPT Data/31. 45┬░C #7/._7.csv,,c7702b1d,212,,,,MACOSX_METADATA_EXCLUDED,__MACOSX metadata member; excluded from data-tree binding
用户风险接受的候选数据审计,Battery raw data/RPT Data/31. 45┬░C #7/5.csv,RPT Data/31. 45°C #7/5.csv,da69e98a,2351785,/Users/wanghaoming/Public/SOC电池数据中心/SOC电池数据中心/Battery raw data/RPT Data/31. 45°C #7/5.csv,2351785,da69e98a,PASS,RISK_ACCEPTED_SOURCE_BINDING; ZIP mojibake sequence ┬░ normalized to extracted ° when present
用户风险接受的候选数据审计,__MACOSX/Battery raw data/RPT Data/31. 45┬░C #7/._5.csv,,c7702b1d,212,,,,MACOSX_METADATA_EXCLUDED,__MACOSX metadata member; excluded from data-tree binding
用户风险接受的候选数据审计,Battery raw data/RPT Data/31. 45┬░C #7/4.csv,RPT Data/31. 45°C #7/4.csv,98fea2da,2385474,/Users/wanghaoming/Public/SOC电池数据中心/SOC电池数据中心/Battery raw data/RPT Data/31. 45°C #7/4.csv,2385474,98fea2da,PASS,RISK_ACCEPTED_SOURCE_BINDING; ZIP mojibake sequence ┬░ normalized to extracted ° when present
用户风险接受的候选数据审计,__MACOSX/Battery raw data/RPT Data/31. 45┬░C #7/._4.csv,,c7702b1d,212,,,,MACOSX_METADATA_EXCLUDED,__MACOSX metadata member; excluded from data-tree binding
用户风险接受的候选数据审计,Battery raw data/RPT Data/31. 45┬░C #7/0.csv,RPT Data/31. 45°C #7/0.csv,1d17bed6,2640908,/Users/wanghaoming/Public/SOC电池数据中心/SOC电池数据中心/Battery raw data/RPT Data/31. 45°C #7/0.csv,2640908,1d17bed6,PASS,RISK_ACCEPTED_SOURCE_BINDING; ZIP mojibake sequence ┬░ normalized to extracted ° when present
用户风险接受的候选数据审计,__MACOSX/Battery raw data/RPT Data/31. 45┬░C #7/._0.csv,,c7702b1d,212,,,,MACOSX_METADATA_EXCLUDED,__MACOSX metadata member; excluded from data-tree binding
用户风险接受的候选数据审计,Battery raw data/RPT Data/31. 45┬░C #7/1.csv,RPT Data/31. 45°C #7/1.csv,aeb8fe66,2535435,/Users/wanghaoming/Public/SOC电池数据中心/SOC电池数据中心/Battery raw data/RPT Data/31. 45°C #7/1.csv,2535435,aeb8fe66,PASS,RISK_ACCEPTED_SOURCE_BINDING; ZIP mojibake sequence ┬░ normalized to extracted ° when present
用户风险接受的候选数据审计,__MACOSX/Battery raw data/RPT Data/31. 45┬░C #7/._1.csv,,c7702b1d,212,,,,MACOSX_METADATA_EXCLUDED,__MACOSX metadata member; excluded from data-tree binding
用户风险接受的候选数据审计,Battery raw data/RPT Data/31. 45┬░C #7/3.csv,RPT Data/31. 45°C #7/3.csv,c025226a,2425253,/Users/wanghaoming/Public/SOC电池数据中心/SOC电池数据中心/Battery raw data/RPT Data/31. 45°C #7/3.csv,2425253,c025226a,PASS,RISK_ACCEPTED_SOURCE_BINDING; ZIP mojibake sequence ┬░ normalized to extracted ° when present
用户风险接受的候选数据审计,__MACOSX/Battery raw data/RPT Data/31. 45┬░C #7/._3.csv,,c7702b1d,212,,,,MACOSX_METADATA_EXCLUDED,__MACOSX metadata member; excluded from data-tree binding
用户风险接受的候选数据审计,Battery raw data/RPT Data/31. 45┬░C #7/2.csv,RPT Data/31. 45°C #7/2.csv,2daaf6bd,2343795,/Users/wanghaoming/Public/SOC电池数据中心/SOC电池数据中心/Battery raw data/RPT Data/31. 45°C #7/2.csv,2343795,2daaf6bd,PASS,RISK_ACCEPTED_SOURCE_BINDING; ZIP mojibake sequence ┬░ normalized to extracted ° when present
用户风险接受的候选数据审计,__MACOSX/Battery raw data/RPT Data/31. 45┬░C #7/._2.csv,,c7702b1d,212,,,,MACOSX_METADATA_EXCLUDED,__MACOSX metadata member; excluded from data-tree binding
用户风险接受的候选数据审计,Battery raw data/RPT Data/56. LOW C@ 10┬░C #8/4.csv,RPT Data/56. LOW C@ 10°C #8/4.csv,554a4485,2203418,/Users/wanghaoming/Public/SOC电池数据中心/SOC电池数据中心/Battery raw data/RPT Data/56. LOW C@ 10°C #8/4.csv,2203418,554a4485,PASS,RISK_ACCEPTED_SOURCE_BINDING; ZIP mojibake sequence ┬░ normalized to extracted ° when present
用户风险接受的候选数据审计,__MACOSX/Battery raw data/RPT Data/56. LOW C@ 10┬░C #8/._4.csv,,c7702b1d,212,,,,MACOSX_METADATA_EXCLUDED,__MACOSX metadata member; excluded from data-tree binding
用户风险接受的候选数据审计,Battery raw data/RPT Data/56. LOW C@ 10┬░C #8/0.csv,RPT Data/56. LOW C@ 10°C #8/0.csv,09277cd3,2747591,/Users/wanghaoming/Public/SOC电池数据中心/SOC电池数据中心/Battery raw data/RPT Data/56. LOW C@ 10°C #8/0.csv,2747591,09277cd3,PASS,RISK_ACCEPTED_SOURCE_BINDING; ZIP mojibake sequence ┬░ normalized to extracted ° when present
用户风险接受的候选数据审计,__MACOSX/Battery raw data/RPT Data/56. LOW C@ 10┬░C #8/._0.csv,,c7702b1d,212,,,,MACOSX_METADATA_EXCLUDED,__MACOSX metadata member; excluded from data-tree binding
用户风险接受的候选数据审计,Battery raw data/RPT Data/56. LOW C@ 10┬░C #8/1.csv,RPT Data/56. LOW C@ 10°C #8/1.csv,8e09e0da,2653608,/Users/wanghaoming/Public/SOC电池数据中心/SOC电池数据中心/Battery raw data/RPT Data/56. LOW C@ 10°C #8/1.csv,2653608,8e09e0da,PASS,RISK_ACCEPTED_SOURCE_BINDING; ZIP mojibake sequence ┬░ normalized to extracted ° when present
用户风险接受的候选数据审计,__MACOSX/Battery raw data/RPT Data/56. LOW C@ 10┬░C #8/._1.csv,,c7702b1d,212,,,,MACOSX_METADATA_EXCLUDED,__MACOSX metadata member; excluded from data-tree binding
用户风险接受的候选数据审计,Battery raw data/RPT Data/56. LOW C@ 10┬░C #8/3.csv,RPT Data/56. LOW C@ 10°C #8/3.csv,77174fe6,2480517,/Users/wanghaoming/Public/SOC电池数据中心/SOC电池数据中心/Battery raw data/RPT Data/56. LOW C@ 10°C #8/3.csv,2480517,77174fe6,PASS,RISK_ACCEPTED_SOURCE_BINDING; ZIP mojibake sequence ┬░ normalized to extracted ° when present
用户风险接受的候选数据审计,__MACOSX/Battery raw data/RPT Data/56. LOW C@ 10┬░C #8/._3.csv,,c7702b1d,212,,,,MACOSX_METADATA_EXCLUDED,__MACOSX metadata member; excluded from data-tree binding
用户风险接受的候选数据审计,Battery raw data/RPT Data/56. LOW C@ 10┬░C #8/2.csv,RPT Data/56. LOW C@ 10°C #8/2.csv,9c103a0e,2592702,/Users/wanghaoming/Public/SOC电池数据中心/SOC电池数据中心/Battery raw data/RPT Data/56. LOW C@ 10°C #8/2.csv,2592702,9c103a0e,PASS,RISK_ACCEPTED_SOURCE_BINDING; ZIP mojibake sequence ┬░ normalized to extracted ° when present
用户风险接受的候选数据审计,__MACOSX/Battery raw data/RPT Data/56. LOW C@ 10┬░C #8/._2.csv,,c7702b1d,212,,,,MACOSX_METADATA_EXCLUDED,__MACOSX metadata member; excluded from data-tree binding
用户风险接受的候选数据审计,Battery raw data/RPT Data/45. 60┬░C #9/5.csv,RPT Data/45. 60°C #9/5.csv,427076d1,2377483,/Users/wanghaoming/Public/SOC电池数据中心/SOC电池数据中心/Battery raw data/RPT Data/45. 60°C #9/5.csv,2377483,427076d1,PASS,RISK_ACCEPTED_SOURCE_BINDING; ZIP mojibake sequence ┬░ normalized to extracted ° when present
用户风险接受的候选数据审计,__MACOSX/Battery raw data/RPT Data/45. 60┬░C #9/._5.csv,,c7702b1d,212,,,,MACOSX_METADATA_EXCLUDED,__MACOSX metadata member; excluded from data-tree binding
用户风险接受的候选数据审计,Battery raw data/RPT Data/45. 60┬░C #9/4.csv,RPT Data/45. 60°C #9/4.csv,7b5dfbe1,2293291,/Users/wanghaoming/Public/SOC电池数据中心/SOC电池数据中心/Battery raw data/RPT Data/45. 60°C #9/4.csv,2293291,7b5dfbe1,PASS,RISK_ACCEPTED_SOURCE_BINDING; ZIP mojibake sequence ┬░ normalized to extracted ° when present
用户风险接受的候选数据审计,__MACOSX/Battery raw data/RPT Data/45. 60┬░C #9/._4.csv,,c7702b1d,212,,,,MACOSX_METADATA_EXCLUDED,__MACOSX metadata member; excluded from data-tree binding
用户风险接受的候选数据审计,Battery raw data/RPT Data/45. 60┬░C #9/0.csv,RPT Data/45. 60°C #9/0.csv,4a9970c3,2690674,/Users/wanghaoming/Public/SOC电池数据中心/SOC电池数据中心/Battery raw data/RPT Data/45. 60°C #9/0.csv,2690674,4a9970c3,PASS,RISK_ACCEPTED_SOURCE_BINDING; ZIP mojibake sequence ┬░ normalized to extracted ° when present
用户风险接受的候选数据审计,__MACOSX/Battery raw data/RPT Data/45. 60┬░C #9/._0.csv,,c7702b1d,212,,,,MACOSX_METADATA_EXCLUDED,__MACOSX metadata member; excluded from data-tree binding
用户风险接受的候选数据审计,Battery raw data/RPT Data/45. 60┬░C #9/1.csv,RPT Data/45. 60°C #9/1.csv,50ac2828,2543275,/Users/wanghaoming/Public/SOC电池数据中心/SOC电池数据中心/Battery raw data/RPT Data/45. 60°C #9/1.csv,2543275,50ac2828,PASS,RISK_ACCEPTED_SOURCE_BINDING; ZIP mojibake sequence ┬░ normalized to extracted ° when present
用户风险接受的候选数据审计,__MACOSX/Battery raw data/RPT Data/45. 60┬░C #9/._1.csv,,c7702b1d,212,,,,MACOSX_METADATA_EXCLUDED,__MACOSX metadata member; excluded from data-tree binding
用户风险接受的候选数据审计,Battery raw data/RPT Data/45. 60┬░C #9/3.csv,RPT Data/45. 60°C #9/3.csv,503d9e3a,2380575,/Users/wanghaoming/Public/SOC电池数据中心/SOC电池数据中心/Battery raw data/RPT Data/45. 60°C #9/3.csv,2380575,503d9e3a,PASS,RISK_ACCEPTED_SOURCE_BINDING; ZIP mojibake sequence ┬░ normalized to extracted ° when present
用户风险接受的候选数据审计,__MACOSX/Battery raw data/RPT Data/45. 60┬░C #9/._3.csv,,c7702b1d,212,,,,MACOSX_METADATA_EXCLUDED,__MACOSX metadata member; excluded from data-tree binding
用户风险接受的候选数据审计,Battery raw data/RPT Data/45. 60┬░C #9/2.csv,RPT Data/45. 60°C #9/2.csv,c80e4370,2279472,/Users/wanghaoming/Public/SOC电池数据中心/SOC电池数据中心/Battery raw data/RPT Data/45. 60°C #9/2.csv,2279472,c80e4370,PASS,RISK_ACCEPTED_SOURCE_BINDING; ZIP mojibake sequence ┬░ normalized to extracted ° when present
用户风险接受的候选数据审计,__MACOSX/Battery raw data/RPT Data/45. 60┬░C #9/._2.csv,,c7702b1d,212,,,,MACOSX_METADATA_EXCLUDED,__MACOSX metadata member; excluded from data-tree binding
用户风险接受的候选数据审计,Battery raw data/RPT Data/44. 60┬░C #8/5.csv,RPT Data/44. 60°C #8/5.csv,3862b8cb,2346408,/Users/wanghaoming/Public/SOC电池数据中心/SOC电池数据中心/Battery raw data/RPT Data/44. 60°C #8/5.csv,2346408,3862b8cb,PASS,RISK_ACCEPTED_SOURCE_BINDING; ZIP mojibake sequence ┬░ normalized to extracted ° when present
用户风险接受的候选数据审计,__MACOSX/Battery raw data/RPT Data/44. 60┬░C #8/._5.csv,,c7702b1d,212,,,,MACOSX_METADATA_EXCLUDED,__MACOSX metadata member; excluded from data-tree binding
用户风险接受的候选数据审计,Battery raw data/RPT Data/44. 60┬░C #8/4.csv,RPT Data/44. 60°C #8/4.csv,d55c335d,2316598,/Users/wanghaoming/Public/SOC电池数据中心/SOC电池数据中心/Battery raw data/RPT Data/44. 60°C #8/4.csv,2316598,d55c335d,PASS,RISK_ACCEPTED_SOURCE_BINDING; ZIP mojibake sequence ┬░ normalized to extracted ° when present
用户风险接受的候选数据审计,__MACOSX/Battery raw data/RPT Data/44. 60┬░C #8/._4.csv,,c7702b1d,212,,,,MACOSX_METADATA_EXCLUDED,__MACOSX metadata member; excluded from data-tree binding
用户风险接受的候选数据审计,Battery raw data/RPT Data/44. 60┬░C #8/0.csv,RPT Data/44. 60°C #8/0.csv,7e4d4b4c,2680432,/Users/wanghaoming/Public/SOC电池数据中心/SOC电池数据中心/Battery raw data/RPT Data/44. 60°C #8/0.csv,2680432,7e4d4b4c,PASS,RISK_ACCEPTED_SOURCE_BINDING; ZIP mojibake sequence ┬░ normalized to extracted ° when present
用户风险接受的候选数据审计,__MACOSX/Battery raw data/RPT Data/44. 60┬░C #8/._0.csv,,c7702b1d,212,,,,MACOSX_METADATA_EXCLUDED,__MACOSX metadata member; excluded from data-tree binding
用户风险接受的候选数据审计,Battery raw data/RPT Data/44. 60┬░C #8/1.csv,RPT Data/44. 60°C #8/1.csv,f0797c4c,2540961,/Users/wanghaoming/Public/SOC电池数据中心/SOC电池数据中心/Battery raw data/RPT Data/44. 60°C #8/1.csv,2540961,f0797c4c,PASS,RISK_ACCEPTED_SOURCE_BINDING; ZIP mojibake sequence ┬░ normalized to extracted ° when present
用户风险接受的候选数据审计,__MACOSX/Battery raw data/RPT Data/44. 60┬░C #8/._1.csv,,c7702b1d,212,,,,MACOSX_METADATA_EXCLUDED,__MACOSX metadata member; excluded from data-tree binding
用户风险接受的候选数据审计,Battery raw data/RPT Data/44. 60┬░C #8/3.csv,RPT Data/44. 60°C #8/3.csv,c7880033,2371859,/Users/wanghaoming/Public/SOC电池数据中心/SOC电池数据中心/Battery raw data/RPT Data/44. 60°C #8/3.csv,2371859,c7880033,PASS,RISK_ACCEPTED_SOURCE_BINDING; ZIP mojibake sequence ┬░ normalized to extracted ° when present
用户风险接受的候选数据审计,__MACOSX/Battery raw data/RPT Data/44. 60┬░C #8/._3.csv,,c7702b1d,212,,,,MACOSX_METADATA_EXCLUDED,__MACOSX metadata member; excluded from data-tree binding
用户风险接受的候选数据审计,Battery raw data/RPT Data/44. 60┬░C #8/2.csv,RPT Data/44. 60°C #8/2.csv,6ef1d86a,2449211,/Users/wanghaoming/Public/SOC电池数据中心/SOC电池数据中心/Battery raw data/RPT Data/44. 60°C #8/2.csv,2449211,6ef1d86a,PASS,RISK_ACCEPTED_SOURCE_BINDING; ZIP mojibake sequence ┬░ normalized to extracted ° when present
用户风险接受的候选数据审计,__MACOSX/Battery raw data/RPT Data/44. 60┬░C #8/._2.csv,,c7702b1d,212,,,,MACOSX_METADATA_EXCLUDED,__MACOSX metadata member; excluded from data-tree binding
用户风险接受的候选数据审计,Battery raw data/RPT Data/30. 45┬░C #6/6.csv,RPT Data/30. 45°C #6/6.csv,bd4eddd4,2412640,/Users/wanghaoming/Public/SOC电池数据中心/SOC电池数据中心/Battery raw data/RPT Data/30. 45°C #6/6.csv,2412640,bd4eddd4,PASS,RISK_ACCEPTED_SOURCE_BINDING; ZIP mojibake sequence ┬░ normalized to extracted ° when present
用户风险接受的候选数据审计,__MACOSX/Battery raw data/RPT Data/30. 45┬░C #6/._6.csv,,c7702b1d,212,,,,MACOSX_METADATA_EXCLUDED,__MACOSX metadata member; excluded from data-tree binding
用户风险接受的候选数据审计,Battery raw data/RPT Data/30. 45┬░C #6/7.csv,RPT Data/30. 45°C #6/7.csv,b47a3b6d,2353927,/Users/wanghaoming/Public/SOC电池数据中心/SOC电池数据中心/Battery raw data/RPT Data/30. 45°C #6/7.csv,2353927,b47a3b6d,PASS,RISK_ACCEPTED_SOURCE_BINDING; ZIP mojibake sequence ┬░ normalized to extracted ° when present
用户风险接受的候选数据审计,__MACOSX/Battery raw data/RPT Data/30. 45┬░C #6/._7.csv,,c7702b1d,212,,,,MACOSX_METADATA_EXCLUDED,__MACOSX metadata member; excluded from data-tree binding
用户风险接受的候选数据审计,Battery raw data/RPT Data/30. 45┬░C #6/5.csv,RPT Data/30. 45°C #6/5.csv,51afce45,2370639,/Users/wanghaoming/Public/SOC电池数据中心/SOC电池数据中心/Battery raw data/RPT Data/30. 45°C #6/5.csv,2370639,51afce45,PASS,RISK_ACCEPTED_SOURCE_BINDING; ZIP mojibake sequence ┬░ normalized to extracted ° when present
用户风险接受的候选数据审计,__MACOSX/Battery raw data/RPT Data/30. 45┬░C #6/._5.csv,,c7702b1d,212,,,,MACOSX_METADATA_EXCLUDED,__MACOSX metadata member; excluded from data-tree binding
用户风险接受的候选数据审计,Battery raw data/RPT Data/30. 45┬░C #6/4.csv,RPT Data/30. 45°C #6/4.csv,e18b7aff,2407509,/Users/wanghaoming/Public/SOC电池数据中心/SOC电池数据中心/Battery raw data/RPT Data/30. 45°C #6/4.csv,2407509,e18b7aff,PASS,RISK_ACCEPTED_SOURCE_BINDING; ZIP mojibake sequence ┬░ normalized to extracted ° when present
用户风险接受的候选数据审计,__MACOSX/Battery raw data/RPT Data/30. 45┬░C #6/._4.csv,,c7702b1d,212,,,,MACOSX_METADATA_EXCLUDED,__MACOSX metadata member; excluded from data-tree binding
用户风险接受的候选数据审计,Battery raw data/RPT Data/30. 45┬░C #6/0.csv,RPT Data/30. 45°C #6/0.csv,f9035f4a,2662777,/Users/wanghaoming/Public/SOC电池数据中心/SOC电池数据中心/Battery raw data/RPT Data/30. 45°C #6/0.csv,2662777,f9035f4a,PASS,RISK_ACCEPTED_SOURCE_BINDING; ZIP mojibake sequence ┬░ normalized to extracted ° when present
用户风险接受的候选数据审计,__MACOSX/Battery raw data/RPT Data/30. 45┬░C #6/._0.csv,,c7702b1d,212,,,,MACOSX_METADATA_EXCLUDED,__MACOSX metadata member; excluded from data-tree binding
用户风险接受的候选数据审计,Battery raw data/RPT Data/30. 45┬░C #6/1.csv,RPT Data/30. 45°C #6/1.csv,dafc03a7,2561311,/Users/wanghaoming/Public/SOC电池数据中心/SOC电池数据中心/Battery raw data/RPT Data/30. 45°C #6/1.csv,2561311,dafc03a7,PASS,RISK_ACCEPTED_SOURCE_BINDING; ZIP mojibake sequence ┬░ normalized to extracted ° when present
用户风险接受的候选数据审计,__MACOSX/Battery raw data/RPT Data/30. 45┬░C #6/._1.csv,,c7702b1d,212,,,,MACOSX_METADATA_EXCLUDED,__MACOSX metadata member; excluded from data-tree binding
用户风险接受的候选数据审计,Battery raw data/RPT Data/30. 45┬░C #6/3.csv,RPT Data/30. 45°C #6/3.csv,84fb1108,2447329,/Users/wanghaoming/Public/SOC电池数据中心/SOC电池数据中心/Battery raw data/RPT Data/30. 45°C #6/3.csv,2447329,84fb1108,PASS,RISK_ACCEPTED_SOURCE_BINDING; ZIP mojibake sequence ┬░ normalized to extracted ° when present
用户风险接受的候选数据审计,__MACOSX/Battery raw data/RPT Data/30. 45┬░C #6/._3.csv,,c7702b1d,212,,,,MACOSX_METADATA_EXCLUDED,__MACOSX metadata member; excluded from data-tree binding
用户风险接受的候选数据审计,Battery raw data/RPT Data/30. 45┬░C #6/2.csv,RPT Data/30. 45°C #6/2.csv,2132ad61,2348162,/Users/wanghaoming/Public/SOC电池数据中心/SOC电池数据中心/Battery raw data/RPT Data/30. 45°C #6/2.csv,2348162,2132ad61,PASS,RISK_ACCEPTED_SOURCE_BINDING; ZIP mojibake sequence ┬░ normalized to extracted ° when present
用户风险接受的候选数据审计,__MACOSX/Battery raw data/RPT Data/30. 45┬░C #6/._2.csv,,c7702b1d,212,,,,MACOSX_METADATA_EXCLUDED,__MACOSX metadata member; excluded from data-tree binding
用户风险接受的候选数据审计,Battery raw data/RPT Data/9. HIGH C@ 25┬░C #1/5.csv,RPT Data/9. HIGH C@ 25°C #1/5.csv,43017d21,2307696,/Users/wanghaoming/Public/SOC电池数据中心/SOC电池数据中心/Battery raw data/RPT Data/9. HIGH C@ 25°C #1/5.csv,2307696,43017d21,PASS,RISK_ACCEPTED_SOURCE_BINDING; ZIP mojibake sequence ┬░ normalized to extracted ° when present
用户风险接受的候选数据审计,__MACOSX/Battery raw data/RPT Data/9. HIGH C@ 25┬░C #1/._5.csv,,c7702b1d,212,,,,MACOSX_METADATA_EXCLUDED,__MACOSX metadata member; excluded from data-tree binding
用户风险接受的候选数据审计,Battery raw data/RPT Data/9. HIGH C@ 25┬░C #1/4.csv,RPT Data/9. HIGH C@ 25°C #1/4.csv,409b256a,2377994,/Users/wanghaoming/Public/SOC电池数据中心/SOC电池数据中心/Battery raw data/RPT Data/9. HIGH C@ 25°C #1/4.csv,2377994,409b256a,PASS,RISK_ACCEPTED_SOURCE_BINDING; ZIP mojibake sequence ┬░ normalized to extracted ° when present
用户风险接受的候选数据审计,__MACOSX/Battery raw data/RPT Data/9. HIGH C@ 25┬░C #1/._4.csv,,c7702b1d,212,,,,MACOSX_METADATA_EXCLUDED,__MACOSX metadata member; excluded from data-tree binding
用户风险接受的候选数据审计,Battery raw data/RPT Data/9. HIGH C@ 25┬░C #1/0.csv,RPT Data/9. HIGH C@ 25°C #1/0.csv,51c41868,2680079,/Users/wanghaoming/Public/SOC电池数据中心/SOC电池数据中心/Battery raw data/RPT Data/9. HIGH C@ 25°C #1/0.csv,2680079,51c41868,PASS,RISK_ACCEPTED_SOURCE_BINDING; ZIP mojibake sequence ┬░ normalized to extracted ° when present
用户风险接受的候选数据审计,__MACOSX/Battery raw data/RPT Data/9. HIGH C@ 25┬░C #1/._0.csv,,c7702b1d,212,,,,MACOSX_METADATA_EXCLUDED,__MACOSX metadata member; excluded from data-tree binding
用户风险接受的候选数据审计,Battery raw data/RPT Data/9. HIGH C@ 25┬░C #1/1.csv,RPT Data/9. HIGH C@ 25°C #1/1.csv,f92bc974,2525531,/Users/wanghaoming/Public/SOC电池数据中心/SOC电池数据中心/Battery raw data/RPT Data/9. HIGH C@ 25°C #1/1.csv,2525531,f92bc974,PASS,RISK_ACCEPTED_SOURCE_BINDING; ZIP mojibake sequence ┬░ normalized to extracted ° when present
用户风险接受的候选数据审计,__MACOSX/Battery raw data/RPT Data/9. HIGH C@ 25┬░C #1/._1.csv,,c7702b1d,212,,,,MACOSX_METADATA_EXCLUDED,__MACOSX metadata member; excluded from data-tree binding
用户风险接受的候选数据审计,Battery raw data/RPT Data/9. HIGH C@ 25┬░C #1/3.csv,RPT Data/9. HIGH C@ 25°C #1/3.csv,895842bd,2353703,/Users/wanghaoming/Public/SOC电池数据中心/SOC电池数据中心/Battery raw data/RPT Data/9. HIGH C@ 25°C #1/3.csv,2353703,895842bd,PASS,RISK_ACCEPTED_SOURCE_BINDING; ZIP mojibake sequence ┬░ normalized to extracted ° when present
用户风险接受的候选数据审计,__MACOSX/Battery raw data/RPT Data/9. HIGH C@ 25┬░C #1/._3.csv,,c7702b1d,212,,,,MACOSX_METADATA_EXCLUDED,__MACOSX metadata member; excluded from data-tree binding
用户风险接受的候选数据审计,Battery raw data/RPT Data/9. HIGH C@ 25┬░C #1/2.csv,RPT Data/9. HIGH C@ 25°C #1/2.csv,799e0175,2426136,/Users/wanghaoming/Public/SOC电池数据中心/SOC电池数据中心/Battery raw data/RPT Data/9. HIGH C@ 25°C #1/2.csv,2426136,799e0175,PASS,RISK_ACCEPTED_SOURCE_BINDING; ZIP mojibake sequence ┬░ normalized to extracted ° when present
用户风险接受的候选数据审计,__MACOSX/Battery raw data/RPT Data/9. HIGH C@ 25┬░C #1/._2.csv,,c7702b1d,212,,,,MACOSX_METADATA_EXCLUDED,__MACOSX metadata member; excluded from data-tree binding
用户风险接受的候选数据审计,Battery raw data/RPT Data/1. LOW C@ 25┬░C #1/6.csv,RPT Data/1. LOW C@ 25°C #1/6.csv,ef2b6d9f,2315299,/Users/wanghaoming/Public/SOC电池数据中心/SOC电池数据中心/Battery raw data/RPT Data/1. LOW C@ 25°C #1/6.csv,2315299,ef2b6d9f,PASS,RISK_ACCEPTED_SOURCE_BINDING; ZIP mojibake sequence ┬░ normalized to extracted ° when present
用户风险接受的候选数据审计,__MACOSX/Battery raw data/RPT Data/1. LOW C@ 25┬░C #1/._6.csv,,c7702b1d,212,,,,MACOSX_METADATA_EXCLUDED,__MACOSX metadata member; excluded from data-tree binding
用户风险接受的候选数据审计,Battery raw data/RPT Data/1. LOW C@ 25┬░C #1/5.csv,RPT Data/1. LOW C@ 25°C #1/5.csv,6d67ee76,2375588,/Users/wanghaoming/Public/SOC电池数据中心/SOC电池数据中心/Battery raw data/RPT Data/1. LOW C@ 25°C #1/5.csv,2375588,6d67ee76,PASS,RISK_ACCEPTED_SOURCE_BINDING; ZIP mojibake sequence ┬░ normalized to extracted ° when present
用户风险接受的候选数据审计,__MACOSX/Battery raw data/RPT Data/1. LOW C@ 25┬░C #1/._5.csv,,c7702b1d,212,,,,MACOSX_METADATA_EXCLUDED,__MACOSX metadata member; excluded from data-tree binding
用户风险接受的候选数据审计,Battery raw data/RPT Data/1. LOW C@ 25┬░C #1/4.csv,RPT Data/1. LOW C@ 25°C #1/4.csv,cd991362,2344242,/Users/wanghaoming/Public/SOC电池数据中心/SOC电池数据中心/Battery raw data/RPT Data/1. LOW C@ 25°C #1/4.csv,2344242,cd991362,PASS,RISK_ACCEPTED_SOURCE_BINDING; ZIP mojibake sequence ┬░ normalized to extracted ° when present
用户风险接受的候选数据审计,__MACOSX/Battery raw data/RPT Data/1. LOW C@ 25┬░C #1/._4.csv,,c7702b1d,212,,,,MACOSX_METADATA_EXCLUDED,__MACOSX metadata member; excluded from data-tree binding
用户风险接受的候选数据审计,Battery raw data/RPT Data/1. LOW C@ 25┬░C #1/0.csv,RPT Data/1. LOW C@ 25°C #1/0.csv,c330f05d,2674847,/Users/wanghaoming/Public/SOC电池数据中心/SOC电池数据中心/Battery raw data/RPT Data/1. LOW C@ 25°C #1/0.csv,2674847,c330f05d,PASS,RISK_ACCEPTED_SOURCE_BINDING; ZIP mojibake sequence ┬░ normalized to extracted ° when present
用户风险接受的候选数据审计,__MACOSX/Battery raw data/RPT Data/1. LOW C@ 25┬░C #1/._0.csv,,c7702b1d,212,,,,MACOSX_METADATA_EXCLUDED,__MACOSX metadata member; excluded from data-tree binding
用户风险接受的候选数据审计,Battery raw data/RPT Data/1. LOW C@ 25┬░C #1/1.csv,RPT Data/1. LOW C@ 25°C #1/1.csv,463e3bb2,2521780,/Users/wanghaoming/Public/SOC电池数据中心/SOC电池数据中心/Battery raw data/RPT Data/1. LOW C@ 25°C #1/1.csv,2521780,463e3bb2,PASS,RISK_ACCEPTED_SOURCE_BINDING; ZIP mojibake sequence ┬░ normalized to extracted ° when present
用户风险接受的候选数据审计,__MACOSX/Battery raw data/RPT Data/1. LOW C@ 25┬░C #1/._1.csv,,c7702b1d,212,,,,MACOSX_METADATA_EXCLUDED,__MACOSX metadata member; excluded from data-tree binding
用户风险接受的候选数据审计,Battery raw data/RPT Data/1. LOW C@ 25┬░C #1/3.csv,RPT Data/1. LOW C@ 25°C #1/3.csv,7e1b4850,2372785,/Users/wanghaoming/Public/SOC电池数据中心/SOC电池数据中心/Battery raw data/RPT Data/1. LOW C@ 25°C #1/3.csv,2372785,7e1b4850,PASS,RISK_ACCEPTED_SOURCE_BINDING; ZIP mojibake sequence ┬░ normalized to extracted ° when present
用户风险接受的候选数据审计,__MACOSX/Battery raw data/RPT Data/1. LOW C@ 25┬░C #1/._3.csv,,c7702b1d,212,,,,MACOSX_METADATA_EXCLUDED,__MACOSX metadata member; excluded from data-tree binding
用户风险接受的候选数据审计,Battery raw data/RPT Data/1. LOW C@ 25┬░C #1/2.csv,RPT Data/1. LOW C@ 25°C #1/2.csv,925fb9b1,2442323,/Users/wanghaoming/Public/SOC电池数据中心/SOC电池数据中心/Battery raw data/RPT Data/1. LOW C@ 25°C #1/2.csv,2442323,925fb9b1,PASS,RISK_ACCEPTED_SOURCE_BINDING; ZIP mojibake sequence ┬░ normalized to extracted ° when present
用户风险接受的候选数据审计,__MACOSX/Battery raw data/RPT Data/1. LOW C@ 25┬░C #1/._2.csv,,c7702b1d,212,,,,MACOSX_METADATA_EXCLUDED,__MACOSX metadata member; excluded from data-tree binding
用户风险接受的候选数据审计,Battery raw data/RPT Data/13. 1V@ 25┬░C #1/4.csv,RPT Data/13. 1V@ 25°C #1/4.csv,fcf74891,2205998,/Users/wanghaoming/Public/SOC电池数据中心/SOC电池数据中心/Battery raw data/RPT Data/13. 1V@ 25°C #1/4.csv,2205998,fcf74891,PASS,RISK_ACCEPTED_SOURCE_BINDING; ZIP mojibake sequence ┬░ normalized to extracted ° when present
用户风险接受的候选数据审计,__MACOSX/Battery raw data/RPT Data/13. 1V@ 25┬░C #1/._4.csv,,c7702b1d,212,,,,MACOSX_METADATA_EXCLUDED,__MACOSX metadata member; excluded from data-tree binding
用户风险接受的候选数据审计,Battery raw data/RPT Data/13. 1V@ 25┬░C #1/0.csv,RPT Data/13. 1V@ 25°C #1/0.csv,8b17f072,2675380,/Users/wanghaoming/Public/SOC电池数据中心/SOC电池数据中心/Battery raw data/RPT Data/13. 1V@ 25°C #1/0.csv,2675380,8b17f072,PASS,RISK_ACCEPTED_SOURCE_BINDING; ZIP mojibake sequence ┬░ normalized to extracted ° when present
用户风险接受的候选数据审计,__MACOSX/Battery raw data/RPT Data/13. 1V@ 25┬░C #1/._0.csv,,c7702b1d,212,,,,MACOSX_METADATA_EXCLUDED,__MACOSX metadata member; excluded from data-tree binding
用户风险接受的候选数据审计,Battery raw data/RPT Data/13. 1V@ 25┬░C #1/1.csv,RPT Data/13. 1V@ 25°C #1/1.csv,c7521961,2539393,/Users/wanghaoming/Public/SOC电池数据中心/SOC电池数据中心/Battery raw data/RPT Data/13. 1V@ 25°C #1/1.csv,2539393,c7521961,PASS,RISK_ACCEPTED_SOURCE_BINDING; ZIP mojibake sequence ┬░ normalized to extracted ° when present
用户风险接受的候选数据审计,__MACOSX/Battery raw data/RPT Data/13. 1V@ 25┬░C #1/._1.csv,,c7702b1d,212,,,,MACOSX_METADATA_EXCLUDED,__MACOSX metadata member; excluded from data-tree binding
用户风险接受的候选数据审计,Battery raw data/RPT Data/13. 1V@ 25┬░C #1/3.csv,RPT Data/13. 1V@ 25°C #1/3.csv,b000de4b,2312917,/Users/wanghaoming/Public/SOC电池数据中心/SOC电池数据中心/Battery raw data/RPT Data/13. 1V@ 25°C #1/3.csv,2312917,b000de4b,PASS,RISK_ACCEPTED_SOURCE_BINDING; ZIP mojibake sequence ┬░ normalized to extracted ° when present
用户风险接受的候选数据审计,__MACOSX/Battery raw data/RPT Data/13. 1V@ 25┬░C #1/._3.csv,,c7702b1d,212,,,,MACOSX_METADATA_EXCLUDED,__MACOSX metadata member; excluded from data-tree binding
用户风险接受的候选数据审计,Battery raw data/RPT Data/13. 1V@ 25┬░C #1/2.csv,RPT Data/13. 1V@ 25°C #1/2.csv,0662e9a3,2439459,/Users/wanghaoming/Public/SOC电池数据中心/SOC电池数据中心/Battery raw data/RPT Data/13. 1V@ 25°C #1/2.csv,2439459,0662e9a3,PASS,RISK_ACCEPTED_SOURCE_BINDING; ZIP mojibake sequence ┬░ normalized to extracted ° when present
用户风险接受的候选数据审计,__MACOSX/Battery raw data/RPT Data/13. 1V@ 25┬░C #1/._2.csv,,c7702b1d,212,,,,MACOSX_METADATA_EXCLUDED,__MACOSX metadata member; excluded from data-tree binding
用户风险接受的候选数据审计,Battery raw data/RPT Data/23. 4.5V@ 25┬░C #3/0.csv,RPT Data/23. 4.5V@ 25°C #3/0.csv,311ba93e,2770113,/Users/wanghaoming/Public/SOC电池数据中心/SOC电池数据中心/Battery raw data/RPT Data/23. 4.5V@ 25°C #3/0.csv,2770113,311ba93e,PASS,RISK_ACCEPTED_SOURCE_BINDING; ZIP mojibake sequence ┬░ normalized to extracted ° when present
用户风险接受的候选数据审计,__MACOSX/Battery raw data/RPT Data/23. 4.5V@ 25┬░C #3/._0.csv,,c7702b1d,212,,,,MACOSX_METADATA_EXCLUDED,__MACOSX metadata member; excluded from data-tree binding
用户风险接受的候选数据审计,Battery raw data/RPT Data/23. 4.5V@ 25┬░C #3/1.csv,RPT Data/23. 4.5V@ 25°C #3/1.csv,0fd5241e,2612828,/Users/wanghaoming/Public/SOC电池数据中心/SOC电池数据中心/Battery raw data/RPT Data/23. 4.5V@ 25°C #3/1.csv,2612828,0fd5241e,PASS,RISK_ACCEPTED_SOURCE_BINDING; ZIP mojibake sequence ┬░ normalized to extracted ° when present
用户风险接受的候选数据审计,__MACOSX/Battery raw data/RPT Data/23. 4.5V@ 25┬░C #3/._1.csv,,c7702b1d,212,,,,MACOSX_METADATA_EXCLUDED,__MACOSX metadata member; excluded from data-tree binding
用户风险接受的候选数据审计,Battery raw data/RPT Data/23. 4.5V@ 25┬░C #3/3.csv,RPT Data/23. 4.5V@ 25°C #3/3.csv,6ad33163,2252001,/Users/wanghaoming/Public/SOC电池数据中心/SOC电池数据中心/Battery raw data/RPT Data/23. 4.5V@ 25°C #3/3.csv,2252001,6ad33163,PASS,RISK_ACCEPTED_SOURCE_BINDING; ZIP mojibake sequence ┬░ normalized to extracted ° when present
用户风险接受的候选数据审计,__MACOSX/Battery raw data/RPT Data/23. 4.5V@ 25┬░C #3/._3.csv,,c7702b1d,212,,,,MACOSX_METADATA_EXCLUDED,__MACOSX metadata member; excluded from data-tree binding
用户风险接受的候选数据审计,Battery raw data/RPT Data/23. 4.5V@ 25┬░C #3/2.csv,RPT Data/23. 4.5V@ 25°C #3/2.csv,5b05645b,2473353,/Users/wanghaoming/Public/SOC电池数据中心/SOC电池数据中心/Battery raw data/RPT Data/23. 4.5V@ 25°C #3/2.csv,2473353,5b05645b,PASS,RISK_ACCEPTED_SOURCE_BINDING; ZIP mojibake sequence ┬░ normalized to extracted ° when present
用户风险接受的候选数据审计,__MACOSX/Battery raw data/RPT Data/23. 4.5V@ 25┬░C #3/._2.csv,,c7702b1d,212,,,,MACOSX_METADATA_EXCLUDED,__MACOSX metadata member; excluded from data-tree binding
用户风险接受的候选数据审计,Battery raw data/RPT Data/5. LOW C@ 25┬░C #5/5.csv,RPT Data/5. LOW C@ 25°C #5/5.csv,caf01af1,2325725,/Users/wanghaoming/Public/SOC电池数据中心/SOC电池数据中心/Battery raw data/RPT Data/5. LOW C@ 25°C #5/5.csv,2325725,caf01af1,PASS,RISK_ACCEPTED_SOURCE_BINDING; ZIP mojibake sequence ┬░ normalized to extracted ° when present
用户风险接受的候选数据审计,__MACOSX/Battery raw data/RPT Data/5. LOW C@ 25┬░C #5/._5.csv,,c7702b1d,212,,,,MACOSX_METADATA_EXCLUDED,__MACOSX metadata member; excluded from data-tree binding
用户风险接受的候选数据审计,Battery raw data/RPT Data/5. LOW C@ 25┬░C #5/4.csv,RPT Data/5. LOW C@ 25°C #5/4.csv,b5f7237f,2292028,/Users/wanghaoming/Public/SOC电池数据中心/SOC电池数据中心/Battery raw data/RPT Data/5. LOW C@ 25°C #5/4.csv,2292028,b5f7237f,PASS,RISK_ACCEPTED_SOURCE_BINDING; ZIP mojibake sequence ┬░ normalized to extracted ° when present
用户风险接受的候选数据审计,__MACOSX/Battery raw data/RPT Data/5. LOW C@ 25┬░C #5/._4.csv,,c7702b1d,212,,,,MACOSX_METADATA_EXCLUDED,__MACOSX metadata member; excluded from data-tree binding
用户风险接受的候选数据审计,Battery raw data/RPT Data/5. LOW C@ 25┬░C #5/0.csv,RPT Data/5. LOW C@ 25°C #5/0.csv,0639d1eb,2689326,/Users/wanghaoming/Public/SOC电池数据中心/SOC电池数据中心/Battery raw data/RPT Data/5. LOW C@ 25°C #5/0.csv,2689326,0639d1eb,PASS,RISK_ACCEPTED_SOURCE_BINDING; ZIP mojibake sequence ┬░ normalized to extracted ° when present
用户风险接受的候选数据审计,__MACOSX/Battery raw data/RPT Data/5. LOW C@ 25┬░C #5/._0.csv,,c7702b1d,212,,,,MACOSX_METADATA_EXCLUDED,__MACOSX metadata member; excluded from data-tree binding
用户风险接受的候选数据审计,Battery raw data/RPT Data/5. LOW C@ 25┬░C #5/1.csv,RPT Data/5. LOW C@ 25°C #5/1.csv,74216ab5,2529861,/Users/wanghaoming/Public/SOC电池数据中心/SOC电池数据中心/Battery raw data/RPT Data/5. LOW C@ 25°C #5/1.csv,2529861,74216ab5,PASS,RISK_ACCEPTED_SOURCE_BINDING; ZIP mojibake sequence ┬░ normalized to extracted ° when present
用户风险接受的候选数据审计,__MACOSX/Battery raw data/RPT Data/5. LOW C@ 25┬░C #5/._1.csv,,c7702b1d,212,,,,MACOSX_METADATA_EXCLUDED,__MACOSX metadata member; excluded from data-tree binding
用户风险接受的候选数据审计,Battery raw data/RPT Data/5. LOW C@ 25┬░C #5/3.csv,RPT Data/5. LOW C@ 25°C #5/3.csv,b94e39de,2381912,/Users/wanghaoming/Public/SOC电池数据中心/SOC电池数据中心/Battery raw data/RPT Data/5. LOW C@ 25°C #5/3.csv,2381912,b94e39de,PASS,RISK_ACCEPTED_SOURCE_BINDING; ZIP mojibake sequence ┬░ normalized to extracted ° when present
用户风险接受的候选数据审计,__MACOSX/Battery raw data/RPT Data/5. LOW C@ 25┬░C #5/._3.csv,,c7702b1d,212,,,,MACOSX_METADATA_EXCLUDED,__MACOSX metadata member; excluded from data-tree binding
用户风险接受的候选数据审计,Battery raw data/RPT Data/5. LOW C@ 25┬░C #5/2.csv,RPT Data/5. LOW C@ 25°C #5/2.csv,924d245a,2449246,/Users/wanghaoming/Public/SOC电池数据中心/SOC电池数据中心/Battery raw data/RPT Data/5. LOW C@ 25°C #5/2.csv,2449246,924d245a,PASS,RISK_ACCEPTED_SOURCE_BINDING; ZIP mojibake sequence ┬░ normalized to extracted ° when present
用户风险接受的候选数据审计,__MACOSX/Battery raw data/RPT Data/5. LOW C@ 25┬░C #5/._2.csv,,c7702b1d,212,,,,MACOSX_METADATA_EXCLUDED,__MACOSX metadata member; excluded from data-tree binding
用户风险接受的候选数据审计,Battery raw data/RPT Data/24. 4.5V@ 25┬░C #4/0.csv,RPT Data/24. 4.5V@ 25°C #4/0.csv,b5749df5,2691398,/Users/wanghaoming/Public/SOC电池数据中心/SOC电池数据中心/Battery raw data/RPT Data/24. 4.5V@ 25°C #4/0.csv,2691398,b5749df5,PASS,RISK_ACCEPTED_SOURCE_BINDING; ZIP mojibake sequence ┬░ normalized to extracted ° when present
用户风险接受的候选数据审计,__MACOSX/Battery raw data/RPT Data/24. 4.5V@ 25┬░C #4/._0.csv,,c7702b1d,212,,,,MACOSX_METADATA_EXCLUDED,__MACOSX metadata member; excluded from data-tree binding
用户风险接受的候选数据审计,Battery raw data/RPT Data/24. 4.5V@ 25┬░C #4/1.csv,RPT Data/24. 4.5V@ 25°C #4/1.csv,b86bf277,2523474,/Users/wanghaoming/Public/SOC电池数据中心/SOC电池数据中心/Battery raw data/RPT Data/24. 4.5V@ 25°C #4/1.csv,2523474,b86bf277,PASS,RISK_ACCEPTED_SOURCE_BINDING; ZIP mojibake sequence ┬░ normalized to extracted ° when present
用户风险接受的候选数据审计,__MACOSX/Battery raw data/RPT Data/24. 4.5V@ 25┬░C #4/._1.csv,,c7702b1d,212,,,,MACOSX_METADATA_EXCLUDED,__MACOSX metadata member; excluded from data-tree binding
用户风险接受的候选数据审计,Battery raw data/RPT Data/24. 4.5V@ 25┬░C #4/3.csv,RPT Data/24. 4.5V@ 25°C #4/3.csv,fd324af5,2246397,/Users/wanghaoming/Public/SOC电池数据中心/SOC电池数据中心/Battery raw data/RPT Data/24. 4.5V@ 25°C #4/3.csv,2246397,fd324af5,PASS,RISK_ACCEPTED_SOURCE_BINDING; ZIP mojibake sequence ┬░ normalized to extracted ° when present
用户风险接受的候选数据审计,__MACOSX/Battery raw data/RPT Data/24. 4.5V@ 25┬░C #4/._3.csv,,c7702b1d,212,,,,MACOSX_METADATA_EXCLUDED,__MACOSX metadata member; excluded from data-tree binding
用户风险接受的候选数据审计,Battery raw data/RPT Data/24. 4.5V@ 25┬░C #4/2.csv,RPT Data/24. 4.5V@ 25°C #4/2.csv,443da9be,2388248,/Users/wanghaoming/Public/SOC电池数据中心/SOC电池数据中心/Battery raw data/RPT Data/24. 4.5V@ 25°C #4/2.csv,2388248,443da9be,PASS,RISK_ACCEPTED_SOURCE_BINDING; ZIP mojibake sequence ┬░ normalized to extracted ° when present
用户风险接受的候选数据审计,__MACOSX/Battery raw data/RPT Data/24. 4.5V@ 25┬░C #4/._2.csv,,c7702b1d,212,,,,MACOSX_METADATA_EXCLUDED,__MACOSX metadata member; excluded from data-tree binding
用户风险接受的候选数据审计,Battery raw data/RPT Data/58. HIGH C@ 10┬░C #2/4.csv,RPT Data/58. HIGH C@ 10°C #2/4.csv,c29a17a8,2237026,/Users/wanghaoming/Public/SOC电池数据中心/SOC电池数据中心/Battery raw data/RPT Data/58. HIGH C@ 10°C #2/4.csv,2237026,c29a17a8,PASS,RISK_ACCEPTED_SOURCE_BINDING; ZIP mojibake sequence ┬░ normalized to extracted ° when present
用户风险接受的候选数据审计,__MACOSX/Battery raw data/RPT Data/58. HIGH C@ 10┬░C #2/._4.csv,,c7702b1d,212,,,,MACOSX_METADATA_EXCLUDED,__MACOSX metadata member; excluded from data-tree binding
用户风险接受的候选数据审计,Battery raw data/RPT Data/58. HIGH C@ 10┬░C #2/0.csv,RPT Data/58. HIGH C@ 10°C #2/0.csv,8cc1d543,2741155,/Users/wanghaoming/Public/SOC电池数据中心/SOC电池数据中心/Battery raw data/RPT Data/58. HIGH C@ 10°C #2/0.csv,2741155,8cc1d543,PASS,RISK_ACCEPTED_SOURCE_BINDING; ZIP mojibake sequence ┬░ normalized to extracted ° when present
用户风险接受的候选数据审计,__MACOSX/Battery raw data/RPT Data/58. HIGH C@ 10┬░C #2/._0.csv,,c7702b1d,212,,,,MACOSX_METADATA_EXCLUDED,__MACOSX metadata member; excluded from data-tree binding
用户风险接受的候选数据审计,Battery raw data/RPT Data/58. HIGH C@ 10┬░C #2/1.csv,RPT Data/58. HIGH C@ 10°C #2/1.csv,2adf7e37,2664062,/Users/wanghaoming/Public/SOC电池数据中心/SOC电池数据中心/Battery raw data/RPT Data/58. HIGH C@ 10°C #2/1.csv,2664062,2adf7e37,PASS,RISK_ACCEPTED_SOURCE_BINDING; ZIP mojibake sequence ┬░ normalized to extracted ° when present
用户风险接受的候选数据审计,__MACOSX/Battery raw data/RPT Data/58. HIGH C@ 10┬░C #2/._1.csv,,c7702b1d,212,,,,MACOSX_METADATA_EXCLUDED,__MACOSX metadata member; excluded from data-tree binding
用户风险接受的候选数据审计,Battery raw data/RPT Data/58. HIGH C@ 10┬░C #2/3.csv,RPT Data/58. HIGH C@ 10°C #2/3.csv,5b1f2aca,2327592,/Users/wanghaoming/Public/SOC电池数据中心/SOC电池数据中心/Battery raw data/RPT Data/58. HIGH C@ 10°C #2/3.csv,2327592,5b1f2aca,PASS,RISK_ACCEPTED_SOURCE_BINDING; ZIP mojibake sequence ┬░ normalized to extracted ° when present
用户风险接受的候选数据审计,__MACOSX/Battery raw data/RPT Data/58. HIGH C@ 10┬░C #2/._3.csv,,c7702b1d,212,,,,MACOSX_METADATA_EXCLUDED,__MACOSX metadata member; excluded from data-tree binding
用户风险接受的候选数据审计,Battery raw data/RPT Data/58. HIGH C@ 10┬░C #2/2.csv,RPT Data/58. HIGH C@ 10°C #2/2.csv,8b063405,2571169,/Users/wanghaoming/Public/SOC电池数据中心/SOC电池数据中心/Battery raw data/RPT Data/58. HIGH C@ 10°C #2/2.csv,2571169,8b063405,PASS,RISK_ACCEPTED_SOURCE_BINDING; ZIP mojibake sequence ┬░ normalized to extracted ° when present
用户风险接受的候选数据审计,__MACOSX/Battery raw data/RPT Data/58. HIGH C@ 10┬░C #2/._2.csv,,c7702b1d,212,,,,MACOSX_METADATA_EXCLUDED,__MACOSX metadata member; excluded from data-tree binding
用户风险接受的候选数据审计,Battery raw data/RPT Data/37. 60┬░C #1/4.csv,RPT Data/37. 60°C #1/4.csv,2aff37f8,2265700,/Users/wanghaoming/Public/SOC电池数据中心/SOC电池数据中心/Battery raw data/RPT Data/37. 60°C #1/4.csv,2265700,2aff37f8,PASS,RISK_ACCEPTED_SOURCE_BINDING; ZIP mojibake sequence ┬░ normalized to extracted ° when present
用户风险接受的候选数据审计,__MACOSX/Battery raw data/RPT Data/37. 60┬░C #1/._4.csv,,c7702b1d,212,,,,MACOSX_METADATA_EXCLUDED,__MACOSX metadata member; excluded from data-tree binding
用户风险接受的候选数据审计,Battery raw data/RPT Data/37. 60┬░C #1/0.csv,RPT Data/37. 60°C #1/0.csv,6adbce7d,2695471,/Users/wanghaoming/Public/SOC电池数据中心/SOC电池数据中心/Battery raw data/RPT Data/37. 60°C #1/0.csv,2695471,6adbce7d,PASS,RISK_ACCEPTED_SOURCE_BINDING; ZIP mojibake sequence ┬░ normalized to extracted ° when present
用户风险接受的候选数据审计,__MACOSX/Battery raw data/RPT Data/37. 60┬░C #1/._0.csv,,c7702b1d,212,,,,MACOSX_METADATA_EXCLUDED,__MACOSX metadata member; excluded from data-tree binding
用户风险接受的候选数据审计,Battery raw data/RPT Data/37. 60┬░C #1/1.csv,RPT Data/37. 60°C #1/1.csv,4ccc3638,2545571,/Users/wanghaoming/Public/SOC电池数据中心/SOC电池数据中心/Battery raw data/RPT Data/37. 60°C #1/1.csv,2545571,4ccc3638,PASS,RISK_ACCEPTED_SOURCE_BINDING; ZIP mojibake sequence ┬░ normalized to extracted ° when present
用户风险接受的候选数据审计,__MACOSX/Battery raw data/RPT Data/37. 60┬░C #1/._1.csv,,c7702b1d,212,,,,MACOSX_METADATA_EXCLUDED,__MACOSX metadata member; excluded from data-tree binding
用户风险接受的候选数据审计,Battery raw data/RPT Data/37. 60┬░C #1/3.csv,RPT Data/37. 60°C #1/3.csv,4dfefcb2,2355163,/Users/wanghaoming/Public/SOC电池数据中心/SOC电池数据中心/Battery raw data/RPT Data/37. 60°C #1/3.csv,2355163,4dfefcb2,PASS,RISK_ACCEPTED_SOURCE_BINDING; ZIP mojibake sequence ┬░ normalized to extracted ° when present
用户风险接受的候选数据审计,__MACOSX/Battery raw data/RPT Data/37. 60┬░C #1/._3.csv,,c7702b1d,212,,,,MACOSX_METADATA_EXCLUDED,__MACOSX metadata member; excluded from data-tree binding
用户风险接受的候选数据审计,Battery raw data/RPT Data/37. 60┬░C #1/2.csv,RPT Data/37. 60°C #1/2.csv,73ff078f,2319736,/Users/wanghaoming/Public/SOC电池数据中心/SOC电池数据中心/Battery raw data/RPT Data/37. 60°C #1/2.csv,2319736,73ff078f,PASS,RISK_ACCEPTED_SOURCE_BINDING; ZIP mojibake sequence ┬░ normalized to extracted ° when present
用户风险接受的候选数据审计,__MACOSX/Battery raw data/RPT Data/37. 60┬░C #1/._2.csv,,c7702b1d,212,,,,MACOSX_METADATA_EXCLUDED,__MACOSX metadata member; excluded from data-tree binding
用户风险接受的候选数据审计,Battery raw data/RPT Data/22. 4.5V@ 25┬░C #2/0.csv,RPT Data/22. 4.5V@ 25°C #2/0.csv,9cb96a68,2690050,/Users/wanghaoming/Public/SOC电池数据中心/SOC电池数据中心/Battery raw data/RPT Data/22. 4.5V@ 25°C #2/0.csv,2690050,9cb96a68,PASS,RISK_ACCEPTED_SOURCE_BINDING; ZIP mojibake sequence ┬░ normalized to extracted ° when present
用户风险接受的候选数据审计,__MACOSX/Battery raw data/RPT Data/22. 4.5V@ 25┬░C #2/._0.csv,,c7702b1d,212,,,,MACOSX_METADATA_EXCLUDED,__MACOSX metadata member; excluded from data-tree binding
用户风险接受的候选数据审计,Battery raw data/RPT Data/22. 4.5V@ 25┬░C #2/1.csv,RPT Data/22. 4.5V@ 25°C #2/1.csv,2184f3e5,2532814,/Users/wanghaoming/Public/SOC电池数据中心/SOC电池数据中心/Battery raw data/RPT Data/22. 4.5V@ 25°C #2/1.csv,2532814,2184f3e5,PASS,RISK_ACCEPTED_SOURCE_BINDING; ZIP mojibake sequence ┬░ normalized to extracted ° when present
用户风险接受的候选数据审计,__MACOSX/Battery raw data/RPT Data/22. 4.5V@ 25┬░C #2/._1.csv,,c7702b1d,212,,,,MACOSX_METADATA_EXCLUDED,__MACOSX metadata member; excluded from data-tree binding
用户风险接受的候选数据审计,Battery raw data/RPT Data/22. 4.5V@ 25┬░C #2/3.csv,RPT Data/22. 4.5V@ 25°C #2/3.csv,8f157abf,2218657,/Users/wanghaoming/Public/SOC电池数据中心/SOC电池数据中心/Battery raw data/RPT Data/22. 4.5V@ 25°C #2/3.csv,2218657,8f157abf,PASS,RISK_ACCEPTED_SOURCE_BINDING; ZIP mojibake sequence ┬░ normalized to extracted ° when present
用户风险接受的候选数据审计,__MACOSX/Battery raw data/RPT Data/22. 4.5V@ 25┬░C #2/._3.csv,,c7702b1d,212,,,,MACOSX_METADATA_EXCLUDED,__MACOSX metadata member; excluded from data-tree binding
用户风险接受的候选数据审计,Battery raw data/RPT Data/22. 4.5V@ 25┬░C #2/2.csv,RPT Data/22. 4.5V@ 25°C #2/2.csv,f77966d6,2400275,/Users/wanghaoming/Public/SOC电池数据中心/SOC电池数据中心/Battery raw data/RPT Data/22. 4.5V@ 25°C #2/2.csv,2400275,f77966d6,PASS,RISK_ACCEPTED_SOURCE_BINDING; ZIP mojibake sequence ┬░ normalized to extracted ° when present
用户风险接受的候选数据审计,__MACOSX/Battery raw data/RPT Data/22. 4.5V@ 25┬░C #2/._2.csv,,c7702b1d,212,,,,MACOSX_METADATA_EXCLUDED,__MACOSX metadata member; excluded from data-tree binding
用户风险接受的候选数据审计,Battery raw data/RPT Data/2. LOW C@ 25┬░C #2/6.csv,RPT Data/2. LOW C@ 25°C #2/6.csv,b74284a9,2329398,/Users/wanghaoming/Public/SOC电池数据中心/SOC电池数据中心/Battery raw data/RPT Data/2. LOW C@ 25°C #2/6.csv,2329398,b74284a9,PASS,RISK_ACCEPTED_SOURCE_BINDING; ZIP mojibake sequence ┬░ normalized to extracted ° when present
用户风险接受的候选数据审计,__MACOSX/Battery raw data/RPT Data/2. LOW C@ 25┬░C #2/._6.csv,,c7702b1d,212,,,,MACOSX_METADATA_EXCLUDED,__MACOSX metadata member; excluded from data-tree binding
用户风险接受的候选数据审计,Battery raw data/RPT Data/2. LOW C@ 25┬░C #2/5.csv,RPT Data/2. LOW C@ 25°C #2/5.csv,f6576a30,2390985,/Users/wanghaoming/Public/SOC电池数据中心/SOC电池数据中心/Battery raw data/RPT Data/2. LOW C@ 25°C #2/5.csv,2390985,f6576a30,PASS,RISK_ACCEPTED_SOURCE_BINDING; ZIP mojibake sequence ┬░ normalized to extracted ° when present
用户风险接受的候选数据审计,__MACOSX/Battery raw data/RPT Data/2. LOW C@ 25┬░C #2/._5.csv,,c7702b1d,212,,,,MACOSX_METADATA_EXCLUDED,__MACOSX metadata member; excluded from data-tree binding
用户风险接受的候选数据审计,Battery raw data/RPT Data/2. LOW C@ 25┬░C #2/4.csv,RPT Data/2. LOW C@ 25°C #2/4.csv,8836b59a,2353552,/Users/wanghaoming/Public/SOC电池数据中心/SOC电池数据中心/Battery raw data/RPT Data/2. LOW C@ 25°C #2/4.csv,2353552,8836b59a,PASS,RISK_ACCEPTED_SOURCE_BINDING; ZIP mojibake sequence ┬░ normalized to extracted ° when present
用户风险接受的候选数据审计,__MACOSX/Battery raw data/RPT Data/2. LOW C@ 25┬░C #2/._4.csv,,c7702b1d,212,,,,MACOSX_METADATA_EXCLUDED,__MACOSX metadata member; excluded from data-tree binding
用户风险接受的候选数据审计,Battery raw data/RPT Data/2. LOW C@ 25┬░C #2/0.csv,RPT Data/2. LOW C@ 25°C #2/0.csv,d0eb8f48,2690659,/Users/wanghaoming/Public/SOC电池数据中心/SOC电池数据中心/Battery raw data/RPT Data/2. LOW C@ 25°C #2/0.csv,2690659,d0eb8f48,PASS,RISK_ACCEPTED_SOURCE_BINDING; ZIP mojibake sequence ┬░ normalized to extracted ° when present
用户风险接受的候选数据审计,__MACOSX/Battery raw data/RPT Data/2. LOW C@ 25┬░C #2/._0.csv,,c7702b1d,212,,,,MACOSX_METADATA_EXCLUDED,__MACOSX metadata member; excluded from data-tree binding
用户风险接受的候选数据审计,Battery raw data/RPT Data/2. LOW C@ 25┬░C #2/1.csv,RPT Data/2. LOW C@ 25°C #2/1.csv,d8f246e1,2540024,/Users/wanghaoming/Public/SOC电池数据中心/SOC电池数据中心/Battery raw data/RPT Data/2. LOW C@ 25°C #2/1.csv,2540024,d8f246e1,PASS,RISK_ACCEPTED_SOURCE_BINDING; ZIP mojibake sequence ┬░ normalized to extracted ° when present
用户风险接受的候选数据审计,__MACOSX/Battery raw data/RPT Data/2. LOW C@ 25┬░C #2/._1.csv,,c7702b1d,212,,,,MACOSX_METADATA_EXCLUDED,__MACOSX metadata member; excluded from data-tree binding
用户风险接受的候选数据审计,Battery raw data/RPT Data/2. LOW C@ 25┬░C #2/3.csv,RPT Data/2. LOW C@ 25°C #2/3.csv,f1c5e530,2384269,/Users/wanghaoming/Public/SOC电池数据中心/SOC电池数据中心/Battery raw data/RPT Data/2. LOW C@ 25°C #2/3.csv,2384269,f1c5e530,PASS,RISK_ACCEPTED_SOURCE_BINDING; ZIP mojibake sequence ┬░ normalized to extracted ° when present
用户风险接受的候选数据审计,__MACOSX/Battery raw data/RPT Data/2. LOW C@ 25┬░C #2/._3.csv,,c7702b1d,212,,,,MACOSX_METADATA_EXCLUDED,__MACOSX metadata member; excluded from data-tree binding
用户风险接受的候选数据审计,Battery raw data/RPT Data/2. LOW C@ 25┬░C #2/2.csv,RPT Data/2. LOW C@ 25°C #2/2.csv,da90c47a,2457645,/Users/wanghaoming/Public/SOC电池数据中心/SOC电池数据中心/Battery raw data/RPT Data/2. LOW C@ 25°C #2/2.csv,2457645,da90c47a,PASS,RISK_ACCEPTED_SOURCE_BINDING; ZIP mojibake sequence ┬░ normalized to extracted ° when present
用户风险接受的候选数据审计,__MACOSX/Battery raw data/RPT Data/2. LOW C@ 25┬░C #2/._2.csv,,c7702b1d,212,,,,MACOSX_METADATA_EXCLUDED,__MACOSX metadata member; excluded from data-tree binding
用户风险接受的候选数据审计,Battery raw data/RPT Data/47. 60┬░C #11/5.csv,RPT Data/47. 60°C #11/5.csv,723af0ba,2352412,/Users/wanghaoming/Public/SOC电池数据中心/SOC电池数据中心/Battery raw data/RPT Data/47. 60°C #11/5.csv,2352412,723af0ba,PASS,RISK_ACCEPTED_SOURCE_BINDING; ZIP mojibake sequence ┬░ normalized to extracted ° when present
用户风险接受的候选数据审计,__MACOSX/Battery raw data/RPT Data/47. 60┬░C #11/._5.csv,,c7702b1d,212,,,,MACOSX_METADATA_EXCLUDED,__MACOSX metadata member; excluded from data-tree binding
用户风险接受的候选数据审计,Battery raw data/RPT Data/47. 60┬░C #11/4.csv,RPT Data/47. 60°C #11/4.csv,36624eda,2268787,/Users/wanghaoming/Public/SOC电池数据中心/SOC电池数据中心/Battery raw data/RPT Data/47. 60°C #11/4.csv,2268787,36624eda,PASS,RISK_ACCEPTED_SOURCE_BINDING; ZIP mojibake sequence ┬░ normalized to extracted ° when present
用户风险接受的候选数据审计,__MACOSX/Battery raw data/RPT Data/47. 60┬░C #11/._4.csv,,c7702b1d,212,,,,MACOSX_METADATA_EXCLUDED,__MACOSX metadata member; excluded from data-tree binding
用户风险接受的候选数据审计,Battery raw data/RPT Data/47. 60┬░C #11/0.csv,RPT Data/47. 60°C #11/0.csv,a3102e98,2665971,/Users/wanghaoming/Public/SOC电池数据中心/SOC电池数据中心/Battery raw data/RPT Data/47. 60°C #11/0.csv,2665971,a3102e98,PASS,RISK_ACCEPTED_SOURCE_BINDING; ZIP mojibake sequence ┬░ normalized to extracted ° when present
用户风险接受的候选数据审计,__MACOSX/Battery raw data/RPT Data/47. 60┬░C #11/._0.csv,,c7702b1d,212,,,,MACOSX_METADATA_EXCLUDED,__MACOSX metadata member; excluded from data-tree binding
用户风险接受的候选数据审计,Battery raw data/RPT Data/47. 60┬░C #11/1.csv,RPT Data/47. 60°C #11/1.csv,2ecb3980,2511769,/Users/wanghaoming/Public/SOC电池数据中心/SOC电池数据中心/Battery raw data/RPT Data/47. 60°C #11/1.csv,2511769,2ecb3980,PASS,RISK_ACCEPTED_SOURCE_BINDING; ZIP mojibake sequence ┬░ normalized to extracted ° when present
用户风险接受的候选数据审计,__MACOSX/Battery raw data/RPT Data/47. 60┬░C #11/._1.csv,,c7702b1d,212,,,,MACOSX_METADATA_EXCLUDED,__MACOSX metadata member; excluded from data-tree binding
用户风险接受的候选数据审计,Battery raw data/RPT Data/47. 60┬░C #11/3.csv,RPT Data/47. 60°C #11/3.csv,52b4ae61,2352425,/Users/wanghaoming/Public/SOC电池数据中心/SOC电池数据中心/Battery raw data/RPT Data/47. 60°C #11/3.csv,2352425,52b4ae61,PASS,RISK_ACCEPTED_SOURCE_BINDING; ZIP mojibake sequence ┬░ normalized to extracted ° when present
用户风险接受的候选数据审计,__MACOSX/Battery raw data/RPT Data/47. 60┬░C #11/._3.csv,,c7702b1d,212,,,,MACOSX_METADATA_EXCLUDED,__MACOSX metadata member; excluded from data-tree binding
用户风险接受的候选数据审计,Battery raw data/RPT Data/47. 60┬░C #11/2.csv,RPT Data/47. 60°C #11/2.csv,39134169,2258055,/Users/wanghaoming/Public/SOC电池数据中心/SOC电池数据中心/Battery raw data/RPT Data/47. 60°C #11/2.csv,2258055,39134169,PASS,RISK_ACCEPTED_SOURCE_BINDING; ZIP mojibake sequence ┬░ normalized to extracted ° when present
用户风险接受的候选数据审计,__MACOSX/Battery raw data/RPT Data/47. 60┬░C #11/._2.csv,,c7702b1d,212,,,,MACOSX_METADATA_EXCLUDED,__MACOSX metadata member; excluded from data-tree binding
用户风险接受的候选数据审计,Battery raw data/RPT Data/54. LOW C@ 10┬░C #6/4.csv,RPT Data/54. LOW C@ 10°C #6/4.csv,d834a532,2360136,/Users/wanghaoming/Public/SOC电池数据中心/SOC电池数据中心/Battery raw data/RPT Data/54. LOW C@ 10°C #6/4.csv,2360136,d834a532,PASS,RISK_ACCEPTED_SOURCE_BINDING; ZIP mojibake sequence ┬░ normalized to extracted ° when present
用户风险接受的候选数据审计,__MACOSX/Battery raw data/RPT Data/54. LOW C@ 10┬░C #6/._4.csv,,c7702b1d,212,,,,MACOSX_METADATA_EXCLUDED,__MACOSX metadata member; excluded from data-tree binding
用户风险接受的候选数据审计,Battery raw data/RPT Data/54. LOW C@ 10┬░C #6/0.csv,RPT Data/54. LOW C@ 10°C #6/0.csv,7866bcf6,2745734,/Users/wanghaoming/Public/SOC电池数据中心/SOC电池数据中心/Battery raw data/RPT Data/54. LOW C@ 10°C #6/0.csv,2745734,7866bcf6,PASS,RISK_ACCEPTED_SOURCE_BINDING; ZIP mojibake sequence ┬░ normalized to extracted ° when present
用户风险接受的候选数据审计,__MACOSX/Battery raw data/RPT Data/54. LOW C@ 10┬░C #6/._0.csv,,c7702b1d,212,,,,MACOSX_METADATA_EXCLUDED,__MACOSX metadata member; excluded from data-tree binding
用户风险接受的候选数据审计,Battery raw data/RPT Data/54. LOW C@ 10┬░C #6/1.csv,RPT Data/54. LOW C@ 10°C #6/1.csv,6124c788,2659596,/Users/wanghaoming/Public/SOC电池数据中心/SOC电池数据中心/Battery raw data/RPT Data/54. LOW C@ 10°C #6/1.csv,2659596,6124c788,PASS,RISK_ACCEPTED_SOURCE_BINDING; ZIP mojibake sequence ┬░ normalized to extracted ° when present
用户风险接受的候选数据审计,__MACOSX/Battery raw data/RPT Data/54. LOW C@ 10┬░C #6/._1.csv,,c7702b1d,212,,,,MACOSX_METADATA_EXCLUDED,__MACOSX metadata member; excluded from data-tree binding
用户风险接受的候选数据审计,Battery raw data/RPT Data/54. LOW C@ 10┬░C #6/3.csv,RPT Data/54. LOW C@ 10°C #6/3.csv,6e3940d4,2524694,/Users/wanghaoming/Public/SOC电池数据中心/SOC电池数据中心/Battery raw data/RPT Data/54. LOW C@ 10°C #6/3.csv,2524694,6e3940d4,PASS,RISK_ACCEPTED_SOURCE_BINDING; ZIP mojibake sequence ┬░ normalized to extracted ° when present
用户风险接受的候选数据审计,__MACOSX/Battery raw data/RPT Data/54. LOW C@ 10┬░C #6/._3.csv,,c7702b1d,212,,,,MACOSX_METADATA_EXCLUDED,__MACOSX metadata member; excluded from data-tree binding
用户风险接受的候选数据审计,Battery raw data/RPT Data/54. LOW C@ 10┬░C #6/2.csv,RPT Data/54. LOW C@ 10°C #6/2.csv,dee95a0d,2603496,/Users/wanghaoming/Public/SOC电池数据中心/SOC电池数据中心/Battery raw data/RPT Data/54. LOW C@ 10°C #6/2.csv,2603496,dee95a0d,PASS,RISK_ACCEPTED_SOURCE_BINDING; ZIP mojibake sequence ┬░ normalized to extracted ° when present
用户风险接受的候选数据审计,__MACOSX/Battery raw data/RPT Data/54. LOW C@ 10┬░C #6/._2.csv,,c7702b1d,212,,,,MACOSX_METADATA_EXCLUDED,__MACOSX metadata member; excluded from data-tree binding
用户风险接受的候选数据审计,Battery raw data/RPT Data/48. 60┬░C #12/5.csv,RPT Data/48. 60°C #12/5.csv,73392d08,2331708,/Users/wanghaoming/Public/SOC电池数据中心/SOC电池数据中心/Battery raw data/RPT Data/48. 60°C #12/5.csv,2331708,73392d08,PASS,RISK_ACCEPTED_SOURCE_BINDING; ZIP mojibake sequence ┬░ normalized to extracted ° when present
用户风险接受的候选数据审计,__MACOSX/Battery raw data/RPT Data/48. 60┬░C #12/._5.csv,,c7702b1d,212,,,,MACOSX_METADATA_EXCLUDED,__MACOSX metadata member; excluded from data-tree binding
用户风险接受的候选数据审计,Battery raw data/RPT Data/48. 60┬░C #12/4.csv,RPT Data/48. 60°C #12/4.csv,78245310,2254307,/Users/wanghaoming/Public/SOC电池数据中心/SOC电池数据中心/Battery raw data/RPT Data/48. 60°C #12/4.csv,2254307,78245310,PASS,RISK_ACCEPTED_SOURCE_BINDING; ZIP mojibake sequence ┬░ normalized to extracted ° when present
用户风险接受的候选数据审计,__MACOSX/Battery raw data/RPT Data/48. 60┬░C #12/._4.csv,,c7702b1d,212,,,,MACOSX_METADATA_EXCLUDED,__MACOSX metadata member; excluded from data-tree binding
用户风险接受的候选数据审计,Battery raw data/RPT Data/48. 60┬░C #12/0.csv,RPT Data/48. 60°C #12/0.csv,cecf6a45,2681142,/Users/wanghaoming/Public/SOC电池数据中心/SOC电池数据中心/Battery raw data/RPT Data/48. 60°C #12/0.csv,2681142,cecf6a45,PASS,RISK_ACCEPTED_SOURCE_BINDING; ZIP mojibake sequence ┬░ normalized to extracted ° when present
用户风险接受的候选数据审计,__MACOSX/Battery raw data/RPT Data/48. 60┬░C #12/._0.csv,,c7702b1d,212,,,,MACOSX_METADATA_EXCLUDED,__MACOSX metadata member; excluded from data-tree binding
用户风险接受的候选数据审计,Battery raw data/RPT Data/48. 60┬░C #12/1.csv,RPT Data/48. 60°C #12/1.csv,7824346f,2524659,/Users/wanghaoming/Public/SOC电池数据中心/SOC电池数据中心/Battery raw data/RPT Data/48. 60°C #12/1.csv,2524659,7824346f,PASS,RISK_ACCEPTED_SOURCE_BINDING; ZIP mojibake sequence ┬░ normalized to extracted ° when present
用户风险接受的候选数据审计,__MACOSX/Battery raw data/RPT Data/48. 60┬░C #12/._1.csv,,c7702b1d,212,,,,MACOSX_METADATA_EXCLUDED,__MACOSX metadata member; excluded from data-tree binding
用户风险接受的候选数据审计,Battery raw data/RPT Data/48. 60┬░C #12/3.csv,RPT Data/48. 60°C #12/3.csv,e69525c2,2351310,/Users/wanghaoming/Public/SOC电池数据中心/SOC电池数据中心/Battery raw data/RPT Data/48. 60°C #12/3.csv,2351310,e69525c2,PASS,RISK_ACCEPTED_SOURCE_BINDING; ZIP mojibake sequence ┬░ normalized to extracted ° when present
用户风险接受的候选数据审计,__MACOSX/Battery raw data/RPT Data/48. 60┬░C #12/._3.csv,,c7702b1d,212,,,,MACOSX_METADATA_EXCLUDED,__MACOSX metadata member; excluded from data-tree binding
用户风险接受的候选数据审计,Battery raw data/RPT Data/48. 60┬░C #12/2.csv,RPT Data/48. 60°C #12/2.csv,9367bbdf,2262319,/Users/wanghaoming/Public/SOC电池数据中心/SOC电池数据中心/Battery raw data/RPT Data/48. 60°C #12/2.csv,2262319,9367bbdf,PASS,RISK_ACCEPTED_SOURCE_BINDING; ZIP mojibake sequence ┬░ normalized to extracted ° when present
用户风险接受的候选数据审计,__MACOSX/Battery raw data/RPT Data/48. 60┬░C #12/._2.csv,,c7702b1d,212,,,,MACOSX_METADATA_EXCLUDED,__MACOSX metadata member; excluded from data-tree binding
用户风险接受的候选数据审计,Battery raw data/RPT Data/20. 4.35V@ 25┬░C #4/5.csv,RPT Data/20. 4.35V@ 25°C #4/5.csv,72e18c35,2307140,/Users/wanghaoming/Public/SOC电池数据中心/SOC电池数据中心/Battery raw data/RPT Data/20. 4.35V@ 25°C #4/5.csv,2307140,72e18c35,PASS,RISK_ACCEPTED_SOURCE_BINDING; ZIP mojibake sequence ┬░ normalized to extracted ° when present
用户风险接受的候选数据审计,__MACOSX/Battery raw data/RPT Data/20. 4.35V@ 25┬░C #4/._5.csv,,c7702b1d,212,,,,MACOSX_METADATA_EXCLUDED,__MACOSX metadata member; excluded from data-tree binding
用户风险接受的候选数据审计,Battery raw data/RPT Data/20. 4.35V@ 25┬░C #4/4.csv,RPT Data/20. 4.35V@ 25°C #4/4.csv,cbb3ff7e,2258672,/Users/wanghaoming/Public/SOC电池数据中心/SOC电池数据中心/Battery raw data/RPT Data/20. 4.35V@ 25°C #4/4.csv,2258672,cbb3ff7e,PASS,RISK_ACCEPTED_SOURCE_BINDING; ZIP mojibake sequence ┬░ normalized to extracted ° when present
用户风险接受的候选数据审计,__MACOSX/Battery raw data/RPT Data/20. 4.35V@ 25┬░C #4/._4.csv,,c7702b1d,212,,,,MACOSX_METADATA_EXCLUDED,__MACOSX metadata member; excluded from data-tree binding
用户风险接受的候选数据审计,Battery raw data/RPT Data/20. 4.35V@ 25┬░C #4/0.csv,RPT Data/20. 4.35V@ 25°C #4/0.csv,14f93449,2680709,/Users/wanghaoming/Public/SOC电池数据中心/SOC电池数据中心/Battery raw data/RPT Data/20. 4.35V@ 25°C #4/0.csv,2680709,14f93449,PASS,RISK_ACCEPTED_SOURCE_BINDING; ZIP mojibake sequence ┬░ normalized to extracted ° when present
用户风险接受的候选数据审计,__MACOSX/Battery raw data/RPT Data/20. 4.35V@ 25┬░C #4/._0.csv,,c7702b1d,212,,,,MACOSX_METADATA_EXCLUDED,__MACOSX metadata member; excluded from data-tree binding
用户风险接受的候选数据审计,Battery raw data/RPT Data/20. 4.35V@ 25┬░C #4/1.csv,RPT Data/20. 4.35V@ 25°C #4/1.csv,bb468aff,2536730,/Users/wanghaoming/Public/SOC电池数据中心/SOC电池数据中心/Battery raw data/RPT Data/20. 4.35V@ 25°C #4/1.csv,2536730,bb468aff,PASS,RISK_ACCEPTED_SOURCE_BINDING; ZIP mojibake sequence ┬░ normalized to extracted ° when present
用户风险接受的候选数据审计,__MACOSX/Battery raw data/RPT Data/20. 4.35V@ 25┬░C #4/._1.csv,,c7702b1d,212,,,,MACOSX_METADATA_EXCLUDED,__MACOSX metadata member; excluded from data-tree binding
用户风险接受的候选数据审计,Battery raw data/RPT Data/20. 4.35V@ 25┬░C #4/3.csv,RPT Data/20. 4.35V@ 25°C #4/3.csv,ec4eca48,2374838,/Users/wanghaoming/Public/SOC电池数据中心/SOC电池数据中心/Battery raw data/RPT Data/20. 4.35V@ 25°C #4/3.csv,2374838,ec4eca48,PASS,RISK_ACCEPTED_SOURCE_BINDING; ZIP mojibake sequence ┬░ normalized to extracted ° when present
用户风险接受的候选数据审计,__MACOSX/Battery raw data/RPT Data/20. 4.35V@ 25┬░C #4/._3.csv,,c7702b1d,212,,,,MACOSX_METADATA_EXCLUDED,__MACOSX metadata member; excluded from data-tree binding
用户风险接受的候选数据审计,Battery raw data/RPT Data/20. 4.35V@ 25┬░C #4/2.csv,RPT Data/20. 4.35V@ 25°C #4/2.csv,2b6738c3,2451617,/Users/wanghaoming/Public/SOC电池数据中心/SOC电池数据中心/Battery raw data/RPT Data/20. 4.35V@ 25°C #4/2.csv,2451617,2b6738c3,PASS,RISK_ACCEPTED_SOURCE_BINDING; ZIP mojibake sequence ┬░ normalized to extracted ° when present
用户风险接受的候选数据审计,__MACOSX/Battery raw data/RPT Data/20. 4.35V@ 25┬░C #4/._2.csv,,c7702b1d,212,,,,MACOSX_METADATA_EXCLUDED,__MACOSX metadata member; excluded from data-tree binding
用户风险接受的候选数据审计,Battery raw data/RPT Data/50. LOW C@ 10┬░C #2/4.csv,RPT Data/50. LOW C@ 10°C #2/4.csv,46c1be23,2330132,/Users/wanghaoming/Public/SOC电池数据中心/SOC电池数据中心/Battery raw data/RPT Data/50. LOW C@ 10°C #2/4.csv,2330132,46c1be23,PASS,RISK_ACCEPTED_SOURCE_BINDING; ZIP mojibake sequence ┬░ normalized to extracted ° when present
用户风险接受的候选数据审计,__MACOSX/Battery raw data/RPT Data/50. LOW C@ 10┬░C #2/._4.csv,,c7702b1d,212,,,,MACOSX_METADATA_EXCLUDED,__MACOSX metadata member; excluded from data-tree binding
用户风险接受的候选数据审计,Battery raw data/RPT Data/50. LOW C@ 10┬░C #2/0.csv,RPT Data/50. LOW C@ 10°C #2/0.csv,2cdcd1d2,2749046,/Users/wanghaoming/Public/SOC电池数据中心/SOC电池数据中心/Battery raw data/RPT Data/50. LOW C@ 10°C #2/0.csv,2749046,2cdcd1d2,PASS,RISK_ACCEPTED_SOURCE_BINDING; ZIP mojibake sequence ┬░ normalized to extracted ° when present
用户风险接受的候选数据审计,__MACOSX/Battery raw data/RPT Data/50. LOW C@ 10┬░C #2/._0.csv,,c7702b1d,212,,,,MACOSX_METADATA_EXCLUDED,__MACOSX metadata member; excluded from data-tree binding
用户风险接受的候选数据审计,Battery raw data/RPT Data/50. LOW C@ 10┬░C #2/1.csv,RPT Data/50. LOW C@ 10°C #2/1.csv,8cb68523,2686280,/Users/wanghaoming/Public/SOC电池数据中心/SOC电池数据中心/Battery raw data/RPT Data/50. LOW C@ 10°C #2/1.csv,2686280,8cb68523,PASS,RISK_ACCEPTED_SOURCE_BINDING; ZIP mojibake sequence ┬░ normalized to extracted ° when present
用户风险接受的候选数据审计,__MACOSX/Battery raw data/RPT Data/50. LOW C@ 10┬░C #2/._1.csv,,c7702b1d,212,,,,MACOSX_METADATA_EXCLUDED,__MACOSX metadata member; excluded from data-tree binding
用户风险接受的候选数据审计,Battery raw data/RPT Data/50. LOW C@ 10┬░C #2/3.csv,RPT Data/50. LOW C@ 10°C #2/3.csv,9310969a,2532683,/Users/wanghaoming/Public/SOC电池数据中心/SOC电池数据中心/Battery raw data/RPT Data/50. LOW C@ 10°C #2/3.csv,2532683,9310969a,PASS,RISK_ACCEPTED_SOURCE_BINDING; ZIP mojibake sequence ┬░ normalized to extracted ° when present
用户风险接受的候选数据审计,__MACOSX/Battery raw data/RPT Data/50. LOW C@ 10┬░C #2/._3.csv,,c7702b1d,212,,,,MACOSX_METADATA_EXCLUDED,__MACOSX metadata member; excluded from data-tree binding
用户风险接受的候选数据审计,Battery raw data/RPT Data/50. LOW C@ 10┬░C #2/2.csv,RPT Data/50. LOW C@ 10°C #2/2.csv,04695d46,2569431,/Users/wanghaoming/Public/SOC电池数据中心/SOC电池数据中心/Battery raw data/RPT Data/50. LOW C@ 10°C #2/2.csv,2569431,04695d46,PASS,RISK_ACCEPTED_SOURCE_BINDING; ZIP mojibake sequence ┬░ normalized to extracted ° when present
用户风险接受的候选数据审计,__MACOSX/Battery raw data/RPT Data/50. LOW C@ 10┬░C #2/._2.csv,,c7702b1d,212,,,,MACOSX_METADATA_EXCLUDED,__MACOSX metadata member; excluded from data-tree binding
用户风险接受的候选数据审计,Battery raw data/RPT Data/10. HIGH C@ 25┬░C #2/4.csv,RPT Data/10. HIGH C@ 25°C #2/4.csv,12639400,2286003,/Users/wanghaoming/Public/SOC电池数据中心/SOC电池数据中心/Battery raw data/RPT Data/10. HIGH C@ 25°C #2/4.csv,2286003,12639400,PASS,RISK_ACCEPTED_SOURCE_BINDING; ZIP mojibake sequence ┬░ normalized to extracted ° when present
用户风险接受的候选数据审计,__MACOSX/Battery raw data/RPT Data/10. HIGH C@ 25┬░C #2/._4.csv,,c7702b1d,212,,,,MACOSX_METADATA_EXCLUDED,__MACOSX metadata member; excluded from data-tree binding
用户风险接受的候选数据审计,Battery raw data/RPT Data/10. HIGH C@ 25┬░C #2/0.csv,RPT Data/10. HIGH C@ 25°C #2/0.csv,14f61bb9,2675858,/Users/wanghaoming/Public/SOC电池数据中心/SOC电池数据中心/Battery raw data/RPT Data/10. HIGH C@ 25°C #2/0.csv,2675858,14f61bb9,PASS,RISK_ACCEPTED_SOURCE_BINDING; ZIP mojibake sequence ┬░ normalized to extracted ° when present
用户风险接受的候选数据审计,__MACOSX/Battery raw data/RPT Data/10. HIGH C@ 25┬░C #2/._0.csv,,c7702b1d,212,,,,MACOSX_METADATA_EXCLUDED,__MACOSX metadata member; excluded from data-tree binding
用户风险接受的候选数据审计,Battery raw data/RPT Data/10. HIGH C@ 25┬░C #2/1.csv,RPT Data/10. HIGH C@ 25°C #2/1.csv,3a4ae4fb,2529501,/Users/wanghaoming/Public/SOC电池数据中心/SOC电池数据中心/Battery raw data/RPT Data/10. HIGH C@ 25°C #2/1.csv,2529501,3a4ae4fb,PASS,RISK_ACCEPTED_SOURCE_BINDING; ZIP mojibake sequence ┬░ normalized to extracted ° when present
用户风险接受的候选数据审计,__MACOSX/Battery raw data/RPT Data/10. HIGH C@ 25┬░C #2/._1.csv,,c7702b1d,212,,,,MACOSX_METADATA_EXCLUDED,__MACOSX metadata member; excluded from data-tree binding
用户风险接受的候选数据审计,Battery raw data/RPT Data/10. HIGH C@ 25┬░C #2/3.csv,RPT Data/10. HIGH C@ 25°C #2/3.csv,1b4359d5,2333246,/Users/wanghaoming/Public/SOC电池数据中心/SOC电池数据中心/Battery raw data/RPT Data/10. HIGH C@ 25°C #2/3.csv,2333246,1b4359d5,PASS,RISK_ACCEPTED_SOURCE_BINDING; ZIP mojibake sequence ┬░ normalized to extracted ° when present
用户风险接受的候选数据审计,__MACOSX/Battery raw data/RPT Data/10. HIGH C@ 25┬░C #2/._3.csv,,c7702b1d,212,,,,MACOSX_METADATA_EXCLUDED,__MACOSX metadata member; excluded from data-tree binding
用户风险接受的候选数据审计,Battery raw data/RPT Data/10. HIGH C@ 25┬░C #2/2.csv,RPT Data/10. HIGH C@ 25°C #2/2.csv,27da2c2b,2430718,/Users/wanghaoming/Public/SOC电池数据中心/SOC电池数据中心/Battery raw data/RPT Data/10. HIGH C@ 25°C #2/2.csv,2430718,27da2c2b,PASS,RISK_ACCEPTED_SOURCE_BINDING; ZIP mojibake sequence ┬░ normalized to extracted ° when present
用户风险接受的候选数据审计,__MACOSX/Battery raw data/RPT Data/10. HIGH C@ 25┬░C #2/._2.csv,,c7702b1d,212,,,,MACOSX_METADATA_EXCLUDED,__MACOSX metadata member; excluded from data-tree binding
用户风险接受的候选数据审计,Battery raw data/RPT Data/6. LOW C@ 25┬░C #6/6.csv,RPT Data/6. LOW C@ 25°C #6/6.csv,f2840c23,2278313,/Users/wanghaoming/Public/SOC电池数据中心/SOC电池数据中心/Battery raw data/RPT Data/6. LOW C@ 25°C #6/6.csv,2278313,f2840c23,PASS,RISK_ACCEPTED_SOURCE_BINDING; ZIP mojibake sequence ┬░ normalized to extracted ° when present
用户风险接受的候选数据审计,__MACOSX/Battery raw data/RPT Data/6. LOW C@ 25┬░C #6/._6.csv,,c7702b1d,212,,,,MACOSX_METADATA_EXCLUDED,__MACOSX metadata member; excluded from data-tree binding
用户风险接受的候选数据审计,Battery raw data/RPT Data/6. LOW C@ 25┬░C #6/5.csv,RPT Data/6. LOW C@ 25°C #6/5.csv,a05b75f5,2364900,/Users/wanghaoming/Public/SOC电池数据中心/SOC电池数据中心/Battery raw data/RPT Data/6. LOW C@ 25°C #6/5.csv,2364900,a05b75f5,PASS,RISK_ACCEPTED_SOURCE_BINDING; ZIP mojibake sequence ┬░ normalized to extracted ° when present
用户风险接受的候选数据审计,__MACOSX/Battery raw data/RPT Data/6. LOW C@ 25┬░C #6/._5.csv,,c7702b1d,212,,,,MACOSX_METADATA_EXCLUDED,__MACOSX metadata member; excluded from data-tree binding
用户风险接受的候选数据审计,Battery raw data/RPT Data/6. LOW C@ 25┬░C #6/4.csv,RPT Data/6. LOW C@ 25°C #6/4.csv,da2a195d,2302381,/Users/wanghaoming/Public/SOC电池数据中心/SOC电池数据中心/Battery raw data/RPT Data/6. LOW C@ 25°C #6/4.csv,2302381,da2a195d,PASS,RISK_ACCEPTED_SOURCE_BINDING; ZIP mojibake sequence ┬░ normalized to extracted ° when present
用户风险接受的候选数据审计,__MACOSX/Battery raw data/RPT Data/6. LOW C@ 25┬░C #6/._4.csv,,c7702b1d,212,,,,MACOSX_METADATA_EXCLUDED,__MACOSX metadata member; excluded from data-tree binding
用户风险接受的候选数据审计,Battery raw data/RPT Data/6. LOW C@ 25┬░C #6/0.csv,RPT Data/6. LOW C@ 25°C #6/0.csv,f29c5467,2674225,/Users/wanghaoming/Public/SOC电池数据中心/SOC电池数据中心/Battery raw data/RPT Data/6. LOW C@ 25°C #6/0.csv,2674225,f29c5467,PASS,RISK_ACCEPTED_SOURCE_BINDING; ZIP mojibake sequence ┬░ normalized to extracted ° when present
用户风险接受的候选数据审计,__MACOSX/Battery raw data/RPT Data/6. LOW C@ 25┬░C #6/._0.csv,,c7702b1d,212,,,,MACOSX_METADATA_EXCLUDED,__MACOSX metadata member; excluded from data-tree binding
用户风险接受的候选数据审计,Battery raw data/RPT Data/6. LOW C@ 25┬░C #6/1.csv,RPT Data/6. LOW C@ 25°C #6/1.csv,da177250,2506250,/Users/wanghaoming/Public/SOC电池数据中心/SOC电池数据中心/Battery raw data/RPT Data/6. LOW C@ 25°C #6/1.csv,2506250,da177250,PASS,RISK_ACCEPTED_SOURCE_BINDING; ZIP mojibake sequence ┬░ normalized to extracted ° when present
用户风险接受的候选数据审计,__MACOSX/Battery raw data/RPT Data/6. LOW C@ 25┬░C #6/._1.csv,,c7702b1d,212,,,,MACOSX_METADATA_EXCLUDED,__MACOSX metadata member; excluded from data-tree binding
用户风险接受的候选数据审计,Battery raw data/RPT Data/6. LOW C@ 25┬░C #6/3.csv,RPT Data/6. LOW C@ 25°C #6/3.csv,e5421241,2364064,/Users/wanghaoming/Public/SOC电池数据中心/SOC电池数据中心/Battery raw data/RPT Data/6. LOW C@ 25°C #6/3.csv,2364064,e5421241,PASS,RISK_ACCEPTED_SOURCE_BINDING; ZIP mojibake sequence ┬░ normalized to extracted ° when present
用户风险接受的候选数据审计,__MACOSX/Battery raw data/RPT Data/6. LOW C@ 25┬░C #6/._3.csv,,c7702b1d,212,,,,MACOSX_METADATA_EXCLUDED,__MACOSX metadata member; excluded from data-tree binding
用户风险接受的候选数据审计,Battery raw data/RPT Data/6. LOW C@ 25┬░C #6/2.csv,RPT Data/6. LOW C@ 25°C #6/2.csv,5a76afec,2428917,/Users/wanghaoming/Public/SOC电池数据中心/SOC电池数据中心/Battery raw data/RPT Data/6. LOW C@ 25°C #6/2.csv,2428917,5a76afec,PASS,RISK_ACCEPTED_SOURCE_BINDING; ZIP mojibake sequence ┬░ normalized to extracted ° when present
用户风险接受的候选数据审计,__MACOSX/Battery raw data/RPT Data/6. LOW C@ 25┬░C #6/._2.csv,,c7702b1d,212,,,,MACOSX_METADATA_EXCLUDED,__MACOSX metadata member; excluded from data-tree binding
用户风险接受的候选数据审计,Battery raw data/RPT Data/8. LOW C@ 25┬░C #8/5.csv,RPT Data/8. LOW C@ 25°C #8/5.csv,e6530c1b,2327895,/Users/wanghaoming/Public/SOC电池数据中心/SOC电池数据中心/Battery raw data/RPT Data/8. LOW C@ 25°C #8/5.csv,2327895,e6530c1b,PASS,RISK_ACCEPTED_SOURCE_BINDING; ZIP mojibake sequence ┬░ normalized to extracted ° when present
用户风险接受的候选数据审计,__MACOSX/Battery raw data/RPT Data/8. LOW C@ 25┬░C #8/._5.csv,,c7702b1d,212,,,,MACOSX_METADATA_EXCLUDED,__MACOSX metadata member; excluded from data-tree binding
用户风险接受的候选数据审计,Battery raw data/RPT Data/8. LOW C@ 25┬░C #8/4.csv,RPT Data/8. LOW C@ 25°C #8/4.csv,12df0f95,2281451,/Users/wanghaoming/Public/SOC电池数据中心/SOC电池数据中心/Battery raw data/RPT Data/8. LOW C@ 25°C #8/4.csv,2281451,12df0f95,PASS,RISK_ACCEPTED_SOURCE_BINDING; ZIP mojibake sequence ┬░ normalized to extracted ° when present
用户风险接受的候选数据审计,__MACOSX/Battery raw data/RPT Data/8. LOW C@ 25┬░C #8/._4.csv,,c7702b1d,212,,,,MACOSX_METADATA_EXCLUDED,__MACOSX metadata member; excluded from data-tree binding
用户风险接受的候选数据审计,Battery raw data/RPT Data/8. LOW C@ 25┬░C #8/0.csv,RPT Data/8. LOW C@ 25°C #8/0.csv,5fb83746,2672150,/Users/wanghaoming/Public/SOC电池数据中心/SOC电池数据中心/Battery raw data/RPT Data/8. LOW C@ 25°C #8/0.csv,2672150,5fb83746,PASS,RISK_ACCEPTED_SOURCE_BINDING; ZIP mojibake sequence ┬░ normalized to extracted ° when present
用户风险接受的候选数据审计,__MACOSX/Battery raw data/RPT Data/8. LOW C@ 25┬░C #8/._0.csv,,c7702b1d,212,,,,MACOSX_METADATA_EXCLUDED,__MACOSX metadata member; excluded from data-tree binding
用户风险接受的候选数据审计,Battery raw data/RPT Data/8. LOW C@ 25┬░C #8/1.csv,RPT Data/8. LOW C@ 25°C #8/1.csv,7212d0cb,2500551,/Users/wanghaoming/Public/SOC电池数据中心/SOC电池数据中心/Battery raw data/RPT Data/8. LOW C@ 25°C #8/1.csv,2500551,7212d0cb,PASS,RISK_ACCEPTED_SOURCE_BINDING; ZIP mojibake sequence ┬░ normalized to extracted ° when present
用户风险接受的候选数据审计,__MACOSX/Battery raw data/RPT Data/8. LOW C@ 25┬░C #8/._1.csv,,c7702b1d,212,,,,MACOSX_METADATA_EXCLUDED,__MACOSX metadata member; excluded from data-tree binding
用户风险接受的候选数据审计,Battery raw data/RPT Data/8. LOW C@ 25┬░C #8/3.csv,RPT Data/8. LOW C@ 25°C #8/3.csv,a2465780,2357314,/Users/wanghaoming/Public/SOC电池数据中心/SOC电池数据中心/Battery raw data/RPT Data/8. LOW C@ 25°C #8/3.csv,2357314,a2465780,PASS,RISK_ACCEPTED_SOURCE_BINDING; ZIP mojibake sequence ┬░ normalized to extracted ° when present
用户风险接受的候选数据审计,__MACOSX/Battery raw data/RPT Data/8. LOW C@ 25┬░C #8/._3.csv,,c7702b1d,212,,,,MACOSX_METADATA_EXCLUDED,__MACOSX metadata member; excluded from data-tree binding
用户风险接受的候选数据审计,Battery raw data/RPT Data/8. LOW C@ 25┬░C #8/2.csv,RPT Data/8. LOW C@ 25°C #8/2.csv,291337d1,2421534,/Users/wanghaoming/Public/SOC电池数据中心/SOC电池数据中心/Battery raw data/RPT Data/8. LOW C@ 25°C #8/2.csv,2421534,291337d1,PASS,RISK_ACCEPTED_SOURCE_BINDING; ZIP mojibake sequence ┬░ normalized to extracted ° when present
用户风险接受的候选数据审计,__MACOSX/Battery raw data/RPT Data/8. LOW C@ 25┬░C #8/._2.csv,,c7702b1d,212,,,,MACOSX_METADATA_EXCLUDED,__MACOSX metadata member; excluded from data-tree binding
用户风险接受的候选数据审计,Battery raw data/RPT Data/27. 45┬░C #3/6.csv,RPT Data/27. 45°C #3/6.csv,495a3d91,2357329,/Users/wanghaoming/Public/SOC电池数据中心/SOC电池数据中心/Battery raw data/RPT Data/27. 45°C #3/6.csv,2357329,495a3d91,PASS,RISK_ACCEPTED_SOURCE_BINDING; ZIP mojibake sequence ┬░ normalized to extracted ° when present
用户风险接受的候选数据审计,__MACOSX/Battery raw data/RPT Data/27. 45┬░C #3/._6.csv,,c7702b1d,212,,,,MACOSX_METADATA_EXCLUDED,__MACOSX metadata member; excluded from data-tree binding
用户风险接受的候选数据审计,Battery raw data/RPT Data/27. 45┬░C #3/7.csv,RPT Data/27. 45°C #3/7.csv,220b59df,2340394,/Users/wanghaoming/Public/SOC电池数据中心/SOC电池数据中心/Battery raw data/RPT Data/27. 45°C #3/7.csv,2340394,220b59df,PASS,RISK_ACCEPTED_SOURCE_BINDING; ZIP mojibake sequence ┬░ normalized to extracted ° when present
用户风险接受的候选数据审计,__MACOSX/Battery raw data/RPT Data/27. 45┬░C #3/._7.csv,,c7702b1d,212,,,,MACOSX_METADATA_EXCLUDED,__MACOSX metadata member; excluded from data-tree binding
用户风险接受的候选数据审计,Battery raw data/RPT Data/27. 45┬░C #3/5.csv,RPT Data/27. 45°C #3/5.csv,bec612f4,2314696,/Users/wanghaoming/Public/SOC电池数据中心/SOC电池数据中心/Battery raw data/RPT Data/27. 45°C #3/5.csv,2314696,bec612f4,PASS,RISK_ACCEPTED_SOURCE_BINDING; ZIP mojibake sequence ┬░ normalized to extracted ° when present
用户风险接受的候选数据审计,__MACOSX/Battery raw data/RPT Data/27. 45┬░C #3/._5.csv,,c7702b1d,212,,,,MACOSX_METADATA_EXCLUDED,__MACOSX metadata member; excluded from data-tree binding
用户风险接受的候选数据审计,Battery raw data/RPT Data/27. 45┬░C #3/4.csv,RPT Data/27. 45°C #3/4.csv,5c5e239f,2390315,/Users/wanghaoming/Public/SOC电池数据中心/SOC电池数据中心/Battery raw data/RPT Data/27. 45°C #3/4.csv,2390315,5c5e239f,PASS,RISK_ACCEPTED_SOURCE_BINDING; ZIP mojibake sequence ┬░ normalized to extracted ° when present
用户风险接受的候选数据审计,__MACOSX/Battery raw data/RPT Data/27. 45┬░C #3/._4.csv,,c7702b1d,212,,,,MACOSX_METADATA_EXCLUDED,__MACOSX metadata member; excluded from data-tree binding
用户风险接受的候选数据审计,Battery raw data/RPT Data/27. 45┬░C #3/0.csv,RPT Data/27. 45°C #3/0.csv,bbc95fda,2652866,/Users/wanghaoming/Public/SOC电池数据中心/SOC电池数据中心/Battery raw data/RPT Data/27. 45°C #3/0.csv,2652866,bbc95fda,PASS,RISK_ACCEPTED_SOURCE_BINDING; ZIP mojibake sequence ┬░ normalized to extracted ° when present
用户风险接受的候选数据审计,__MACOSX/Battery raw data/RPT Data/27. 45┬░C #3/._0.csv,,c7702b1d,212,,,,MACOSX_METADATA_EXCLUDED,__MACOSX metadata member; excluded from data-tree binding
用户风险接受的候选数据审计,Battery raw data/RPT Data/27. 45┬░C #3/1.csv,RPT Data/27. 45°C #3/1.csv,66ef2891,2544336,/Users/wanghaoming/Public/SOC电池数据中心/SOC电池数据中心/Battery raw data/RPT Data/27. 45°C #3/1.csv,2544336,66ef2891,PASS,RISK_ACCEPTED_SOURCE_BINDING; ZIP mojibake sequence ┬░ normalized to extracted ° when present
用户风险接受的候选数据审计,__MACOSX/Battery raw data/RPT Data/27. 45┬░C #3/._1.csv,,c7702b1d,212,,,,MACOSX_METADATA_EXCLUDED,__MACOSX metadata member; excluded from data-tree binding
用户风险接受的候选数据审计,Battery raw data/RPT Data/27. 45┬░C #3/3.csv,RPT Data/27. 45°C #3/3.csv,a967991f,2432145,/Users/wanghaoming/Public/SOC电池数据中心/SOC电池数据中心/Battery raw data/RPT Data/27. 45°C #3/3.csv,2432145,a967991f,PASS,RISK_ACCEPTED_SOURCE_BINDING; ZIP mojibake sequence ┬░ normalized to extracted ° when present
用户风险接受的候选数据审计,__MACOSX/Battery raw data/RPT Data/27. 45┬░C #3/._3.csv,,c7702b1d,212,,,,MACOSX_METADATA_EXCLUDED,__MACOSX metadata member; excluded from data-tree binding
用户风险接受的候选数据审计,Battery raw data/RPT Data/27. 45┬░C #3/2.csv,RPT Data/27. 45°C #3/2.csv,b45c0d0a,2478523,/Users/wanghaoming/Public/SOC电池数据中心/SOC电池数据中心/Battery raw data/RPT Data/27. 45°C #3/2.csv,2478523,b45c0d0a,PASS,RISK_ACCEPTED_SOURCE_BINDING; ZIP mojibake sequence ┬░ normalized to extracted ° when present
用户风险接受的候选数据审计,__MACOSX/Battery raw data/RPT Data/27. 45┬░C #3/._2.csv,,c7702b1d,212,,,,MACOSX_METADATA_EXCLUDED,__MACOSX metadata member; excluded from data-tree binding
用户风险接受的候选数据审计,Battery raw data/RPT Data/17. 4.35V@ 25┬░C #1/5.csv,RPT Data/17. 4.35V@ 25°C #1/5.csv,d604e9cf,2320039,/Users/wanghaoming/Public/SOC电池数据中心/SOC电池数据中心/Battery raw data/RPT Data/17. 4.35V@ 25°C #1/5.csv,2320039,d604e9cf,PASS,RISK_ACCEPTED_SOURCE_BINDING; ZIP mojibake sequence ┬░ normalized to extracted ° when present
用户风险接受的候选数据审计,__MACOSX/Battery raw data/RPT Data/17. 4.35V@ 25┬░C #1/._5.csv,,c7702b1d,212,,,,MACOSX_METADATA_EXCLUDED,__MACOSX metadata member; excluded from data-tree binding
用户风险接受的候选数据审计,Battery raw data/RPT Data/17. 4.35V@ 25┬░C #1/4.csv,RPT Data/17. 4.35V@ 25°C #1/4.csv,34fc0ea0,2300876,/Users/wanghaoming/Public/SOC电池数据中心/SOC电池数据中心/Battery raw data/RPT Data/17. 4.35V@ 25°C #1/4.csv,2300876,34fc0ea0,PASS,RISK_ACCEPTED_SOURCE_BINDING; ZIP mojibake sequence ┬░ normalized to extracted ° when present
用户风险接受的候选数据审计,__MACOSX/Battery raw data/RPT Data/17. 4.35V@ 25┬░C #1/._4.csv,,c7702b1d,212,,,,MACOSX_METADATA_EXCLUDED,__MACOSX metadata member; excluded from data-tree binding
用户风险接受的候选数据审计,Battery raw data/RPT Data/17. 4.35V@ 25┬░C #1/0.csv,RPT Data/17. 4.35V@ 25°C #1/0.csv,e3f06529,2684482,/Users/wanghaoming/Public/SOC电池数据中心/SOC电池数据中心/Battery raw data/RPT Data/17. 4.35V@ 25°C #1/0.csv,2684482,e3f06529,PASS,RISK_ACCEPTED_SOURCE_BINDING; ZIP mojibake sequence ┬░ normalized to extracted ° when present
用户风险接受的候选数据审计,__MACOSX/Battery raw data/RPT Data/17. 4.35V@ 25┬░C #1/._0.csv,,c7702b1d,212,,,,MACOSX_METADATA_EXCLUDED,__MACOSX metadata member; excluded from data-tree binding
用户风险接受的候选数据审计,Battery raw data/RPT Data/17. 4.35V@ 25┬░C #1/1.csv,RPT Data/17. 4.35V@ 25°C #1/1.csv,4589ec75,2539313,/Users/wanghaoming/Public/SOC电池数据中心/SOC电池数据中心/Battery raw data/RPT Data/17. 4.35V@ 25°C #1/1.csv,2539313,4589ec75,PASS,RISK_ACCEPTED_SOURCE_BINDING; ZIP mojibake sequence ┬░ normalized to extracted ° when present
用户风险接受的候选数据审计,__MACOSX/Battery raw data/RPT Data/17. 4.35V@ 25┬░C #1/._1.csv,,c7702b1d,212,,,,MACOSX_METADATA_EXCLUDED,__MACOSX metadata member; excluded from data-tree binding
用户风险接受的候选数据审计,Battery raw data/RPT Data/17. 4.35V@ 25┬░C #1/3.csv,RPT Data/17. 4.35V@ 25°C #1/3.csv,1ed96356,2386756,/Users/wanghaoming/Public/SOC电池数据中心/SOC电池数据中心/Battery raw data/RPT Data/17. 4.35V@ 25°C #1/3.csv,2386756,1ed96356,PASS,RISK_ACCEPTED_SOURCE_BINDING; ZIP mojibake sequence ┬░ normalized to extracted ° when present
用户风险接受的候选数据审计,__MACOSX/Battery raw data/RPT Data/17. 4.35V@ 25┬░C #1/._3.csv,,c7702b1d,212,,,,MACOSX_METADATA_EXCLUDED,__MACOSX metadata member; excluded from data-tree binding
用户风险接受的候选数据审计,Battery raw data/RPT Data/17. 4.35V@ 25┬░C #1/2.csv,RPT Data/17. 4.35V@ 25°C #1/2.csv,409e7dd5,2457425,/Users/wanghaoming/Public/SOC电池数据中心/SOC电池数据中心/Battery raw data/RPT Data/17. 4.35V@ 25°C #1/2.csv,2457425,409e7dd5,PASS,RISK_ACCEPTED_SOURCE_BINDING; ZIP mojibake sequence ┬░ normalized to extracted ° when present
用户风险接受的候选数据审计,__MACOSX/Battery raw data/RPT Data/17. 4.35V@ 25┬░C #1/._2.csv,,c7702b1d,212,,,,MACOSX_METADATA_EXCLUDED,__MACOSX metadata member; excluded from data-tree binding
用户风险接受的候选数据审计,Battery raw data/RPT Data/32. 45┬░C #8/6.csv,RPT Data/32. 45°C #8/6.csv,414c705f,2402022,/Users/wanghaoming/Public/SOC电池数据中心/SOC电池数据中心/Battery raw data/RPT Data/32. 45°C #8/6.csv,2402022,414c705f,PASS,RISK_ACCEPTED_SOURCE_BINDING; ZIP mojibake sequence ┬░ normalized to extracted ° when present
用户风险接受的候选数据审计,__MACOSX/Battery raw data/RPT Data/32. 45┬░C #8/._6.csv,,c7702b1d,212,,,,MACOSX_METADATA_EXCLUDED,__MACOSX metadata member; excluded from data-tree binding
用户风险接受的候选数据审计,Battery raw data/RPT Data/32. 45┬░C #8/7.csv,RPT Data/32. 45°C #8/7.csv,f9261ba6,2345933,/Users/wanghaoming/Public/SOC电池数据中心/SOC电池数据中心/Battery raw data/RPT Data/32. 45°C #8/7.csv,2345933,f9261ba6,PASS,RISK_ACCEPTED_SOURCE_BINDING; ZIP mojibake sequence ┬░ normalized to extracted ° when present
用户风险接受的候选数据审计,__MACOSX/Battery raw data/RPT Data/32. 45┬░C #8/._7.csv,,c7702b1d,212,,,,MACOSX_METADATA_EXCLUDED,__MACOSX metadata member; excluded from data-tree binding
用户风险接受的候选数据审计,Battery raw data/RPT Data/32. 45┬░C #8/5.csv,RPT Data/32. 45°C #8/5.csv,c300704d,2360976,/Users/wanghaoming/Public/SOC电池数据中心/SOC电池数据中心/Battery raw data/RPT Data/32. 45°C #8/5.csv,2360976,c300704d,PASS,RISK_ACCEPTED_SOURCE_BINDING; ZIP mojibake sequence ┬░ normalized to extracted ° when present
用户风险接受的候选数据审计,__MACOSX/Battery raw data/RPT Data/32. 45┬░C #8/._5.csv,,c7702b1d,212,,,,MACOSX_METADATA_EXCLUDED,__MACOSX metadata member; excluded from data-tree binding
用户风险接受的候选数据审计,Battery raw data/RPT Data/32. 45┬░C #8/4.csv,RPT Data/32. 45°C #8/4.csv,7ec3824b,2395872,/Users/wanghaoming/Public/SOC电池数据中心/SOC电池数据中心/Battery raw data/RPT Data/32. 45°C #8/4.csv,2395872,7ec3824b,PASS,RISK_ACCEPTED_SOURCE_BINDING; ZIP mojibake sequence ┬░ normalized to extracted ° when present
用户风险接受的候选数据审计,__MACOSX/Battery raw data/RPT Data/32. 45┬░C #8/._4.csv,,c7702b1d,212,,,,MACOSX_METADATA_EXCLUDED,__MACOSX metadata member; excluded from data-tree binding
用户风险接受的候选数据审计,Battery raw data/RPT Data/32. 45┬░C #8/0.csv,RPT Data/32. 45°C #8/0.csv,2bb96b8e,2656637,/Users/wanghaoming/Public/SOC电池数据中心/SOC电池数据中心/Battery raw data/RPT Data/32. 45°C #8/0.csv,2656637,2bb96b8e,PASS,RISK_ACCEPTED_SOURCE_BINDING; ZIP mojibake sequence ┬░ normalized to extracted ° when present
用户风险接受的候选数据审计,__MACOSX/Battery raw data/RPT Data/32. 45┬░C #8/._0.csv,,c7702b1d,212,,,,MACOSX_METADATA_EXCLUDED,__MACOSX metadata member; excluded from data-tree binding
用户风险接受的候选数据审计,Battery raw data/RPT Data/32. 45┬░C #8/1.csv,RPT Data/32. 45°C #8/1.csv,3c9ca97e,2547812,/Users/wanghaoming/Public/SOC电池数据中心/SOC电池数据中心/Battery raw data/RPT Data/32. 45°C #8/1.csv,2547812,3c9ca97e,PASS,RISK_ACCEPTED_SOURCE_BINDING; ZIP mojibake sequence ┬░ normalized to extracted ° when present
用户风险接受的候选数据审计,__MACOSX/Battery raw data/RPT Data/32. 45┬░C #8/._1.csv,,c7702b1d,212,,,,MACOSX_METADATA_EXCLUDED,__MACOSX metadata member; excluded from data-tree binding
用户风险接受的候选数据审计,Battery raw data/RPT Data/32. 45┬░C #8/3.csv,RPT Data/32. 45°C #8/3.csv,af7856bf,2434572,/Users/wanghaoming/Public/SOC电池数据中心/SOC电池数据中心/Battery raw data/RPT Data/32. 45°C #8/3.csv,2434572,af7856bf,PASS,RISK_ACCEPTED_SOURCE_BINDING; ZIP mojibake sequence ┬░ normalized to extracted ° when present
用户风险接受的候选数据审计,__MACOSX/Battery raw data/RPT Data/32. 45┬░C #8/._3.csv,,c7702b1d,212,,,,MACOSX_METADATA_EXCLUDED,__MACOSX metadata member; excluded from data-tree binding
用户风险接受的候选数据审计,Battery raw data/RPT Data/32. 45┬░C #8/2.csv,RPT Data/32. 45°C #8/2.csv,3e75705b,2346979,/Users/wanghaoming/Public/SOC电池数据中心/SOC电池数据中心/Battery raw data/RPT Data/32. 45°C #8/2.csv,2346979,3e75705b,PASS,RISK_ACCEPTED_SOURCE_BINDING; ZIP mojibake sequence ┬░ normalized to extracted ° when present
用户风险接受的候选数据审计,__MACOSX/Battery raw data/RPT Data/32. 45┬░C #8/._2.csv,,c7702b1d,212,,,,MACOSX_METADATA_EXCLUDED,__MACOSX metadata member; excluded from data-tree binding
用户风险接受的候选数据审计,Battery raw data/RPT Data/7. LOW C@ 25┬░C #7/5.csv,RPT Data/7. LOW C@ 25°C #7/5.csv,b4d62223,2274844,/Users/wanghaoming/Public/SOC电池数据中心/SOC电池数据中心/Battery raw data/RPT Data/7. LOW C@ 25°C #7/5.csv,2274844,b4d62223,PASS,RISK_ACCEPTED_SOURCE_BINDING; ZIP mojibake sequence ┬░ normalized to extracted ° when present
用户风险接受的候选数据审计,__MACOSX/Battery raw data/RPT Data/7. LOW C@ 25┬░C #7/._5.csv,,c7702b1d,212,,,,MACOSX_METADATA_EXCLUDED,__MACOSX metadata member; excluded from data-tree binding
用户风险接受的候选数据审计,Battery raw data/RPT Data/7. LOW C@ 25┬░C #7/4.csv,RPT Data/7. LOW C@ 25°C #7/4.csv,faf04963,2331388,/Users/wanghaoming/Public/SOC电池数据中心/SOC电池数据中心/Battery raw data/RPT Data/7. LOW C@ 25°C #7/4.csv,2331388,faf04963,PASS,RISK_ACCEPTED_SOURCE_BINDING; ZIP mojibake sequence ┬░ normalized to extracted ° when present
用户风险接受的候选数据审计,__MACOSX/Battery raw data/RPT Data/7. LOW C@ 25┬░C #7/._4.csv,,c7702b1d,212,,,,MACOSX_METADATA_EXCLUDED,__MACOSX metadata member; excluded from data-tree binding
用户风险接受的候选数据审计,Battery raw data/RPT Data/7. LOW C@ 25┬░C #7/0.csv,RPT Data/7. LOW C@ 25°C #7/0.csv,f5b31fd4,2688242,/Users/wanghaoming/Public/SOC电池数据中心/SOC电池数据中心/Battery raw data/RPT Data/7. LOW C@ 25°C #7/0.csv,2688242,f5b31fd4,PASS,RISK_ACCEPTED_SOURCE_BINDING; ZIP mojibake sequence ┬░ normalized to extracted ° when present
用户风险接受的候选数据审计,__MACOSX/Battery raw data/RPT Data/7. LOW C@ 25┬░C #7/._0.csv,,c7702b1d,212,,,,MACOSX_METADATA_EXCLUDED,__MACOSX metadata member; excluded from data-tree binding
用户风险接受的候选数据审计,Battery raw data/RPT Data/7. LOW C@ 25┬░C #7/1.csv,RPT Data/7. LOW C@ 25°C #7/1.csv,601d0f8c,2524312,/Users/wanghaoming/Public/SOC电池数据中心/SOC电池数据中心/Battery raw data/RPT Data/7. LOW C@ 25°C #7/1.csv,2524312,601d0f8c,PASS,RISK_ACCEPTED_SOURCE_BINDING; ZIP mojibake sequence ┬░ normalized to extracted ° when present
用户风险接受的候选数据审计,__MACOSX/Battery raw data/RPT Data/7. LOW C@ 25┬░C #7/._1.csv,,c7702b1d,212,,,,MACOSX_METADATA_EXCLUDED,__MACOSX metadata member; excluded from data-tree binding
用户风险接受的候选数据审计,Battery raw data/RPT Data/7. LOW C@ 25┬░C #7/3.csv,RPT Data/7. LOW C@ 25°C #7/3.csv,3411e53f,2367309,/Users/wanghaoming/Public/SOC电池数据中心/SOC电池数据中心/Battery raw data/RPT Data/7. LOW C@ 25°C #7/3.csv,2367309,3411e53f,PASS,RISK_ACCEPTED_SOURCE_BINDING; ZIP mojibake sequence ┬░ normalized to extracted ° when present
用户风险接受的候选数据审计,__MACOSX/Battery raw data/RPT Data/7. LOW C@ 25┬░C #7/._3.csv,,c7702b1d,212,,,,MACOSX_METADATA_EXCLUDED,__MACOSX metadata member; excluded from data-tree binding
用户风险接受的候选数据审计,Battery raw data/RPT Data/7. LOW C@ 25┬░C #7/2.csv,RPT Data/7. LOW C@ 25°C #7/2.csv,55398baf,2438866,/Users/wanghaoming/Public/SOC电池数据中心/SOC电池数据中心/Battery raw data/RPT Data/7. LOW C@ 25°C #7/2.csv,2438866,55398baf,PASS,RISK_ACCEPTED_SOURCE_BINDING; ZIP mojibake sequence ┬░ normalized to extracted ° when present
用户风险接受的候选数据审计,__MACOSX/Battery raw data/RPT Data/7. LOW C@ 25┬░C #7/._2.csv,,c7702b1d,212,,,,MACOSX_METADATA_EXCLUDED,__MACOSX metadata member; excluded from data-tree binding
用户风险接受的候选数据审计,Battery raw data/RPT Data/51. LOW C@ 10┬░C #3/4.csv,RPT Data/51. LOW C@ 10°C #3/4.csv,347a6ac3,2321764,/Users/wanghaoming/Public/SOC电池数据中心/SOC电池数据中心/Battery raw data/RPT Data/51. LOW C@ 10°C #3/4.csv,2321764,347a6ac3,PASS,RISK_ACCEPTED_SOURCE_BINDING; ZIP mojibake sequence ┬░ normalized to extracted ° when present
用户风险接受的候选数据审计,__MACOSX/Battery raw data/RPT Data/51. LOW C@ 10┬░C #3/._4.csv,,c7702b1d,212,,,,MACOSX_METADATA_EXCLUDED,__MACOSX metadata member; excluded from data-tree binding
用户风险接受的候选数据审计,Battery raw data/RPT Data/51. LOW C@ 10┬░C #3/0.csv,RPT Data/51. LOW C@ 10°C #3/0.csv,f0bdb929,2742065,/Users/wanghaoming/Public/SOC电池数据中心/SOC电池数据中心/Battery raw data/RPT Data/51. LOW C@ 10°C #3/0.csv,2742065,f0bdb929,PASS,RISK_ACCEPTED_SOURCE_BINDING; ZIP mojibake sequence ┬░ normalized to extracted ° when present
用户风险接受的候选数据审计,__MACOSX/Battery raw data/RPT Data/51. LOW C@ 10┬░C #3/._0.csv,,c7702b1d,212,,,,MACOSX_METADATA_EXCLUDED,__MACOSX metadata member; excluded from data-tree binding
用户风险接受的候选数据审计,Battery raw data/RPT Data/51. LOW C@ 10┬░C #3/1.csv,RPT Data/51. LOW C@ 10°C #3/1.csv,63b01d42,2670118,/Users/wanghaoming/Public/SOC电池数据中心/SOC电池数据中心/Battery raw data/RPT Data/51. LOW C@ 10°C #3/1.csv,2670118,63b01d42,PASS,RISK_ACCEPTED_SOURCE_BINDING; ZIP mojibake sequence ┬░ normalized to extracted ° when present
用户风险接受的候选数据审计,__MACOSX/Battery raw data/RPT Data/51. LOW C@ 10┬░C #3/._1.csv,,c7702b1d,212,,,,MACOSX_METADATA_EXCLUDED,__MACOSX metadata member; excluded from data-tree binding
用户风险接受的候选数据审计,Battery raw data/RPT Data/51. LOW C@ 10┬░C #3/3.csv,RPT Data/51. LOW C@ 10°C #3/3.csv,49ae86f7,2518214,/Users/wanghaoming/Public/SOC电池数据中心/SOC电池数据中心/Battery raw data/RPT Data/51. LOW C@ 10°C #3/3.csv,2518214,49ae86f7,PASS,RISK_ACCEPTED_SOURCE_BINDING; ZIP mojibake sequence ┬░ normalized to extracted ° when present
用户风险接受的候选数据审计,__MACOSX/Battery raw data/RPT Data/51. LOW C@ 10┬░C #3/._3.csv,,c7702b1d,212,,,,MACOSX_METADATA_EXCLUDED,__MACOSX metadata member; excluded from data-tree binding
用户风险接受的候选数据审计,Battery raw data/RPT Data/51. LOW C@ 10┬░C #3/2.csv,RPT Data/51. LOW C@ 10°C #3/2.csv,e4d8a299,2552349,/Users/wanghaoming/Public/SOC电池数据中心/SOC电池数据中心/Battery raw data/RPT Data/51. LOW C@ 10°C #3/2.csv,2552349,e4d8a299,PASS,RISK_ACCEPTED_SOURCE_BINDING; ZIP mojibake sequence ┬░ normalized to extracted ° when present
用户风险接受的候选数据审计,__MACOSX/Battery raw data/RPT Data/51. LOW C@ 10┬░C #3/._2.csv,,c7702b1d,212,,,,MACOSX_METADATA_EXCLUDED,__MACOSX metadata member; excluded from data-tree binding
用户风险接受的候选数据审计,Battery raw data/RPT Data/26. 45┬░C #2/6.csv,RPT Data/26. 45°C #2/6.csv,8378ff31,2369469,/Users/wanghaoming/Public/SOC电池数据中心/SOC电池数据中心/Battery raw data/RPT Data/26. 45°C #2/6.csv,2369469,8378ff31,PASS,RISK_ACCEPTED_SOURCE_BINDING; ZIP mojibake sequence ┬░ normalized to extracted ° when present
用户风险接受的候选数据审计,__MACOSX/Battery raw data/RPT Data/26. 45┬░C #2/._6.csv,,c7702b1d,212,,,,MACOSX_METADATA_EXCLUDED,__MACOSX metadata member; excluded from data-tree binding
用户风险接受的候选数据审计,Battery raw data/RPT Data/26. 45┬░C #2/7.csv,RPT Data/26. 45°C #2/7.csv,82139e55,2348312,/Users/wanghaoming/Public/SOC电池数据中心/SOC电池数据中心/Battery raw data/RPT Data/26. 45°C #2/7.csv,2348312,82139e55,PASS,RISK_ACCEPTED_SOURCE_BINDING; ZIP mojibake sequence ┬░ normalized to extracted ° when present
用户风险接受的候选数据审计,__MACOSX/Battery raw data/RPT Data/26. 45┬░C #2/._7.csv,,c7702b1d,212,,,,MACOSX_METADATA_EXCLUDED,__MACOSX metadata member; excluded from data-tree binding
用户风险接受的候选数据审计,Battery raw data/RPT Data/26. 45┬░C #2/5.csv,RPT Data/26. 45°C #2/5.csv,97baef65,2323706,/Users/wanghaoming/Public/SOC电池数据中心/SOC电池数据中心/Battery raw data/RPT Data/26. 45°C #2/5.csv,2323706,97baef65,PASS,RISK_ACCEPTED_SOURCE_BINDING; ZIP mojibake sequence ┬░ normalized to extracted ° when present
用户风险接受的候选数据审计,__MACOSX/Battery raw data/RPT Data/26. 45┬░C #2/._5.csv,,c7702b1d,212,,,,MACOSX_METADATA_EXCLUDED,__MACOSX metadata member; excluded from data-tree binding
用户风险接受的候选数据审计,Battery raw data/RPT Data/26. 45┬░C #2/4.csv,RPT Data/26. 45°C #2/4.csv,2c94ed4a,2400245,/Users/wanghaoming/Public/SOC电池数据中心/SOC电池数据中心/Battery raw data/RPT Data/26. 45°C #2/4.csv,2400245,2c94ed4a,PASS,RISK_ACCEPTED_SOURCE_BINDING; ZIP mojibake sequence ┬░ normalized to extracted ° when present
用户风险接受的候选数据审计,__MACOSX/Battery raw data/RPT Data/26. 45┬░C #2/._4.csv,,c7702b1d,212,,,,MACOSX_METADATA_EXCLUDED,__MACOSX metadata member; excluded from data-tree binding
用户风险接受的候选数据审计,Battery raw data/RPT Data/26. 45┬░C #2/0.csv,RPT Data/26. 45°C #2/0.csv,29eb6171,2656815,/Users/wanghaoming/Public/SOC电池数据中心/SOC电池数据中心/Battery raw data/RPT Data/26. 45°C #2/0.csv,2656815,29eb6171,PASS,RISK_ACCEPTED_SOURCE_BINDING; ZIP mojibake sequence ┬░ normalized to extracted ° when present
用户风险接受的候选数据审计,__MACOSX/Battery raw data/RPT Data/26. 45┬░C #2/._0.csv,,c7702b1d,212,,,,MACOSX_METADATA_EXCLUDED,__MACOSX metadata member; excluded from data-tree binding
用户风险接受的候选数据审计,Battery raw data/RPT Data/26. 45┬░C #2/1.csv,RPT Data/26. 45°C #2/1.csv,690a7b70,2556106,/Users/wanghaoming/Public/SOC电池数据中心/SOC电池数据中心/Battery raw data/RPT Data/26. 45°C #2/1.csv,2556106,690a7b70,PASS,RISK_ACCEPTED_SOURCE_BINDING; ZIP mojibake sequence ┬░ normalized to extracted ° when present
用户风险接受的候选数据审计,__MACOSX/Battery raw data/RPT Data/26. 45┬░C #2/._1.csv,,c7702b1d,212,,,,MACOSX_METADATA_EXCLUDED,__MACOSX metadata member; excluded from data-tree binding
用户风险接受的候选数据审计,Battery raw data/RPT Data/26. 45┬░C #2/3.csv,RPT Data/26. 45°C #2/3.csv,03030fb4,2444173,/Users/wanghaoming/Public/SOC电池数据中心/SOC电池数据中心/Battery raw data/RPT Data/26. 45°C #2/3.csv,2444173,03030fb4,PASS,RISK_ACCEPTED_SOURCE_BINDING; ZIP mojibake sequence ┬░ normalized to extracted ° when present
用户风险接受的候选数据审计,__MACOSX/Battery raw data/RPT Data/26. 45┬░C #2/._3.csv,,c7702b1d,212,,,,MACOSX_METADATA_EXCLUDED,__MACOSX metadata member; excluded from data-tree binding
用户风险接受的候选数据审计,Battery raw data/RPT Data/26. 45┬░C #2/2.csv,RPT Data/26. 45°C #2/2.csv,787aa751,2491185,/Users/wanghaoming/Public/SOC电池数据中心/SOC电池数据中心/Battery raw data/RPT Data/26. 45°C #2/2.csv,2491185,787aa751,PASS,RISK_ACCEPTED_SOURCE_BINDING; ZIP mojibake sequence ┬░ normalized to extracted ° when present
用户风险接受的候选数据审计,__MACOSX/Battery raw data/RPT Data/26. 45┬░C #2/._2.csv,,c7702b1d,212,,,,MACOSX_METADATA_EXCLUDED,__MACOSX metadata member; excluded from data-tree binding
用户风险接受的候选数据审计,Battery raw data/RPT Data/55. LOW C@ 10┬░C #7/4.csv,RPT Data/55. LOW C@ 10°C #7/4.csv,82596e41,2319533,/Users/wanghaoming/Public/SOC电池数据中心/SOC电池数据中心/Battery raw data/RPT Data/55. LOW C@ 10°C #7/4.csv,2319533,82596e41,PASS,RISK_ACCEPTED_SOURCE_BINDING; ZIP mojibake sequence ┬░ normalized to extracted ° when present
用户风险接受的候选数据审计,__MACOSX/Battery raw data/RPT Data/55. LOW C@ 10┬░C #7/._4.csv,,c7702b1d,212,,,,MACOSX_METADATA_EXCLUDED,__MACOSX metadata member; excluded from data-tree binding
用户风险接受的候选数据审计,Battery raw data/RPT Data/55. LOW C@ 10┬░C #7/0.csv,RPT Data/55. LOW C@ 10°C #7/0.csv,4e7842da,2738039,/Users/wanghaoming/Public/SOC电池数据中心/SOC电池数据中心/Battery raw data/RPT Data/55. LOW C@ 10°C #7/0.csv,2738039,4e7842da,PASS,RISK_ACCEPTED_SOURCE_BINDING; ZIP mojibake sequence ┬░ normalized to extracted ° when present
用户风险接受的候选数据审计,__MACOSX/Battery raw data/RPT Data/55. LOW C@ 10┬░C #7/._0.csv,,c7702b1d,212,,,,MACOSX_METADATA_EXCLUDED,__MACOSX metadata member; excluded from data-tree binding
用户风险接受的候选数据审计,Battery raw data/RPT Data/55. LOW C@ 10┬░C #7/1.csv,RPT Data/55. LOW C@ 10°C #7/1.csv,4558f862,2639473,/Users/wanghaoming/Public/SOC电池数据中心/SOC电池数据中心/Battery raw data/RPT Data/55. LOW C@ 10°C #7/1.csv,2639473,4558f862,PASS,RISK_ACCEPTED_SOURCE_BINDING; ZIP mojibake sequence ┬░ normalized to extracted ° when present
用户风险接受的候选数据审计,__MACOSX/Battery raw data/RPT Data/55. LOW C@ 10┬░C #7/._1.csv,,c7702b1d,212,,,,MACOSX_METADATA_EXCLUDED,__MACOSX metadata member; excluded from data-tree binding
用户风险接受的候选数据审计,Battery raw data/RPT Data/55. LOW C@ 10┬░C #7/3.csv,RPT Data/55. LOW C@ 10°C #7/3.csv,90f9a6ed,2504109,/Users/wanghaoming/Public/SOC电池数据中心/SOC电池数据中心/Battery raw data/RPT Data/55. LOW C@ 10°C #7/3.csv,2504109,90f9a6ed,PASS,RISK_ACCEPTED_SOURCE_BINDING; ZIP mojibake sequence ┬░ normalized to extracted ° when present
用户风险接受的候选数据审计,__MACOSX/Battery raw data/RPT Data/55. LOW C@ 10┬░C #7/._3.csv,,c7702b1d,212,,,,MACOSX_METADATA_EXCLUDED,__MACOSX metadata member; excluded from data-tree binding
用户风险接受的候选数据审计,Battery raw data/RPT Data/55. LOW C@ 10┬░C #7/2.csv,RPT Data/55. LOW C@ 10°C #7/2.csv,908c9cec,2586070,/Users/wanghaoming/Public/SOC电池数据中心/SOC电池数据中心/Battery raw data/RPT Data/55. LOW C@ 10°C #7/2.csv,2586070,908c9cec,PASS,RISK_ACCEPTED_SOURCE_BINDING; ZIP mojibake sequence ┬░ normalized to extracted ° when present
用户风险接受的候选数据审计,__MACOSX/Battery raw data/RPT Data/55. LOW C@ 10┬░C #7/._2.csv,,c7702b1d,212,,,,MACOSX_METADATA_EXCLUDED,__MACOSX metadata member; excluded from data-tree binding
用户风险接受的候选数据审计,Battery raw data/RPT Data/3. LOW C@ 25┬░C #3/6.csv,RPT Data/3. LOW C@ 25°C #3/6.csv,0bd7b990,2378132,/Users/wanghaoming/Public/SOC电池数据中心/SOC电池数据中心/Battery raw data/RPT Data/3. LOW C@ 25°C #3/6.csv,2378132,0bd7b990,PASS,RISK_ACCEPTED_SOURCE_BINDING; ZIP mojibake sequence ┬░ normalized to extracted ° when present
用户风险接受的候选数据审计,__MACOSX/Battery raw data/RPT Data/3. LOW C@ 25┬░C #3/._6.csv,,c7702b1d,212,,,,MACOSX_METADATA_EXCLUDED,__MACOSX metadata member; excluded from data-tree binding
用户风险接受的候选数据审计,Battery raw data/RPT Data/3. LOW C@ 25┬░C #3/5.csv,RPT Data/3. LOW C@ 25°C #3/5.csv,c1b4cb1f,2417241,/Users/wanghaoming/Public/SOC电池数据中心/SOC电池数据中心/Battery raw data/RPT Data/3. LOW C@ 25°C #3/5.csv,2417241,c1b4cb1f,PASS,RISK_ACCEPTED_SOURCE_BINDING; ZIP mojibake sequence ┬░ normalized to extracted ° when present
用户风险接受的候选数据审计,__MACOSX/Battery raw data/RPT Data/3. LOW C@ 25┬░C #3/._5.csv,,c7702b1d,212,,,,MACOSX_METADATA_EXCLUDED,__MACOSX metadata member; excluded from data-tree binding
用户风险接受的候选数据审计,Battery raw data/RPT Data/3. LOW C@ 25┬░C #3/4.csv,RPT Data/3. LOW C@ 25°C #3/4.csv,da660ca0,2364696,/Users/wanghaoming/Public/SOC电池数据中心/SOC电池数据中心/Battery raw data/RPT Data/3. LOW C@ 25°C #3/4.csv,2364696,da660ca0,PASS,RISK_ACCEPTED_SOURCE_BINDING; ZIP mojibake sequence ┬░ normalized to extracted ° when present
用户风险接受的候选数据审计,__MACOSX/Battery raw data/RPT Data/3. LOW C@ 25┬░C #3/._4.csv,,c7702b1d,212,,,,MACOSX_METADATA_EXCLUDED,__MACOSX metadata member; excluded from data-tree binding
用户风险接受的候选数据审计,Battery raw data/RPT Data/3. LOW C@ 25┬░C #3/0.csv,RPT Data/3. LOW C@ 25°C #3/0.csv,30dea282,2687143,/Users/wanghaoming/Public/SOC电池数据中心/SOC电池数据中心/Battery raw data/RPT Data/3. LOW C@ 25°C #3/0.csv,2687143,30dea282,PASS,RISK_ACCEPTED_SOURCE_BINDING; ZIP mojibake sequence ┬░ normalized to extracted ° when present
用户风险接受的候选数据审计,__MACOSX/Battery raw data/RPT Data/3. LOW C@ 25┬░C #3/._0.csv,,c7702b1d,212,,,,MACOSX_METADATA_EXCLUDED,__MACOSX metadata member; excluded from data-tree binding
用户风险接受的候选数据审计,Battery raw data/RPT Data/3. LOW C@ 25┬░C #3/1.csv,RPT Data/3. LOW C@ 25°C #3/1.csv,a93f98b0,2535545,/Users/wanghaoming/Public/SOC电池数据中心/SOC电池数据中心/Battery raw data/RPT Data/3. LOW C@ 25°C #3/1.csv,2535545,a93f98b0,PASS,RISK_ACCEPTED_SOURCE_BINDING; ZIP mojibake sequence ┬░ normalized to extracted ° when present
用户风险接受的候选数据审计,__MACOSX/Battery raw data/RPT Data/3. LOW C@ 25┬░C #3/._1.csv,,c7702b1d,212,,,,MACOSX_METADATA_EXCLUDED,__MACOSX metadata member; excluded from data-tree binding
用户风险接受的候选数据审计,Battery raw data/RPT Data/3. LOW C@ 25┬░C #3/3.csv,RPT Data/3. LOW C@ 25°C #3/3.csv,c793ed78,2390364,/Users/wanghaoming/Public/SOC电池数据中心/SOC电池数据中心/Battery raw data/RPT Data/3. LOW C@ 25°C #3/3.csv,2390364,c793ed78,PASS,RISK_ACCEPTED_SOURCE_BINDING; ZIP mojibake sequence ┬░ normalized to extracted ° when present
用户风险接受的候选数据审计,__MACOSX/Battery raw data/RPT Data/3. LOW C@ 25┬░C #3/._3.csv,,c7702b1d,212,,,,MACOSX_METADATA_EXCLUDED,__MACOSX metadata member; excluded from data-tree binding
用户风险接受的候选数据审计,Battery raw data/RPT Data/3. LOW C@ 25┬░C #3/2.csv,RPT Data/3. LOW C@ 25°C #3/2.csv,d581b4a5,2458633,/Users/wanghaoming/Public/SOC电池数据中心/SOC电池数据中心/Battery raw data/RPT Data/3. LOW C@ 25°C #3/2.csv,2458633,d581b4a5,PASS,RISK_ACCEPTED_SOURCE_BINDING; ZIP mojibake sequence ┬░ normalized to extracted ° when present
用户风险接受的候选数据审计,__MACOSX/Battery raw data/RPT Data/3. LOW C@ 25┬░C #3/._2.csv,,c7702b1d,212,,,,MACOSX_METADATA_EXCLUDED,__MACOSX metadata member; excluded from data-tree binding
用户风险接受的候选数据审计,Battery raw data/RPT Data/33. 45┬░C #9/6.csv,RPT Data/33. 45°C #9/6.csv,f21411d7,2379590,/Users/wanghaoming/Public/SOC电池数据中心/SOC电池数据中心/Battery raw data/RPT Data/33. 45°C #9/6.csv,2379590,f21411d7,PASS,RISK_ACCEPTED_SOURCE_BINDING; ZIP mojibake sequence ┬░ normalized to extracted ° when present
用户风险接受的候选数据审计,__MACOSX/Battery raw data/RPT Data/33. 45┬░C #9/._6.csv,,c7702b1d,212,,,,MACOSX_METADATA_EXCLUDED,__MACOSX metadata member; excluded from data-tree binding
用户风险接受的候选数据审计,Battery raw data/RPT Data/33. 45┬░C #9/7.csv,RPT Data/33. 45°C #9/7.csv,55800b0b,2349199,/Users/wanghaoming/Public/SOC电池数据中心/SOC电池数据中心/Battery raw data/RPT Data/33. 45°C #9/7.csv,2349199,55800b0b,PASS,RISK_ACCEPTED_SOURCE_BINDING; ZIP mojibake sequence ┬░ normalized to extracted ° when present
用户风险接受的候选数据审计,__MACOSX/Battery raw data/RPT Data/33. 45┬░C #9/._7.csv,,c7702b1d,212,,,,MACOSX_METADATA_EXCLUDED,__MACOSX metadata member; excluded from data-tree binding
用户风险接受的候选数据审计,Battery raw data/RPT Data/33. 45┬░C #9/5.csv,RPT Data/33. 45°C #9/5.csv,ac8dcc8d,2439266,/Users/wanghaoming/Public/SOC电池数据中心/SOC电池数据中心/Battery raw data/RPT Data/33. 45°C #9/5.csv,2439266,ac8dcc8d,PASS,RISK_ACCEPTED_SOURCE_BINDING; ZIP mojibake sequence ┬░ normalized to extracted ° when present
用户风险接受的候选数据审计,__MACOSX/Battery raw data/RPT Data/33. 45┬░C #9/._5.csv,,c7702b1d,212,,,,MACOSX_METADATA_EXCLUDED,__MACOSX metadata member; excluded from data-tree binding
用户风险接受的候选数据审计,Battery raw data/RPT Data/33. 45┬░C #9/4.csv,RPT Data/33. 45°C #9/4.csv,799dc453,2400464,/Users/wanghaoming/Public/SOC电池数据中心/SOC电池数据中心/Battery raw data/RPT Data/33. 45°C #9/4.csv,2400464,799dc453,PASS,RISK_ACCEPTED_SOURCE_BINDING; ZIP mojibake sequence ┬░ normalized to extracted ° when present
用户风险接受的候选数据审计,__MACOSX/Battery raw data/RPT Data/33. 45┬░C #9/._4.csv,,c7702b1d,212,,,,MACOSX_METADATA_EXCLUDED,__MACOSX metadata member; excluded from data-tree binding
用户风险接受的候选数据审计,Battery raw data/RPT Data/33. 45┬░C #9/0.csv,RPT Data/33. 45°C #9/0.csv,bfa06a20,2656128,/Users/wanghaoming/Public/SOC电池数据中心/SOC电池数据中心/Battery raw data/RPT Data/33. 45°C #9/0.csv,2656128,bfa06a20,PASS,RISK_ACCEPTED_SOURCE_BINDING; ZIP mojibake sequence ┬░ normalized to extracted ° when present
用户风险接受的候选数据审计,__MACOSX/Battery raw data/RPT Data/33. 45┬░C #9/._0.csv,,c7702b1d,212,,,,MACOSX_METADATA_EXCLUDED,__MACOSX metadata member; excluded from data-tree binding
用户风险接受的候选数据审计,Battery raw data/RPT Data/33. 45┬░C #9/1.csv,RPT Data/33. 45°C #9/1.csv,848f4c96,2551990,/Users/wanghaoming/Public/SOC电池数据中心/SOC电池数据中心/Battery raw data/RPT Data/33. 45°C #9/1.csv,2551990,848f4c96,PASS,RISK_ACCEPTED_SOURCE_BINDING; ZIP mojibake sequence ┬░ normalized to extracted ° when present
用户风险接受的候选数据审计,__MACOSX/Battery raw data/RPT Data/33. 45┬░C #9/._1.csv,,c7702b1d,212,,,,MACOSX_METADATA_EXCLUDED,__MACOSX metadata member; excluded from data-tree binding
用户风险接受的候选数据审计,Battery raw data/RPT Data/33. 45┬░C #9/3.csv,RPT Data/33. 45°C #9/3.csv,c25a94ca,2436558,/Users/wanghaoming/Public/SOC电池数据中心/SOC电池数据中心/Battery raw data/RPT Data/33. 45°C #9/3.csv,2436558,c25a94ca,PASS,RISK_ACCEPTED_SOURCE_BINDING; ZIP mojibake sequence ┬░ normalized to extracted ° when present
用户风险接受的候选数据审计,__MACOSX/Battery raw data/RPT Data/33. 45┬░C #9/._3.csv,,c7702b1d,212,,,,MACOSX_METADATA_EXCLUDED,__MACOSX metadata member; excluded from data-tree binding
用户风险接受的候选数据审计,Battery raw data/RPT Data/33. 45┬░C #9/2.csv,RPT Data/33. 45°C #9/2.csv,b8e65f0a,2481733,/Users/wanghaoming/Public/SOC电池数据中心/SOC电池数据中心/Battery raw data/RPT Data/33. 45°C #9/2.csv,2481733,b8e65f0a,PASS,RISK_ACCEPTED_SOURCE_BINDING; ZIP mojibake sequence ┬░ normalized to extracted ° when present
用户风险接受的候选数据审计,__MACOSX/Battery raw data/RPT Data/33. 45┬░C #9/._2.csv,,c7702b1d,212,,,,MACOSX_METADATA_EXCLUDED,__MACOSX metadata member; excluded from data-tree binding
用户风险接受的候选数据审计,Battery raw data/RPT Data/11. HIGH C@ 25┬░C #3/4.csv,RPT Data/11. HIGH C@ 25°C #3/4.csv,a869b88c,2306614,/Users/wanghaoming/Public/SOC电池数据中心/SOC电池数据中心/Battery raw data/RPT Data/11. HIGH C@ 25°C #3/4.csv,2306614,a869b88c,PASS,RISK_ACCEPTED_SOURCE_BINDING; ZIP mojibake sequence ┬░ normalized to extracted ° when present
用户风险接受的候选数据审计,__MACOSX/Battery raw data/RPT Data/11. HIGH C@ 25┬░C #3/._4.csv,,c7702b1d,212,,,,MACOSX_METADATA_EXCLUDED,__MACOSX metadata member; excluded from data-tree binding
用户风险接受的候选数据审计,Battery raw data/RPT Data/11. HIGH C@ 25┬░C #3/0.csv,RPT Data/11. HIGH C@ 25°C #3/0.csv,bc511a92,2682839,/Users/wanghaoming/Public/SOC电池数据中心/SOC电池数据中心/Battery raw data/RPT Data/11. HIGH C@ 25°C #3/0.csv,2682839,bc511a92,PASS,RISK_ACCEPTED_SOURCE_BINDING; ZIP mojibake sequence ┬░ normalized to extracted ° when present
用户风险接受的候选数据审计,__MACOSX/Battery raw data/RPT Data/11. HIGH C@ 25┬░C #3/._0.csv,,c7702b1d,212,,,,MACOSX_METADATA_EXCLUDED,__MACOSX metadata member; excluded from data-tree binding
用户风险接受的候选数据审计,Battery raw data/RPT Data/11. HIGH C@ 25┬░C #3/1.csv,RPT Data/11. HIGH C@ 25°C #3/1.csv,1c04309e,2528124,/Users/wanghaoming/Public/SOC电池数据中心/SOC电池数据中心/Battery raw data/RPT Data/11. HIGH C@ 25°C #3/1.csv,2528124,1c04309e,PASS,RISK_ACCEPTED_SOURCE_BINDING; ZIP mojibake sequence ┬░ normalized to extracted ° when present
用户风险接受的候选数据审计,__MACOSX/Battery raw data/RPT Data/11. HIGH C@ 25┬░C #3/._1.csv,,c7702b1d,212,,,,MACOSX_METADATA_EXCLUDED,__MACOSX metadata member; excluded from data-tree binding
用户风险接受的候选数据审计,Battery raw data/RPT Data/11. HIGH C@ 25┬░C #3/3.csv,RPT Data/11. HIGH C@ 25°C #3/3.csv,dc13049b,2343498,/Users/wanghaoming/Public/SOC电池数据中心/SOC电池数据中心/Battery raw data/RPT Data/11. HIGH C@ 25°C #3/3.csv,2343498,dc13049b,PASS,RISK_ACCEPTED_SOURCE_BINDING; ZIP mojibake sequence ┬░ normalized to extracted ° when present
用户风险接受的候选数据审计,__MACOSX/Battery raw data/RPT Data/11. HIGH C@ 25┬░C #3/._3.csv,,c7702b1d,212,,,,MACOSX_METADATA_EXCLUDED,__MACOSX metadata member; excluded from data-tree binding
用户风险接受的候选数据审计,Battery raw data/RPT Data/11. HIGH C@ 25┬░C #3/2.csv,RPT Data/11. HIGH C@ 25°C #3/2.csv,2e5d7d93,2427333,/Users/wanghaoming/Public/SOC电池数据中心/SOC电池数据中心/Battery raw data/RPT Data/11. HIGH C@ 25°C #3/2.csv,2427333,2e5d7d93,PASS,RISK_ACCEPTED_SOURCE_BINDING; ZIP mojibake sequence ┬░ normalized to extracted ° when present
用户风险接受的候选数据审计,__MACOSX/Battery raw data/RPT Data/11. HIGH C@ 25┬░C #3/._2.csv,,c7702b1d,212,,,,MACOSX_METADATA_EXCLUDED,__MACOSX metadata member; excluded from data-tree binding
用户风险接受的候选数据审计,Battery raw data/RPT Data/25. 45┬░C #1/6.csv,RPT Data/25. 45°C #1/6.csv,c97e17d7,2362469,/Users/wanghaoming/Public/SOC电池数据中心/SOC电池数据中心/Battery raw data/RPT Data/25. 45°C #1/6.csv,2362469,c97e17d7,PASS,RISK_ACCEPTED_SOURCE_BINDING; ZIP mojibake sequence ┬░ normalized to extracted ° when present
用户风险接受的候选数据审计,__MACOSX/Battery raw data/RPT Data/25. 45┬░C #1/._6.csv,,c7702b1d,212,,,,MACOSX_METADATA_EXCLUDED,__MACOSX metadata member; excluded from data-tree binding
用户风险接受的候选数据审计,Battery raw data/RPT Data/25. 45┬░C #1/7.csv,RPT Data/25. 45°C #1/7.csv,08cc2ac3,2343803,/Users/wanghaoming/Public/SOC电池数据中心/SOC电池数据中心/Battery raw data/RPT Data/25. 45°C #1/7.csv,2343803,08cc2ac3,PASS,RISK_ACCEPTED_SOURCE_BINDING; ZIP mojibake sequence ┬░ normalized to extracted ° when present
用户风险接受的候选数据审计,__MACOSX/Battery raw data/RPT Data/25. 45┬░C #1/._7.csv,,c7702b1d,212,,,,MACOSX_METADATA_EXCLUDED,__MACOSX metadata member; excluded from data-tree binding
用户风险接受的候选数据审计,Battery raw data/RPT Data/25. 45┬░C #1/5.csv,RPT Data/25. 45°C #1/5.csv,9377bfef,2319847,/Users/wanghaoming/Public/SOC电池数据中心/SOC电池数据中心/Battery raw data/RPT Data/25. 45°C #1/5.csv,2319847,9377bfef,PASS,RISK_ACCEPTED_SOURCE_BINDING; ZIP mojibake sequence ┬░ normalized to extracted ° when present
用户风险接受的候选数据审计,__MACOSX/Battery raw data/RPT Data/25. 45┬░C #1/._5.csv,,c7702b1d,212,,,,MACOSX_METADATA_EXCLUDED,__MACOSX metadata member; excluded from data-tree binding
用户风险接受的候选数据审计,Battery raw data/RPT Data/25. 45┬░C #1/4.csv,RPT Data/25. 45°C #1/4.csv,d70b8120,2395783,/Users/wanghaoming/Public/SOC电池数据中心/SOC电池数据中心/Battery raw data/RPT Data/25. 45°C #1/4.csv,2395783,d70b8120,PASS,RISK_ACCEPTED_SOURCE_BINDING; ZIP mojibake sequence ┬░ normalized to extracted ° when present
用户风险接受的候选数据审计,__MACOSX/Battery raw data/RPT Data/25. 45┬░C #1/._4.csv,,c7702b1d,212,,,,MACOSX_METADATA_EXCLUDED,__MACOSX metadata member; excluded from data-tree binding
用户风险接受的候选数据审计,Battery raw data/RPT Data/25. 45┬░C #1/0.csv,RPT Data/25. 45°C #1/0.csv,908172fa,2653888,/Users/wanghaoming/Public/SOC电池数据中心/SOC电池数据中心/Battery raw data/RPT Data/25. 45°C #1/0.csv,2653888,908172fa,PASS,RISK_ACCEPTED_SOURCE_BINDING; ZIP mojibake sequence ┬░ normalized to extracted ° when present
用户风险接受的候选数据审计,__MACOSX/Battery raw data/RPT Data/25. 45┬░C #1/._0.csv,,c7702b1d,212,,,,MACOSX_METADATA_EXCLUDED,__MACOSX metadata member; excluded from data-tree binding
用户风险接受的候选数据审计,Battery raw data/RPT Data/25. 45┬░C #1/1.csv,RPT Data/25. 45°C #1/1.csv,deae3541,2553091,/Users/wanghaoming/Public/SOC电池数据中心/SOC电池数据中心/Battery raw data/RPT Data/25. 45°C #1/1.csv,2553091,deae3541,PASS,RISK_ACCEPTED_SOURCE_BINDING; ZIP mojibake sequence ┬░ normalized to extracted ° when present
用户风险接受的候选数据审计,__MACOSX/Battery raw data/RPT Data/25. 45┬░C #1/._1.csv,,c7702b1d,212,,,,MACOSX_METADATA_EXCLUDED,__MACOSX metadata member; excluded from data-tree binding
用户风险接受的候选数据审计,Battery raw data/RPT Data/25. 45┬░C #1/3.csv,RPT Data/25. 45°C #1/3.csv,27ee7615,2440324,/Users/wanghaoming/Public/SOC电池数据中心/SOC电池数据中心/Battery raw data/RPT Data/25. 45°C #1/3.csv,2440324,27ee7615,PASS,RISK_ACCEPTED_SOURCE_BINDING; ZIP mojibake sequence ┬░ normalized to extracted ° when present
用户风险接受的候选数据审计,__MACOSX/Battery raw data/RPT Data/25. 45┬░C #1/._3.csv,,c7702b1d,212,,,,MACOSX_METADATA_EXCLUDED,__MACOSX metadata member; excluded from data-tree binding
用户风险接受的候选数据审计,Battery raw data/RPT Data/25. 45┬░C #1/2.csv,RPT Data/25. 45°C #1/2.csv,84b33761,2481287,/Users/wanghaoming/Public/SOC电池数据中心/SOC电池数据中心/Battery raw data/RPT Data/25. 45°C #1/2.csv,2481287,84b33761,PASS,RISK_ACCEPTED_SOURCE_BINDING; ZIP mojibake sequence ┬░ normalized to extracted ° when present
用户风险接受的候选数据审计,__MACOSX/Battery raw data/RPT Data/25. 45┬░C #1/._2.csv,,c7702b1d,212,,,,MACOSX_METADATA_EXCLUDED,__MACOSX metadata member; excluded from data-tree binding
用户风险接受的候选数据审计,Battery raw data/RPT Data/4. LOW C@ 25┬░C #4/6.csv,RPT Data/4. LOW C@ 25°C #4/6.csv,06acd4f0,2390700,/Users/wanghaoming/Public/SOC电池数据中心/SOC电池数据中心/Battery raw data/RPT Data/4. LOW C@ 25°C #4/6.csv,2390700,06acd4f0,PASS,RISK_ACCEPTED_SOURCE_BINDING; ZIP mojibake sequence ┬░ normalized to extracted ° when present
用户风险接受的候选数据审计,__MACOSX/Battery raw data/RPT Data/4. LOW C@ 25┬░C #4/._6.csv,,c7702b1d,212,,,,MACOSX_METADATA_EXCLUDED,__MACOSX metadata member; excluded from data-tree binding
用户风险接受的候选数据审计,Battery raw data/RPT Data/4. LOW C@ 25┬░C #4/5.csv,RPT Data/4. LOW C@ 25°C #4/5.csv,598f0ce1,2420074,/Users/wanghaoming/Public/SOC电池数据中心/SOC电池数据中心/Battery raw data/RPT Data/4. LOW C@ 25°C #4/5.csv,2420074,598f0ce1,PASS,RISK_ACCEPTED_SOURCE_BINDING; ZIP mojibake sequence ┬░ normalized to extracted ° when present
用户风险接受的候选数据审计,__MACOSX/Battery raw data/RPT Data/4. LOW C@ 25┬░C #4/._5.csv,,c7702b1d,212,,,,MACOSX_METADATA_EXCLUDED,__MACOSX metadata member; excluded from data-tree binding
用户风险接受的候选数据审计,Battery raw data/RPT Data/4. LOW C@ 25┬░C #4/4.csv,RPT Data/4. LOW C@ 25°C #4/4.csv,0a103c81,2361447,/Users/wanghaoming/Public/SOC电池数据中心/SOC电池数据中心/Battery raw data/RPT Data/4. LOW C@ 25°C #4/4.csv,2361447,0a103c81,PASS,RISK_ACCEPTED_SOURCE_BINDING; ZIP mojibake sequence ┬░ normalized to extracted ° when present
用户风险接受的候选数据审计,__MACOSX/Battery raw data/RPT Data/4. LOW C@ 25┬░C #4/._4.csv,,c7702b1d,212,,,,MACOSX_METADATA_EXCLUDED,__MACOSX metadata member; excluded from data-tree binding
用户风险接受的候选数据审计,Battery raw data/RPT Data/4. LOW C@ 25┬░C #4/0.csv,RPT Data/4. LOW C@ 25°C #4/0.csv,8ee91d9a,2683992,/Users/wanghaoming/Public/SOC电池数据中心/SOC电池数据中心/Battery raw data/RPT Data/4. LOW C@ 25°C #4/0.csv,2683992,8ee91d9a,PASS,RISK_ACCEPTED_SOURCE_BINDING; ZIP mojibake sequence ┬░ normalized to extracted ° when present
用户风险接受的候选数据审计,__MACOSX/Battery raw data/RPT Data/4. LOW C@ 25┬░C #4/._0.csv,,c7702b1d,212,,,,MACOSX_METADATA_EXCLUDED,__MACOSX metadata member; excluded from data-tree binding
用户风险接受的候选数据审计,Battery raw data/RPT Data/4. LOW C@ 25┬░C #4/1.csv,RPT Data/4. LOW C@ 25°C #4/1.csv,d524997d,2529071,/Users/wanghaoming/Public/SOC电池数据中心/SOC电池数据中心/Battery raw data/RPT Data/4. LOW C@ 25°C #4/1.csv,2529071,d524997d,PASS,RISK_ACCEPTED_SOURCE_BINDING; ZIP mojibake sequence ┬░ normalized to extracted ° when present
用户风险接受的候选数据审计,__MACOSX/Battery raw data/RPT Data/4. LOW C@ 25┬░C #4/._1.csv,,c7702b1d,212,,,,MACOSX_METADATA_EXCLUDED,__MACOSX metadata member; excluded from data-tree binding
用户风险接受的候选数据审计,Battery raw data/RPT Data/4. LOW C@ 25┬░C #4/3.csv,RPT Data/4. LOW C@ 25°C #4/3.csv,67cbb389,2387357,/Users/wanghaoming/Public/SOC电池数据中心/SOC电池数据中心/Battery raw data/RPT Data/4. LOW C@ 25°C #4/3.csv,2387357,67cbb389,PASS,RISK_ACCEPTED_SOURCE_BINDING; ZIP mojibake sequence ┬░ normalized to extracted ° when present
用户风险接受的候选数据审计,__MACOSX/Battery raw data/RPT Data/4. LOW C@ 25┬░C #4/._3.csv,,c7702b1d,212,,,,MACOSX_METADATA_EXCLUDED,__MACOSX metadata member; excluded from data-tree binding
用户风险接受的候选数据审计,Battery raw data/RPT Data/4. LOW C@ 25┬░C #4/2.csv,RPT Data/4. LOW C@ 25°C #4/2.csv,dfde4418,2452754,/Users/wanghaoming/Public/SOC电池数据中心/SOC电池数据中心/Battery raw data/RPT Data/4. LOW C@ 25°C #4/2.csv,2452754,dfde4418,PASS,RISK_ACCEPTED_SOURCE_BINDING; ZIP mojibake sequence ┬░ normalized to extracted ° when present
用户风险接受的候选数据审计,__MACOSX/Battery raw data/RPT Data/4. LOW C@ 25┬░C #4/._2.csv,,c7702b1d,212,,,,MACOSX_METADATA_EXCLUDED,__MACOSX metadata member; excluded from data-tree binding
用户风险接受的候选数据审计,Battery raw data/RPT Data/38. 60┬░C #2/4.csv,RPT Data/38. 60°C #2/4.csv,e2518a9e,2262335,/Users/wanghaoming/Public/SOC电池数据中心/SOC电池数据中心/Battery raw data/RPT Data/38. 60°C #2/4.csv,2262335,e2518a9e,PASS,RISK_ACCEPTED_SOURCE_BINDING; ZIP mojibake sequence ┬░ normalized to extracted ° when present
用户风险接受的候选数据审计,__MACOSX/Battery raw data/RPT Data/38. 60┬░C #2/._4.csv,,c7702b1d,212,,,,MACOSX_METADATA_EXCLUDED,__MACOSX metadata member; excluded from data-tree binding
用户风险接受的候选数据审计,Battery raw data/RPT Data/38. 60┬░C #2/0.csv,RPT Data/38. 60°C #2/0.csv,a2323f2b,2675557,/Users/wanghaoming/Public/SOC电池数据中心/SOC电池数据中心/Battery raw data/RPT Data/38. 60°C #2/0.csv,2675557,a2323f2b,PASS,RISK_ACCEPTED_SOURCE_BINDING; ZIP mojibake sequence ┬░ normalized to extracted ° when present
用户风险接受的候选数据审计,__MACOSX/Battery raw data/RPT Data/38. 60┬░C #2/._0.csv,,c7702b1d,212,,,,MACOSX_METADATA_EXCLUDED,__MACOSX metadata member; excluded from data-tree binding
用户风险接受的候选数据审计,Battery raw data/RPT Data/38. 60┬░C #2/1.csv,RPT Data/38. 60°C #2/1.csv,cd26df22,2532458,/Users/wanghaoming/Public/SOC电池数据中心/SOC电池数据中心/Battery raw data/RPT Data/38. 60°C #2/1.csv,2532458,cd26df22,PASS,RISK_ACCEPTED_SOURCE_BINDING; ZIP mojibake sequence ┬░ normalized to extracted ° when present
用户风险接受的候选数据审计,__MACOSX/Battery raw data/RPT Data/38. 60┬░C #2/._1.csv,,c7702b1d,212,,,,MACOSX_METADATA_EXCLUDED,__MACOSX metadata member; excluded from data-tree binding
用户风险接受的候选数据审计,Battery raw data/RPT Data/38. 60┬░C #2/3.csv,RPT Data/38. 60°C #2/3.csv,249febf5,2348123,/Users/wanghaoming/Public/SOC电池数据中心/SOC电池数据中心/Battery raw data/RPT Data/38. 60°C #2/3.csv,2348123,249febf5,PASS,RISK_ACCEPTED_SOURCE_BINDING; ZIP mojibake sequence ┬░ normalized to extracted ° when present
用户风险接受的候选数据审计,__MACOSX/Battery raw data/RPT Data/38. 60┬░C #2/._3.csv,,c7702b1d,212,,,,MACOSX_METADATA_EXCLUDED,__MACOSX metadata member; excluded from data-tree binding
用户风险接受的候选数据审计,Battery raw data/RPT Data/38. 60┬░C #2/2.csv,RPT Data/38. 60°C #2/2.csv,c7a804ca,2322264,/Users/wanghaoming/Public/SOC电池数据中心/SOC电池数据中心/Battery raw data/RPT Data/38. 60°C #2/2.csv,2322264,c7a804ca,PASS,RISK_ACCEPTED_SOURCE_BINDING; ZIP mojibake sequence ┬░ normalized to extracted ° when present
用户风险接受的候选数据审计,__MACOSX/Battery raw data/RPT Data/38. 60┬░C #2/._2.csv,,c7702b1d,212,,,,MACOSX_METADATA_EXCLUDED,__MACOSX metadata member; excluded from data-tree binding
用户风险接受的候选数据审计,Battery raw data/RPT Data/46. 60┬░C #10/5.csv,RPT Data/46. 60°C #10/5.csv,2b3eb8b2,2379187,/Users/wanghaoming/Public/SOC电池数据中心/SOC电池数据中心/Battery raw data/RPT Data/46. 60°C #10/5.csv,2379187,2b3eb8b2,PASS,RISK_ACCEPTED_SOURCE_BINDING; ZIP mojibake sequence ┬░ normalized to extracted ° when present
用户风险接受的候选数据审计,__MACOSX/Battery raw data/RPT Data/46. 60┬░C #10/._5.csv,,c7702b1d,212,,,,MACOSX_METADATA_EXCLUDED,__MACOSX metadata member; excluded from data-tree binding
用户风险接受的候选数据审计,Battery raw data/RPT Data/46. 60┬░C #10/4.csv,RPT Data/46. 60°C #10/4.csv,9fe8f974,2292322,/Users/wanghaoming/Public/SOC电池数据中心/SOC电池数据中心/Battery raw data/RPT Data/46. 60°C #10/4.csv,2292322,9fe8f974,PASS,RISK_ACCEPTED_SOURCE_BINDING; ZIP mojibake sequence ┬░ normalized to extracted ° when present
用户风险接受的候选数据审计,__MACOSX/Battery raw data/RPT Data/46. 60┬░C #10/._4.csv,,c7702b1d,212,,,,MACOSX_METADATA_EXCLUDED,__MACOSX metadata member; excluded from data-tree binding
用户风险接受的候选数据审计,Battery raw data/RPT Data/46. 60┬░C #10/0.csv,RPT Data/46. 60°C #10/0.csv,8e9cc945,2690876,/Users/wanghaoming/Public/SOC电池数据中心/SOC电池数据中心/Battery raw data/RPT Data/46. 60°C #10/0.csv,2690876,8e9cc945,PASS,RISK_ACCEPTED_SOURCE_BINDING; ZIP mojibake sequence ┬░ normalized to extracted ° when present
用户风险接受的候选数据审计,__MACOSX/Battery raw data/RPT Data/46. 60┬░C #10/._0.csv,,c7702b1d,212,,,,MACOSX_METADATA_EXCLUDED,__MACOSX metadata member; excluded from data-tree binding
用户风险接受的候选数据审计,Battery raw data/RPT Data/46. 60┬░C #10/1.csv,RPT Data/46. 60°C #10/1.csv,08c4afab,2541573,/Users/wanghaoming/Public/SOC电池数据中心/SOC电池数据中心/Battery raw data/RPT Data/46. 60°C #10/1.csv,2541573,08c4afab,PASS,RISK_ACCEPTED_SOURCE_BINDING; ZIP mojibake sequence ┬░ normalized to extracted ° when present
用户风险接受的候选数据审计,__MACOSX/Battery raw data/RPT Data/46. 60┬░C #10/._1.csv,,c7702b1d,212,,,,MACOSX_METADATA_EXCLUDED,__MACOSX metadata member; excluded from data-tree binding
用户风险接受的候选数据审计,Battery raw data/RPT Data/46. 60┬░C #10/3.csv,RPT Data/46. 60°C #10/3.csv,313ec340,2378242,/Users/wanghaoming/Public/SOC电池数据中心/SOC电池数据中心/Battery raw data/RPT Data/46. 60°C #10/3.csv,2378242,313ec340,PASS,RISK_ACCEPTED_SOURCE_BINDING; ZIP mojibake sequence ┬░ normalized to extracted ° when present
用户风险接受的候选数据审计,__MACOSX/Battery raw data/RPT Data/46. 60┬░C #10/._3.csv,,c7702b1d,212,,,,MACOSX_METADATA_EXCLUDED,__MACOSX metadata member; excluded from data-tree binding
用户风险接受的候选数据审计,Battery raw data/RPT Data/46. 60┬░C #10/2.csv,RPT Data/46. 60°C #10/2.csv,0af01bba,2281367,/Users/wanghaoming/Public/SOC电池数据中心/SOC电池数据中心/Battery raw data/RPT Data/46. 60°C #10/2.csv,2281367,0af01bba,PASS,RISK_ACCEPTED_SOURCE_BINDING; ZIP mojibake sequence ┬░ normalized to extracted ° when present
用户风险接受的候选数据审计,__MACOSX/Battery raw data/RPT Data/46. 60┬░C #10/._2.csv,,c7702b1d,212,,,,MACOSX_METADATA_EXCLUDED,__MACOSX metadata member; excluded from data-tree binding
用户风险接受的候选数据审计,Battery raw data/RPT Data/59. HIGH C@ 10┬░C #3/4.csv,RPT Data/59. HIGH C@ 10°C #3/4.csv,54ba4c56,2211604,/Users/wanghaoming/Public/SOC电池数据中心/SOC电池数据中心/Battery raw data/RPT Data/59. HIGH C@ 10°C #3/4.csv,2211604,54ba4c56,PASS,RISK_ACCEPTED_SOURCE_BINDING; ZIP mojibake sequence ┬░ normalized to extracted ° when present
用户风险接受的候选数据审计,__MACOSX/Battery raw data/RPT Data/59. HIGH C@ 10┬░C #3/._4.csv,,c7702b1d,212,,,,MACOSX_METADATA_EXCLUDED,__MACOSX metadata member; excluded from data-tree binding
用户风险接受的候选数据审计,Battery raw data/RPT Data/59. HIGH C@ 10┬░C #3/0.csv,RPT Data/59. HIGH C@ 10°C #3/0.csv,809e0e40,2740054,/Users/wanghaoming/Public/SOC电池数据中心/SOC电池数据中心/Battery raw data/RPT Data/59. HIGH C@ 10°C #3/0.csv,2740054,809e0e40,PASS,RISK_ACCEPTED_SOURCE_BINDING; ZIP mojibake sequence ┬░ normalized to extracted ° when present
用户风险接受的候选数据审计,__MACOSX/Battery raw data/RPT Data/59. HIGH C@ 10┬░C #3/._0.csv,,c7702b1d,212,,,,MACOSX_METADATA_EXCLUDED,__MACOSX metadata member; excluded from data-tree binding
用户风险接受的候选数据审计,Battery raw data/RPT Data/59. HIGH C@ 10┬░C #3/1.csv,RPT Data/59. HIGH C@ 10°C #3/1.csv,a4b7e3c1,2669556,/Users/wanghaoming/Public/SOC电池数据中心/SOC电池数据中心/Battery raw data/RPT Data/59. HIGH C@ 10°C #3/1.csv,2669556,a4b7e3c1,PASS,RISK_ACCEPTED_SOURCE_BINDING; ZIP mojibake sequence ┬░ normalized to extracted ° when present
用户风险接受的候选数据审计,__MACOSX/Battery raw data/RPT Data/59. HIGH C@ 10┬░C #3/._1.csv,,c7702b1d,212,,,,MACOSX_METADATA_EXCLUDED,__MACOSX metadata member; excluded from data-tree binding
用户风险接受的候选数据审计,Battery raw data/RPT Data/59. HIGH C@ 10┬░C #3/3.csv,RPT Data/59. HIGH C@ 10°C #3/3.csv,c6b718b8,2341848,/Users/wanghaoming/Public/SOC电池数据中心/SOC电池数据中心/Battery raw data/RPT Data/59. HIGH C@ 10°C #3/3.csv,2341848,c6b718b8,PASS,RISK_ACCEPTED_SOURCE_BINDING; ZIP mojibake sequence ┬░ normalized to extracted ° when present
用户风险接受的候选数据审计,__MACOSX/Battery raw data/RPT Data/59. HIGH C@ 10┬░C #3/._3.csv,,c7702b1d,212,,,,MACOSX_METADATA_EXCLUDED,__MACOSX metadata member; excluded from data-tree binding
用户风险接受的候选数据审计,Battery raw data/RPT Data/59. HIGH C@ 10┬░C #3/2.csv,RPT Data/59. HIGH C@ 10°C #3/2.csv,68eb999b,2584893,/Users/wanghaoming/Public/SOC电池数据中心/SOC电池数据中心/Battery raw data/RPT Data/59. HIGH C@ 10°C #3/2.csv,2584893,68eb999b,PASS,RISK_ACCEPTED_SOURCE_BINDING; ZIP mojibake sequence ┬░ normalized to extracted ° when present
用户风险接受的候选数据审计,__MACOSX/Battery raw data/RPT Data/59. HIGH C@ 10┬░C #3/._2.csv,,c7702b1d,212,,,,MACOSX_METADATA_EXCLUDED,__MACOSX metadata member; excluded from data-tree binding
用户风险接受的候选数据审计,Battery raw data/RPT Data/39. 60┬░C #3/4.csv,RPT Data/39. 60°C #3/4.csv,d8c05c87,2262411,/Users/wanghaoming/Public/SOC电池数据中心/SOC电池数据中心/Battery raw data/RPT Data/39. 60°C #3/4.csv,2262411,d8c05c87,PASS,RISK_ACCEPTED_SOURCE_BINDING; ZIP mojibake sequence ┬░ normalized to extracted ° when present
用户风险接受的候选数据审计,__MACOSX/Battery raw data/RPT Data/39. 60┬░C #3/._4.csv,,c7702b1d,212,,,,MACOSX_METADATA_EXCLUDED,__MACOSX metadata member; excluded from data-tree binding
用户风险接受的候选数据审计,Battery raw data/RPT Data/39. 60┬░C #3/0.csv,RPT Data/39. 60°C #3/0.csv,7ecd6e82,2692810,/Users/wanghaoming/Public/SOC电池数据中心/SOC电池数据中心/Battery raw data/RPT Data/39. 60°C #3/0.csv,2692810,7ecd6e82,PASS,RISK_ACCEPTED_SOURCE_BINDING; ZIP mojibake sequence ┬░ normalized to extracted ° when present
用户风险接受的候选数据审计,__MACOSX/Battery raw data/RPT Data/39. 60┬░C #3/._0.csv,,c7702b1d,212,,,,MACOSX_METADATA_EXCLUDED,__MACOSX metadata member; excluded from data-tree binding
用户风险接受的候选数据审计,Battery raw data/RPT Data/39. 60┬░C #3/1.csv,RPT Data/39. 60°C #3/1.csv,1f330b37,2537042,/Users/wanghaoming/Public/SOC电池数据中心/SOC电池数据中心/Battery raw data/RPT Data/39. 60°C #3/1.csv,2537042,1f330b37,PASS,RISK_ACCEPTED_SOURCE_BINDING; ZIP mojibake sequence ┬░ normalized to extracted ° when present
用户风险接受的候选数据审计,__MACOSX/Battery raw data/RPT Data/39. 60┬░C #3/._1.csv,,c7702b1d,212,,,,MACOSX_METADATA_EXCLUDED,__MACOSX metadata member; excluded from data-tree binding
用户风险接受的候选数据审计,Battery raw data/RPT Data/39. 60┬░C #3/3.csv,RPT Data/39. 60°C #3/3.csv,14b23c38,2346735,/Users/wanghaoming/Public/SOC电池数据中心/SOC电池数据中心/Battery raw data/RPT Data/39. 60°C #3/3.csv,2346735,14b23c38,PASS,RISK_ACCEPTED_SOURCE_BINDING; ZIP mojibake sequence ┬░ normalized to extracted ° when present
用户风险接受的候选数据审计,__MACOSX/Battery raw data/RPT Data/39. 60┬░C #3/._3.csv,,c7702b1d,212,,,,MACOSX_METADATA_EXCLUDED,__MACOSX metadata member; excluded from data-tree binding
用户风险接受的候选数据审计,Battery raw data/RPT Data/39. 60┬░C #3/2.csv,RPT Data/39. 60°C #3/2.csv,2f933534,2320204,/Users/wanghaoming/Public/SOC电池数据中心/SOC电池数据中心/Battery raw data/RPT Data/39. 60°C #3/2.csv,2320204,2f933534,PASS,RISK_ACCEPTED_SOURCE_BINDING; ZIP mojibake sequence ┬░ normalized to extracted ° when present
用户风险接受的候选数据审计,__MACOSX/Battery raw data/RPT Data/39. 60┬░C #3/._2.csv,,c7702b1d,212,,,,MACOSX_METADATA_EXCLUDED,__MACOSX metadata member; excluded from data-tree binding
用户风险接受的候选数据审计,Battery raw data/RPT Data/16. 1V@ 25┬░C #4/4.csv,RPT Data/16. 1V@ 25°C #4/4.csv,9818f261,2201025,/Users/wanghaoming/Public/SOC电池数据中心/SOC电池数据中心/Battery raw data/RPT Data/16. 1V@ 25°C #4/4.csv,2201025,9818f261,PASS,RISK_ACCEPTED_SOURCE_BINDING; ZIP mojibake sequence ┬░ normalized to extracted ° when present
用户风险接受的候选数据审计,__MACOSX/Battery raw data/RPT Data/16. 1V@ 25┬░C #4/._4.csv,,c7702b1d,212,,,,MACOSX_METADATA_EXCLUDED,__MACOSX metadata member; excluded from data-tree binding
用户风险接受的候选数据审计,Battery raw data/RPT Data/16. 1V@ 25┬░C #4/0.csv,RPT Data/16. 1V@ 25°C #4/0.csv,1747dff8,2686226,/Users/wanghaoming/Public/SOC电池数据中心/SOC电池数据中心/Battery raw data/RPT Data/16. 1V@ 25°C #4/0.csv,2686226,1747dff8,PASS,RISK_ACCEPTED_SOURCE_BINDING; ZIP mojibake sequence ┬░ normalized to extracted ° when present
用户风险接受的候选数据审计,__MACOSX/Battery raw data/RPT Data/16. 1V@ 25┬░C #4/._0.csv,,c7702b1d,212,,,,MACOSX_METADATA_EXCLUDED,__MACOSX metadata member; excluded from data-tree binding
用户风险接受的候选数据审计,Battery raw data/RPT Data/16. 1V@ 25┬░C #4/1.csv,RPT Data/16. 1V@ 25°C #4/1.csv,7e7e215c,2542139,/Users/wanghaoming/Public/SOC电池数据中心/SOC电池数据中心/Battery raw data/RPT Data/16. 1V@ 25°C #4/1.csv,2542139,7e7e215c,PASS,RISK_ACCEPTED_SOURCE_BINDING; ZIP mojibake sequence ┬░ normalized to extracted ° when present
用户风险接受的候选数据审计,__MACOSX/Battery raw data/RPT Data/16. 1V@ 25┬░C #4/._1.csv,,c7702b1d,212,,,,MACOSX_METADATA_EXCLUDED,__MACOSX metadata member; excluded from data-tree binding
用户风险接受的候选数据审计,Battery raw data/RPT Data/16. 1V@ 25┬░C #4/3.csv,RPT Data/16. 1V@ 25°C #4/3.csv,2bd2b29b,2306142,/Users/wanghaoming/Public/SOC电池数据中心/SOC电池数据中心/Battery raw data/RPT Data/16. 1V@ 25°C #4/3.csv,2306142,2bd2b29b,PASS,RISK_ACCEPTED_SOURCE_BINDING; ZIP mojibake sequence ┬░ normalized to extracted ° when present
用户风险接受的候选数据审计,__MACOSX/Battery raw data/RPT Data/16. 1V@ 25┬░C #4/._3.csv,,c7702b1d,212,,,,MACOSX_METADATA_EXCLUDED,__MACOSX metadata member; excluded from data-tree binding
用户风险接受的候选数据审计,Battery raw data/RPT Data/16. 1V@ 25┬░C #4/2.csv,RPT Data/16. 1V@ 25°C #4/2.csv,a7349dd3,2433433,/Users/wanghaoming/Public/SOC电池数据中心/SOC电池数据中心/Battery raw data/RPT Data/16. 1V@ 25°C #4/2.csv,2433433,a7349dd3,PASS,RISK_ACCEPTED_SOURCE_BINDING; ZIP mojibake sequence ┬░ normalized to extracted ° when present
用户风险接受的候选数据审计,__MACOSX/Battery raw data/RPT Data/16. 1V@ 25┬░C #4/._2.csv,,c7702b1d,212,,,,MACOSX_METADATA_EXCLUDED,__MACOSX metadata member; excluded from data-tree binding
用户风险接受的候选数据审计,Battery raw data/Cycle Data/28. 45┬░C #4/1. CYC1-50_0.5C @45┬░C.csv,Cycle Data/28. 45°C #4/1. CYC1-50_0.5C @45°C.csv,2fa5b5e6,7398929,/Users/wanghaoming/Public/SOC电池数据中心/SOC电池数据中心/Battery raw data/Cycle Data/28. 45°C #4/1. CYC1-50_0.5C @45°C.csv,7398929,2fa5b5e6,PASS,RISK_ACCEPTED_SOURCE_BINDING; ZIP mojibake sequence ┬░ normalized to extracted ° when present
用户风险接受的候选数据审计,__MACOSX/Battery raw data/Cycle Data/28. 45┬░C #4/._1. CYC1-50_0.5C @45┬░C.csv,,c7702b1d,212,,,,MACOSX_METADATA_EXCLUDED,__MACOSX metadata member; excluded from data-tree binding
用户风险接受的候选数据审计,Battery raw data/Cycle Data/28. 45┬░C #4/7. CYC351-450 0.5C @45┬░C.csv,Cycle Data/28. 45°C #4/7. CYC351-450 0.5C @45°C.csv,297d89fa,12650022,/Users/wanghaoming/Public/SOC电池数据中心/SOC电池数据中心/Battery raw data/Cycle Data/28. 45°C #4/7. CYC351-450 0.5C @45°C.csv,12650022,297d89fa,PASS,RISK_ACCEPTED_SOURCE_BINDING; ZIP mojibake sequence ┬░ normalized to extracted ° when present
用户风险接受的候选数据审计,__MACOSX/Battery raw data/Cycle Data/28. 45┬░C #4/._7. CYC351-450 0.5C @45┬░C.csv,,c7702b1d,212,,,,MACOSX_METADATA_EXCLUDED,__MACOSX metadata member; excluded from data-tree binding
用户风险接受的候选数据审计,Battery raw data/Cycle Data/28. 45┬░C #4/2. CYC51-100_0.5C @45┬░C.csv,Cycle Data/28. 45°C #4/2. CYC51-100_0.5C @45°C.csv,a3abd499,7102345,/Users/wanghaoming/Public/SOC电池数据中心/SOC电池数据中心/Battery raw data/Cycle Data/28. 45°C #4/2. CYC51-100_0.5C @45°C.csv,7102345,a3abd499,PASS,RISK_ACCEPTED_SOURCE_BINDING; ZIP mojibake sequence ┬░ normalized to extracted ° when present
用户风险接受的候选数据审计,__MACOSX/Battery raw data/Cycle Data/28. 45┬░C #4/._2. CYC51-100_0.5C @45┬░C.csv,,c7702b1d,212,,,,MACOSX_METADATA_EXCLUDED,__MACOSX metadata member; excluded from data-tree binding
用户风险接受的候选数据审计,Battery raw data/Cycle Data/28. 45┬░C #4/4. CYC151-200_0.5C @45┬░C.csv,Cycle Data/28. 45°C #4/4. CYC151-200_0.5C @45°C.csv,f1e38905,6799410,/Users/wanghaoming/Public/SOC电池数据中心/SOC电池数据中心/Battery raw data/Cycle Data/28. 45°C #4/4. CYC151-200_0.5C @45°C.csv,6799410,f1e38905,PASS,RISK_ACCEPTED_SOURCE_BINDING; ZIP mojibake sequence ┬░ normalized to extracted ° when present
用户风险接受的候选数据审计,__MACOSX/Battery raw data/Cycle Data/28. 45┬░C #4/._4. CYC151-200_0.5C @45┬░C.csv,,c7702b1d,212,,,,MACOSX_METADATA_EXCLUDED,__MACOSX metadata member; excluded from data-tree binding
用户风险接受的候选数据审计,Battery raw data/Cycle Data/28. 45┬░C #4/3. CYC101-150_0.5C @45┬░C.csv,Cycle Data/28. 45°C #4/3. CYC101-150_0.5C @45°C.csv,7576fdbe,6957350,/Users/wanghaoming/Public/SOC电池数据中心/SOC电池数据中心/Battery raw data/Cycle Data/28. 45°C #4/3. CYC101-150_0.5C @45°C.csv,6957350,7576fdbe,PASS,RISK_ACCEPTED_SOURCE_BINDING; ZIP mojibake sequence ┬░ normalized to extracted ° when present
用户风险接受的候选数据审计,__MACOSX/Battery raw data/Cycle Data/28. 45┬░C #4/._3. CYC101-150_0.5C @45┬░C.csv,,c7702b1d,212,,,,MACOSX_METADATA_EXCLUDED,__MACOSX metadata member; excluded from data-tree binding
用户风险接受的候选数据审计,Battery raw data/Cycle Data/28. 45┬░C #4/6. CYC251-350 0.5C @45┬░C.csv,Cycle Data/28. 45°C #4/6. CYC251-350 0.5C @45°C.csv,e33a16de,13053182,/Users/wanghaoming/Public/SOC电池数据中心/SOC电池数据中心/Battery raw data/Cycle Data/28. 45°C #4/6. CYC251-350 0.5C @45°C.csv,13053182,e33a16de,PASS,RISK_ACCEPTED_SOURCE_BINDING; ZIP mojibake sequence ┬░ normalized to extracted ° when present
用户风险接受的候选数据审计,__MACOSX/Battery raw data/Cycle Data/28. 45┬░C #4/._6. CYC251-350 0.5C @45┬░C.csv,,c7702b1d,212,,,,MACOSX_METADATA_EXCLUDED,__MACOSX metadata member; excluded from data-tree binding
用户风险接受的候选数据审计,Battery raw data/Cycle Data/28. 45┬░C #4/5. CYC201-250_0.5C @45┬░C.csv,Cycle Data/28. 45°C #4/5. CYC201-250_0.5C @45°C.csv,8fb2e2ce,6659442,/Users/wanghaoming/Public/SOC电池数据中心/SOC电池数据中心/Battery raw data/Cycle Data/28. 45°C #4/5. CYC201-250_0.5C @45°C.csv,6659442,8fb2e2ce,PASS,RISK_ACCEPTED_SOURCE_BINDING; ZIP mojibake sequence ┬░ normalized to extracted ° when present
用户风险接受的候选数据审计,__MACOSX/Battery raw data/Cycle Data/28. 45┬░C #4/._5. CYC201-250_0.5C @45┬░C.csv,,c7702b1d,212,,,,MACOSX_METADATA_EXCLUDED,__MACOSX metadata member; excluded from data-tree binding
用户风险接受的候选数据审计,Battery raw data/Cycle Data/57. HIGH C@ 10┬░C #1/3. CYC 76-125_3C @10┬░C.csv,Cycle Data/57. HIGH C@ 10°C #1/3. CYC 76-125_3C @10°C.csv,bfad9054,1926659,/Users/wanghaoming/Public/SOC电池数据中心/SOC电池数据中心/Battery raw data/Cycle Data/57. HIGH C@ 10°C #1/3. CYC 76-125_3C @10°C.csv,1926659,bfad9054,PASS,RISK_ACCEPTED_SOURCE_BINDING; ZIP mojibake sequence ┬░ normalized to extracted ° when present
用户风险接受的候选数据审计,__MACOSX/Battery raw data/Cycle Data/57. HIGH C@ 10┬░C #1/._3. CYC 76-125_3C @10┬░C.csv,,c7702b1d,212,,,,MACOSX_METADATA_EXCLUDED,__MACOSX metadata member; excluded from data-tree binding
用户风险接受的候选数据审计,Battery raw data/Cycle Data/57. HIGH C@ 10┬░C #1/2. CYC 26-75_3C @10┬░C.csv,Cycle Data/57. HIGH C@ 10°C #1/2. CYC 26-75_3C @10°C.csv,61fa5fc9,2353481,/Users/wanghaoming/Public/SOC电池数据中心/SOC电池数据中心/Battery raw data/Cycle Data/57. HIGH C@ 10°C #1/2. CYC 26-75_3C @10°C.csv,2353481,61fa5fc9,PASS,RISK_ACCEPTED_SOURCE_BINDING; ZIP mojibake sequence ┬░ normalized to extracted ° when present
用户风险接受的候选数据审计,__MACOSX/Battery raw data/Cycle Data/57. HIGH C@ 10┬░C #1/._2. CYC 26-75_3C @10┬░C.csv,,c7702b1d,212,,,,MACOSX_METADATA_EXCLUDED,__MACOSX metadata member; excluded from data-tree binding
用户风险接受的候选数据审计,Battery raw data/Cycle Data/57. HIGH C@ 10┬░C #1/4. CYC126-130_3C @10┬░C.csv,Cycle Data/57. HIGH C@ 10°C #1/4. CYC126-130_3C @10°C.csv,36445929,157184,/Users/wanghaoming/Public/SOC电池数据中心/SOC电池数据中心/Battery raw data/Cycle Data/57. HIGH C@ 10°C #1/4. CYC126-130_3C @10°C.csv,157184,36445929,PASS,RISK_ACCEPTED_SOURCE_BINDING; ZIP mojibake sequence ┬░ normalized to extracted ° when present
用户风险接受的候选数据审计,__MACOSX/Battery raw data/Cycle Data/57. HIGH C@ 10┬░C #1/._4. CYC126-130_3C @10┬░C.csv,,c7702b1d,212,,,,MACOSX_METADATA_EXCLUDED,__MACOSX metadata member; excluded from data-tree binding
用户风险接受的候选数据审计,Battery raw data/Cycle Data/57. HIGH C@ 10┬░C #1/1. CYC1-25_3C @10┬░C.csv,Cycle Data/57. HIGH C@ 10°C #1/1. CYC1-25_3C @10°C.csv,68c470f6,1260613,/Users/wanghaoming/Public/SOC电池数据中心/SOC电池数据中心/Battery raw data/Cycle Data/57. HIGH C@ 10°C #1/1. CYC1-25_3C @10°C.csv,1260613,68c470f6,PASS,RISK_ACCEPTED_SOURCE_BINDING; ZIP mojibake sequence ┬░ normalized to extracted ° when present
用户风险接受的候选数据审计,__MACOSX/Battery raw data/Cycle Data/57. HIGH C@ 10┬░C #1/._1. CYC1-25_3C @10┬░C.csv,,c7702b1d,212,,,,MACOSX_METADATA_EXCLUDED,__MACOSX metadata member; excluded from data-tree binding
用户风险接受的候选数据审计,Battery raw data/Cycle Data/35. 45┬░C #11/3. CYC76-125_3C @45┬░C.csv,Cycle Data/35. 45°C #11/3. CYC76-125_3C @45°C.csv,c2331a6f,2702370,/Users/wanghaoming/Public/SOC电池数据中心/SOC电池数据中心/Battery raw data/Cycle Data/35. 45°C #11/3. CYC76-125_3C @45°C.csv,2702370,c2331a6f,PASS,RISK_ACCEPTED_SOURCE_BINDING; ZIP mojibake sequence ┬░ normalized to extracted ° when present
用户风险接受的候选数据审计,__MACOSX/Battery raw data/Cycle Data/35. 45┬░C #11/._3. CYC76-125_3C @45┬░C.csv,,c7702b1d,212,,,,MACOSX_METADATA_EXCLUDED,__MACOSX metadata member; excluded from data-tree binding
用户风险接受的候选数据审计,Battery raw data/Cycle Data/35. 45┬░C #11/6. CYC251-300_3C @45┬░C.csv,Cycle Data/35. 45°C #11/6. CYC251-300_3C @45°C.csv,e926f21b,2508373,/Users/wanghaoming/Public/SOC电池数据中心/SOC电池数据中心/Battery raw data/Cycle Data/35. 45°C #11/6. CYC251-300_3C @45°C.csv,2508373,e926f21b,PASS,RISK_ACCEPTED_SOURCE_BINDING; ZIP mojibake sequence ┬░ normalized to extracted ° when present
用户风险接受的候选数据审计,__MACOSX/Battery raw data/Cycle Data/35. 45┬░C #11/._6. CYC251-300_3C @45┬░C.csv,,c7702b1d,212,,,,MACOSX_METADATA_EXCLUDED,__MACOSX metadata member; excluded from data-tree binding
用户风险接受的候选数据审计,Battery raw data/Cycle Data/35. 45┬░C #11/2. CYC26-75_3C @45┬░C.csv,Cycle Data/35. 45°C #11/2. CYC26-75_3C @45°C.csv,6fb029d6,2841064,/Users/wanghaoming/Public/SOC电池数据中心/SOC电池数据中心/Battery raw data/Cycle Data/35. 45°C #11/2. CYC26-75_3C @45°C.csv,2841064,6fb029d6,PASS,RISK_ACCEPTED_SOURCE_BINDING; ZIP mojibake sequence ┬░ normalized to extracted ° when present
用户风险接受的候选数据审计,__MACOSX/Battery raw data/Cycle Data/35. 45┬░C #11/._2. CYC26-75_3C @45┬░C.csv,,c7702b1d,212,,,,MACOSX_METADATA_EXCLUDED,__MACOSX metadata member; excluded from data-tree binding
用户风险接受的候选数据审计,Battery raw data/Cycle Data/35. 45┬░C #11/8. CYC401-450_3C @45┬░C.csv,Cycle Data/35. 45°C #11/8. CYC401-450_3C @45°C.csv,46bc7f47,2330859,/Users/wanghaoming/Public/SOC电池数据中心/SOC电池数据中心/Battery raw data/Cycle Data/35. 45°C #11/8. CYC401-450_3C @45°C.csv,2330859,46bc7f47,PASS,RISK_ACCEPTED_SOURCE_BINDING; ZIP mojibake sequence ┬░ normalized to extracted ° when present
用户风险接受的候选数据审计,__MACOSX/Battery raw data/Cycle Data/35. 45┬░C #11/._8. CYC401-450_3C @45┬░C.csv,,c7702b1d,212,,,,MACOSX_METADATA_EXCLUDED,__MACOSX metadata member; excluded from data-tree binding
用户风险接受的候选数据审计,Battery raw data/Cycle Data/35. 45┬░C #11/1. CYC1-25_3C @45┬░C.csv,Cycle Data/35. 45°C #11/1. CYC1-25_3C @45°C.csv,d35676a9,1484943,/Users/wanghaoming/Public/SOC电池数据中心/SOC电池数据中心/Battery raw data/Cycle Data/35. 45°C #11/1. CYC1-25_3C @45°C.csv,1484943,d35676a9,PASS,RISK_ACCEPTED_SOURCE_BINDING; ZIP mojibake sequence ┬░ normalized to extracted ° when present
用户风险接受的候选数据审计,__MACOSX/Battery raw data/Cycle Data/35. 45┬░C #11/._1. CYC1-25_3C @45┬░C.csv,,c7702b1d,212,,,,MACOSX_METADATA_EXCLUDED,__MACOSX metadata member; excluded from data-tree binding
用户风险接受的候选数据审计,Battery raw data/Cycle Data/35. 45┬░C #11/5. CYC201-250_3C @45┬░C.csv,Cycle Data/35. 45°C #11/5. CYC201-250_3C @45°C.csv,aac34e06,2565214,/Users/wanghaoming/Public/SOC电池数据中心/SOC电池数据中心/Battery raw data/Cycle Data/35. 45°C #11/5. CYC201-250_3C @45°C.csv,2565214,aac34e06,PASS,RISK_ACCEPTED_SOURCE_BINDING; ZIP mojibake sequence ┬░ normalized to extracted ° when present
用户风险接受的候选数据审计,__MACOSX/Battery raw data/Cycle Data/35. 45┬░C #11/._5. CYC201-250_3C @45┬░C.csv,,c7702b1d,212,,,,MACOSX_METADATA_EXCLUDED,__MACOSX metadata member; excluded from data-tree binding
用户风险接受的候选数据审计,Battery raw data/Cycle Data/35. 45┬░C #11/4. CYC126-200_3C @45┬░C.csv,Cycle Data/35. 45°C #11/4. CYC126-200_3C @45°C.csv,99398dc1,3937772,/Users/wanghaoming/Public/SOC电池数据中心/SOC电池数据中心/Battery raw data/Cycle Data/35. 45°C #11/4. CYC126-200_3C @45°C.csv,3937772,99398dc1,PASS,RISK_ACCEPTED_SOURCE_BINDING; ZIP mojibake sequence ┬░ normalized to extracted ° when present
用户风险接受的候选数据审计,__MACOSX/Battery raw data/Cycle Data/35. 45┬░C #11/._4. CYC126-200_3C @45┬░C.csv,,c7702b1d,212,,,,MACOSX_METADATA_EXCLUDED,__MACOSX metadata member; excluded from data-tree binding
用户风险接受的候选数据审计,Battery raw data/Cycle Data/35. 45┬░C #11/7. CYC301-400_3C @45┬░C.csv,Cycle Data/35. 45°C #11/7. CYC301-400_3C @45°C.csv,cadfa21e,4874804,/Users/wanghaoming/Public/SOC电池数据中心/SOC电池数据中心/Battery raw data/Cycle Data/35. 45°C #11/7. CYC301-400_3C @45°C.csv,4874804,cadfa21e,PASS,RISK_ACCEPTED_SOURCE_BINDING; ZIP mojibake sequence ┬░ normalized to extracted ° when present
用户风险接受的候选数据审计,__MACOSX/Battery raw data/Cycle Data/35. 45┬░C #11/._7. CYC301-400_3C @45┬░C.csv,,c7702b1d,212,,,,MACOSX_METADATA_EXCLUDED,__MACOSX metadata member; excluded from data-tree binding
用户风险接受的候选数据审计,Battery raw data/Cycle Data/43. 60┬░C #7/2. CYC51-100_1C @60┬░C.csv,Cycle Data/43. 60°C #7/2. CYC51-100_1C @60°C.csv,7cf65ad2,4682280,/Users/wanghaoming/Public/SOC电池数据中心/SOC电池数据中心/Battery raw data/Cycle Data/43. 60°C #7/2. CYC51-100_1C @60°C.csv,4682280,7cf65ad2,PASS,RISK_ACCEPTED_SOURCE_BINDING; ZIP mojibake sequence ┬░ normalized to extracted ° when present
用户风险接受的候选数据审计,__MACOSX/Battery raw data/Cycle Data/43. 60┬░C #7/._2. CYC51-100_1C @60┬░C.csv,,c7702b1d,212,,,,MACOSX_METADATA_EXCLUDED,__MACOSX metadata member; excluded from data-tree binding
用户风险接受的候选数据审计,Battery raw data/Cycle Data/43. 60┬░C #7/5. CYC201-260_1C @60┬░C.csv,Cycle Data/43. 60°C #7/5. CYC201-260_1C @60°C.csv,d10140da,5054852,/Users/wanghaoming/Public/SOC电池数据中心/SOC电池数据中心/Battery raw data/Cycle Data/43. 60°C #7/5. CYC201-260_1C @60°C.csv,5054852,d10140da,PASS,RISK_ACCEPTED_SOURCE_BINDING; ZIP mojibake sequence ┬░ normalized to extracted ° when present
用户风险接受的候选数据审计,__MACOSX/Battery raw data/Cycle Data/43. 60┬░C #7/._5. CYC201-260_1C @60┬░C.csv,,c7702b1d,212,,,,MACOSX_METADATA_EXCLUDED,__MACOSX metadata member; excluded from data-tree binding
用户风险接受的候选数据审计,Battery raw data/Cycle Data/43. 60┬░C #7/1. CYC1-50_1C @60┬░C.csv,Cycle Data/43. 60°C #7/1. CYC1-50_1C @60°C.csv,1de9c75e,4972141,/Users/wanghaoming/Public/SOC电池数据中心/SOC电池数据中心/Battery raw data/Cycle Data/43. 60°C #7/1. CYC1-50_1C @60°C.csv,4972141,1de9c75e,PASS,RISK_ACCEPTED_SOURCE_BINDING; ZIP mojibake sequence ┬░ normalized to extracted ° when present
用户风险接受的候选数据审计,__MACOSX/Battery raw data/Cycle Data/43. 60┬░C #7/._1. CYC1-50_1C @60┬░C.csv,,c7702b1d,212,,,,MACOSX_METADATA_EXCLUDED,__MACOSX metadata member; excluded from data-tree binding
用户风险接受的候选数据审计,Battery raw data/Cycle Data/43. 60┬░C #7/3. CYC101-150_1C @60┬░C.csv,Cycle Data/43. 60°C #7/3. CYC101-150_1C @60°C.csv,e3615b3f,4469262,/Users/wanghaoming/Public/SOC电池数据中心/SOC电池数据中心/Battery raw data/Cycle Data/43. 60°C #7/3. CYC101-150_1C @60°C.csv,4469262,e3615b3f,PASS,RISK_ACCEPTED_SOURCE_BINDING; ZIP mojibake sequence ┬░ normalized to extracted ° when present
用户风险接受的候选数据审计,__MACOSX/Battery raw data/Cycle Data/43. 60┬░C #7/._3. CYC101-150_1C @60┬░C.csv,,c7702b1d,212,,,,MACOSX_METADATA_EXCLUDED,__MACOSX metadata member; excluded from data-tree binding
用户风险接受的候选数据审计,Battery raw data/Cycle Data/43. 60┬░C #7/4. CYC151-200_1C @60┬░C.csv,Cycle Data/43. 60°C #7/4. CYC151-200_1C @60°C.csv,d91d6fea,4383996,/Users/wanghaoming/Public/SOC电池数据中心/SOC电池数据中心/Battery raw data/Cycle Data/43. 60°C #7/4. CYC151-200_1C @60°C.csv,4383996,d91d6fea,PASS,RISK_ACCEPTED_SOURCE_BINDING; ZIP mojibake sequence ┬░ normalized to extracted ° when present
用户风险接受的候选数据审计,__MACOSX/Battery raw data/Cycle Data/43. 60┬░C #7/._4. CYC151-200_1C @60┬░C.csv,,c7702b1d,212,,,,MACOSX_METADATA_EXCLUDED,__MACOSX metadata member; excluded from data-tree binding
用户风险接受的候选数据审计,Battery raw data/Cycle Data/14. 1V@ 25┬░C #2/2. CYC51-100_1V @25┬░C.csv,Cycle Data/14. 1V@ 25°C #2/2. CYC51-100_1V @25°C.csv,3f5cc4ec,4580051,/Users/wanghaoming/Public/SOC电池数据中心/SOC电池数据中心/Battery raw data/Cycle Data/14. 1V@ 25°C #2/2. CYC51-100_1V @25°C.csv,4580051,3f5cc4ec,PASS,RISK_ACCEPTED_SOURCE_BINDING; ZIP mojibake sequence ┬░ normalized to extracted ° when present
用户风险接受的候选数据审计,__MACOSX/Battery raw data/Cycle Data/14. 1V@ 25┬░C #2/._2. CYC51-100_1V @25┬░C.csv,,c7702b1d,212,,,,MACOSX_METADATA_EXCLUDED,__MACOSX metadata member; excluded from data-tree binding
用户风险接受的候选数据审计,Battery raw data/Cycle Data/14. 1V@ 25┬░C #2/1. CYC1-50_1V @25┬░C.csv,Cycle Data/14. 1V@ 25°C #2/1. CYC1-50_1V @25°C.csv,6ce617ce,4918757,/Users/wanghaoming/Public/SOC电池数据中心/SOC电池数据中心/Battery raw data/Cycle Data/14. 1V@ 25°C #2/1. CYC1-50_1V @25°C.csv,4918757,6ce617ce,PASS,RISK_ACCEPTED_SOURCE_BINDING; ZIP mojibake sequence ┬░ normalized to extracted ° when present
用户风险接受的候选数据审计,__MACOSX/Battery raw data/Cycle Data/14. 1V@ 25┬░C #2/._1. CYC1-50_1V @25┬░C.csv,,c7702b1d,212,,,,MACOSX_METADATA_EXCLUDED,__MACOSX metadata member; excluded from data-tree binding
用户风险接受的候选数据审计,Battery raw data/Cycle Data/14. 1V@ 25┬░C #2/4. CYC151-170_1V @25┬░C.csv,Cycle Data/14. 1V@ 25°C #2/4. CYC151-170_1V @25°C.csv,32f633a9,1520056,/Users/wanghaoming/Public/SOC电池数据中心/SOC电池数据中心/Battery raw data/Cycle Data/14. 1V@ 25°C #2/4. CYC151-170_1V @25°C.csv,1520056,32f633a9,PASS,RISK_ACCEPTED_SOURCE_BINDING; ZIP mojibake sequence ┬░ normalized to extracted ° when present
用户风险接受的候选数据审计,__MACOSX/Battery raw data/Cycle Data/14. 1V@ 25┬░C #2/._4. CYC151-170_1V @25┬░C.csv,,c7702b1d,212,,,,MACOSX_METADATA_EXCLUDED,__MACOSX metadata member; excluded from data-tree binding
用户风险接受的候选数据审计,Battery raw data/Cycle Data/14. 1V@ 25┬░C #2/3. CYC101-150_1V @25┬░C.csv,Cycle Data/14. 1V@ 25°C #2/3. CYC101-150_1V @25°C.csv,2d34a522,4301827,/Users/wanghaoming/Public/SOC电池数据中心/SOC电池数据中心/Battery raw data/Cycle Data/14. 1V@ 25°C #2/3. CYC101-150_1V @25°C.csv,4301827,2d34a522,PASS,RISK_ACCEPTED_SOURCE_BINDING; ZIP mojibake sequence ┬░ normalized to extracted ° when present
用户风险接受的候选数据审计,__MACOSX/Battery raw data/Cycle Data/14. 1V@ 25┬░C #2/._3. CYC101-150_1V @25┬░C.csv,,c7702b1d,212,,,,MACOSX_METADATA_EXCLUDED,__MACOSX metadata member; excluded from data-tree binding
用户风险接受的候选数据审计,Battery raw data/Cycle Data/53. LOW C@ 10┬░C #5/4. CYC151-200_1C @10┬░C.csv,Cycle Data/53. LOW C@ 10°C #5/4. CYC151-200_1C @10°C.csv,410da402,3219245,/Users/wanghaoming/Public/SOC电池数据中心/SOC电池数据中心/Battery raw data/Cycle Data/53. LOW C@ 10°C #5/4. CYC151-200_1C @10°C.csv,3219245,410da402,PASS,RISK_ACCEPTED_SOURCE_BINDING; ZIP mojibake sequence ┬░ normalized to extracted ° when present
用户风险接受的候选数据审计,__MACOSX/Battery raw data/Cycle Data/53. LOW C@ 10┬░C #5/._4. CYC151-200_1C @10┬░C.csv,,c7702b1d,212,,,,MACOSX_METADATA_EXCLUDED,__MACOSX metadata member; excluded from data-tree binding
用户风险接受的候选数据审计,Battery raw data/Cycle Data/53. LOW C@ 10┬░C #5/3. CYC101-150_1C @10┬░C.csv,Cycle Data/53. LOW C@ 10°C #5/3. CYC101-150_1C @10°C.csv,2d5ff914,3886725,/Users/wanghaoming/Public/SOC电池数据中心/SOC电池数据中心/Battery raw data/Cycle Data/53. LOW C@ 10°C #5/3. CYC101-150_1C @10°C.csv,3886725,2d5ff914,PASS,RISK_ACCEPTED_SOURCE_BINDING; ZIP mojibake sequence ┬░ normalized to extracted ° when present
用户风险接受的候选数据审计,__MACOSX/Battery raw data/Cycle Data/53. LOW C@ 10┬░C #5/._3. CYC101-150_1C @10┬░C.csv,,c7702b1d,212,,,,MACOSX_METADATA_EXCLUDED,__MACOSX metadata member; excluded from data-tree binding
用户风险接受的候选数据审计,Battery raw data/Cycle Data/53. LOW C@ 10┬░C #5/1. CYC1-50_1C @10┬░C.csv,Cycle Data/53. LOW C@ 10°C #5/1. CYC1-50_1C @10°C.csv,5fef00e1,4349060,/Users/wanghaoming/Public/SOC电池数据中心/SOC电池数据中心/Battery raw data/Cycle Data/53. LOW C@ 10°C #5/1. CYC1-50_1C @10°C.csv,4349060,5fef00e1,PASS,RISK_ACCEPTED_SOURCE_BINDING; ZIP mojibake sequence ┬░ normalized to extracted ° when present
用户风险接受的候选数据审计,__MACOSX/Battery raw data/Cycle Data/53. LOW C@ 10┬░C #5/._1. CYC1-50_1C @10┬░C.csv,,c7702b1d,212,,,,MACOSX_METADATA_EXCLUDED,__MACOSX metadata member; excluded from data-tree binding
用户风险接受的候选数据审计,Battery raw data/Cycle Data/53. LOW C@ 10┬░C #5/2. CYC51-100_1C @10┬░C.csv,Cycle Data/53. LOW C@ 10°C #5/2. CYC51-100_1C @10°C.csv,b6160a0c,4145614,/Users/wanghaoming/Public/SOC电池数据中心/SOC电池数据中心/Battery raw data/Cycle Data/53. LOW C@ 10°C #5/2. CYC51-100_1C @10°C.csv,4145614,b6160a0c,PASS,RISK_ACCEPTED_SOURCE_BINDING; ZIP mojibake sequence ┬░ normalized to extracted ° when present
用户风险接受的候选数据审计,__MACOSX/Battery raw data/Cycle Data/53. LOW C@ 10┬░C #5/._2. CYC51-100_1C @10┬░C.csv,,c7702b1d,212,,,,MACOSX_METADATA_EXCLUDED,__MACOSX metadata member; excluded from data-tree binding
用户风险接受的候选数据审计,Battery raw data/Cycle Data/60. HIGH C@ 10┬░C #4/3. CYC 76-125_3C @10┬░C.csv,Cycle Data/60. HIGH C@ 10°C #4/3. CYC 76-125_3C @10°C.csv,d7048065,2200601,/Users/wanghaoming/Public/SOC电池数据中心/SOC电池数据中心/Battery raw data/Cycle Data/60. HIGH C@ 10°C #4/3. CYC 76-125_3C @10°C.csv,2200601,d7048065,PASS,RISK_ACCEPTED_SOURCE_BINDING; ZIP mojibake sequence ┬░ normalized to extracted ° when present
用户风险接受的候选数据审计,__MACOSX/Battery raw data/Cycle Data/60. HIGH C@ 10┬░C #4/._3. CYC 76-125_3C @10┬░C.csv,,c7702b1d,212,,,,MACOSX_METADATA_EXCLUDED,__MACOSX metadata member; excluded from data-tree binding
用户风险接受的候选数据审计,Battery raw data/Cycle Data/60. HIGH C@ 10┬░C #4/4. CYC126-150_3C @10┬░C.csv,Cycle Data/60. HIGH C@ 10°C #4/4. CYC126-150_3C @10°C.csv,32847397,926980,/Users/wanghaoming/Public/SOC电池数据中心/SOC电池数据中心/Battery raw data/Cycle Data/60. HIGH C@ 10°C #4/4. CYC126-150_3C @10°C.csv,926980,32847397,PASS,RISK_ACCEPTED_SOURCE_BINDING; ZIP mojibake sequence ┬░ normalized to extracted ° when present
用户风险接受的候选数据审计,__MACOSX/Battery raw data/Cycle Data/60. HIGH C@ 10┬░C #4/._4. CYC126-150_3C @10┬░C.csv,,c7702b1d,212,,,,MACOSX_METADATA_EXCLUDED,__MACOSX metadata member; excluded from data-tree binding
用户风险接受的候选数据审计,Battery raw data/Cycle Data/60. HIGH C@ 10┬░C #4/2. CYC 26-75_3C @10┬░C.csv,Cycle Data/60. HIGH C@ 10°C #4/2. CYC 26-75_3C @10°C.csv,e260b0e5,2485864,/Users/wanghaoming/Public/SOC电池数据中心/SOC电池数据中心/Battery raw data/Cycle Data/60. HIGH C@ 10°C #4/2. CYC 26-75_3C @10°C.csv,2485864,e260b0e5,PASS,RISK_ACCEPTED_SOURCE_BINDING; ZIP mojibake sequence ┬░ normalized to extracted ° when present
用户风险接受的候选数据审计,__MACOSX/Battery raw data/Cycle Data/60. HIGH C@ 10┬░C #4/._2. CYC 26-75_3C @10┬░C.csv,,c7702b1d,212,,,,MACOSX_METADATA_EXCLUDED,__MACOSX metadata member; excluded from data-tree binding
用户风险接受的候选数据审计,Battery raw data/Cycle Data/60. HIGH C@ 10┬░C #4/1. CYC1-25_3C @10┬░C.csv,Cycle Data/60. HIGH C@ 10°C #4/1. CYC1-25_3C @10°C.csv,8bbb9bee,1299801,/Users/wanghaoming/Public/SOC电池数据中心/SOC电池数据中心/Battery raw data/Cycle Data/60. HIGH C@ 10°C #4/1. CYC1-25_3C @10°C.csv,1299801,8bbb9bee,PASS,RISK_ACCEPTED_SOURCE_BINDING; ZIP mojibake sequence ┬░ normalized to extracted ° when present
用户风险接受的候选数据审计,__MACOSX/Battery raw data/Cycle Data/60. HIGH C@ 10┬░C #4/._1. CYC1-25_3C @10┬░C.csv,,c7702b1d,212,,,,MACOSX_METADATA_EXCLUDED,__MACOSX metadata member; excluded from data-tree binding
用户风险接受的候选数据审计,Battery raw data/Cycle Data/29. 45┬░C #5/5. CYC201-250_1C @45┬░C.csv,Cycle Data/29. 45°C #5/5. CYC201-250_1C @45°C.csv,a3f9c600,4356682,/Users/wanghaoming/Public/SOC电池数据中心/SOC电池数据中心/Battery raw data/Cycle Data/29. 45°C #5/5. CYC201-250_1C @45°C.csv,4356682,a3f9c600,PASS,RISK_ACCEPTED_SOURCE_BINDING; ZIP mojibake sequence ┬░ normalized to extracted ° when present
用户风险接受的候选数据审计,__MACOSX/Battery raw data/Cycle Data/29. 45┬░C #5/._5. CYC201-250_1C @45┬░C.csv,,c7702b1d,212,,,,MACOSX_METADATA_EXCLUDED,__MACOSX metadata member; excluded from data-tree binding
用户风险接受的候选数据审计,Battery raw data/Cycle Data/29. 45┬░C #5/7. CYC351-450_1C @45┬░C.csv,Cycle Data/29. 45°C #5/7. CYC351-450_1C @45°C.csv,39489ae5,8235874,/Users/wanghaoming/Public/SOC电池数据中心/SOC电池数据中心/Battery raw data/Cycle Data/29. 45°C #5/7. CYC351-450_1C @45°C.csv,8235874,39489ae5,PASS,RISK_ACCEPTED_SOURCE_BINDING; ZIP mojibake sequence ┬░ normalized to extracted ° when present
用户风险接受的候选数据审计,__MACOSX/Battery raw data/Cycle Data/29. 45┬░C #5/._7. CYC351-450_1C @45┬░C.csv,,c7702b1d,212,,,,MACOSX_METADATA_EXCLUDED,__MACOSX metadata member; excluded from data-tree binding
用户风险接受的候选数据审计,Battery raw data/Cycle Data/29. 45┬░C #5/2. CYC51-100_1C @45┬░C.csv,Cycle Data/29. 45°C #5/2. CYC51-100_1C @45°C.csv,e36bcc85,4678633,/Users/wanghaoming/Public/SOC电池数据中心/SOC电池数据中心/Battery raw data/Cycle Data/29. 45°C #5/2. CYC51-100_1C @45°C.csv,4678633,e36bcc85,PASS,RISK_ACCEPTED_SOURCE_BINDING; ZIP mojibake sequence ┬░ normalized to extracted ° when present
用户风险接受的候选数据审计,__MACOSX/Battery raw data/Cycle Data/29. 45┬░C #5/._2. CYC51-100_1C @45┬░C.csv,,c7702b1d,212,,,,MACOSX_METADATA_EXCLUDED,__MACOSX metadata member; excluded from data-tree binding
用户风险接受的候选数据审计,Battery raw data/Cycle Data/29. 45┬░C #5/4. CYC151-200_1C @45┬░C.csv,Cycle Data/29. 45°C #5/4. CYC151-200_1C @45°C.csv,ab1e58ff,4452578,/Users/wanghaoming/Public/SOC电池数据中心/SOC电池数据中心/Battery raw data/Cycle Data/29. 45°C #5/4. CYC151-200_1C @45°C.csv,4452578,ab1e58ff,PASS,RISK_ACCEPTED_SOURCE_BINDING; ZIP mojibake sequence ┬░ normalized to extracted ° when present
用户风险接受的候选数据审计,__MACOSX/Battery raw data/Cycle Data/29. 45┬░C #5/._4. CYC151-200_1C @45┬░C.csv,,c7702b1d,212,,,,MACOSX_METADATA_EXCLUDED,__MACOSX metadata member; excluded from data-tree binding
用户风险接受的候选数据审计,Battery raw data/Cycle Data/29. 45┬░C #5/3. CYC101-150_1C @45┬░C.csv,Cycle Data/29. 45°C #5/3. CYC101-150_1C @45°C.csv,00323597,4563147,/Users/wanghaoming/Public/SOC电池数据中心/SOC电池数据中心/Battery raw data/Cycle Data/29. 45°C #5/3. CYC101-150_1C @45°C.csv,4563147,00323597,PASS,RISK_ACCEPTED_SOURCE_BINDING; ZIP mojibake sequence ┬░ normalized to extracted ° when present
用户风险接受的候选数据审计,__MACOSX/Battery raw data/Cycle Data/29. 45┬░C #5/._3. CYC101-150_1C @45┬░C.csv,,c7702b1d,212,,,,MACOSX_METADATA_EXCLUDED,__MACOSX metadata member; excluded from data-tree binding
用户风险接受的候选数据审计,Battery raw data/Cycle Data/29. 45┬░C #5/6. CYC251-350_1C @45┬░C.csv,Cycle Data/29. 45°C #5/6. CYC251-350_1C @45°C.csv,0f010dfd,8537619,/Users/wanghaoming/Public/SOC电池数据中心/SOC电池数据中心/Battery raw data/Cycle Data/29. 45°C #5/6. CYC251-350_1C @45°C.csv,8537619,0f010dfd,PASS,RISK_ACCEPTED_SOURCE_BINDING; ZIP mojibake sequence ┬░ normalized to extracted ° when present
用户风险接受的候选数据审计,__MACOSX/Battery raw data/Cycle Data/29. 45┬░C #5/._6. CYC251-350_1C @45┬░C.csv,,c7702b1d,212,,,,MACOSX_METADATA_EXCLUDED,__MACOSX metadata member; excluded from data-tree binding
用户风险接受的候选数据审计,Battery raw data/Cycle Data/29. 45┬░C #5/1. CYC1-50_1C @45┬░C.csv,Cycle Data/29. 45°C #5/1. CYC1-50_1C @45°C.csv,7b958087,4877773,/Users/wanghaoming/Public/SOC电池数据中心/SOC电池数据中心/Battery raw data/Cycle Data/29. 45°C #5/1. CYC1-50_1C @45°C.csv,4877773,7b958087,PASS,RISK_ACCEPTED_SOURCE_BINDING; ZIP mojibake sequence ┬░ normalized to extracted ° when present
用户风险接受的候选数据审计,__MACOSX/Battery raw data/Cycle Data/29. 45┬░C #5/._1. CYC1-50_1C @45┬░C.csv,,c7702b1d,212,,,,MACOSX_METADATA_EXCLUDED,__MACOSX metadata member; excluded from data-tree binding
用户风险接受的候选数据审计,Battery raw data/Cycle Data/42. 60┬░C #6/2. CYC51-100_1C @60┬░C.csv,Cycle Data/42. 60°C #6/2. CYC51-100_1C @60°C.csv,8cf53469,4668865,/Users/wanghaoming/Public/SOC电池数据中心/SOC电池数据中心/Battery raw data/Cycle Data/42. 60°C #6/2. CYC51-100_1C @60°C.csv,4668865,8cf53469,PASS,RISK_ACCEPTED_SOURCE_BINDING; ZIP mojibake sequence ┬░ normalized to extracted ° when present
用户风险接受的候选数据审计,__MACOSX/Battery raw data/Cycle Data/42. 60┬░C #6/._2. CYC51-100_1C @60┬░C.csv,,c7702b1d,212,,,,MACOSX_METADATA_EXCLUDED,__MACOSX metadata member; excluded from data-tree binding
用户风险接受的候选数据审计,Battery raw data/Cycle Data/42. 60┬░C #6/5. CYC201-260_1C @60┬░C.csv,Cycle Data/42. 60°C #6/5. CYC201-260_1C @60°C.csv,c5e7f90f,5031280,/Users/wanghaoming/Public/SOC电池数据中心/SOC电池数据中心/Battery raw data/Cycle Data/42. 60°C #6/5. CYC201-260_1C @60°C.csv,5031280,c5e7f90f,PASS,RISK_ACCEPTED_SOURCE_BINDING; ZIP mojibake sequence ┬░ normalized to extracted ° when present
用户风险接受的候选数据审计,__MACOSX/Battery raw data/Cycle Data/42. 60┬░C #6/._5. CYC201-260_1C @60┬░C.csv,,c7702b1d,212,,,,MACOSX_METADATA_EXCLUDED,__MACOSX metadata member; excluded from data-tree binding
用户风险接受的候选数据审计,Battery raw data/Cycle Data/42. 60┬░C #6/1. CYC1-50_1C @60┬░C.csv,Cycle Data/42. 60°C #6/1. CYC1-50_1C @60°C.csv,628a9517,4945984,/Users/wanghaoming/Public/SOC电池数据中心/SOC电池数据中心/Battery raw data/Cycle Data/42. 60°C #6/1. CYC1-50_1C @60°C.csv,4945984,628a9517,PASS,RISK_ACCEPTED_SOURCE_BINDING; ZIP mojibake sequence ┬░ normalized to extracted ° when present
用户风险接受的候选数据审计,__MACOSX/Battery raw data/Cycle Data/42. 60┬░C #6/._1. CYC1-50_1C @60┬░C.csv,,c7702b1d,212,,,,MACOSX_METADATA_EXCLUDED,__MACOSX metadata member; excluded from data-tree binding
用户风险接受的候选数据审计,Battery raw data/Cycle Data/42. 60┬░C #6/3. CYC101-150_1C @60┬░C.csv,Cycle Data/42. 60°C #6/3. CYC101-150_1C @60°C.csv,e7ae78e3,4450118,/Users/wanghaoming/Public/SOC电池数据中心/SOC电池数据中心/Battery raw data/Cycle Data/42. 60°C #6/3. CYC101-150_1C @60°C.csv,4450118,e7ae78e3,PASS,RISK_ACCEPTED_SOURCE_BINDING; ZIP mojibake sequence ┬░ normalized to extracted ° when present
用户风险接受的候选数据审计,__MACOSX/Battery raw data/Cycle Data/42. 60┬░C #6/._3. CYC101-150_1C @60┬░C.csv,,c7702b1d,212,,,,MACOSX_METADATA_EXCLUDED,__MACOSX metadata member; excluded from data-tree binding
用户风险接受的候选数据审计,Battery raw data/Cycle Data/42. 60┬░C #6/4. CYC151-200_1C @60┬░C.csv,Cycle Data/42. 60°C #6/4. CYC151-200_1C @60°C.csv,3d305c0a,4368438,/Users/wanghaoming/Public/SOC电池数据中心/SOC电池数据中心/Battery raw data/Cycle Data/42. 60°C #6/4. CYC151-200_1C @60°C.csv,4368438,3d305c0a,PASS,RISK_ACCEPTED_SOURCE_BINDING; ZIP mojibake sequence ┬░ normalized to extracted ° when present
用户风险接受的候选数据审计,__MACOSX/Battery raw data/Cycle Data/42. 60┬░C #6/._4. CYC151-200_1C @60┬░C.csv,,c7702b1d,212,,,,MACOSX_METADATA_EXCLUDED,__MACOSX metadata member; excluded from data-tree binding
用户风险接受的候选数据审计,Battery raw data/Cycle Data/41. 60┬░C #5/2. CYC51-100_1C @60┬░C.csv,Cycle Data/41. 60°C #5/2. CYC51-100_1C @60°C.csv,b72a3c00,4688705,/Users/wanghaoming/Public/SOC电池数据中心/SOC电池数据中心/Battery raw data/Cycle Data/41. 60°C #5/2. CYC51-100_1C @60°C.csv,4688705,b72a3c00,PASS,RISK_ACCEPTED_SOURCE_BINDING; ZIP mojibake sequence ┬░ normalized to extracted ° when present
用户风险接受的候选数据审计,__MACOSX/Battery raw data/Cycle Data/41. 60┬░C #5/._2. CYC51-100_1C @60┬░C.csv,,c7702b1d,212,,,,MACOSX_METADATA_EXCLUDED,__MACOSX metadata member; excluded from data-tree binding
用户风险接受的候选数据审计,Battery raw data/Cycle Data/41. 60┬░C #5/5. CYC201-260_1C @60┬░C.csv,Cycle Data/41. 60°C #5/5. CYC201-260_1C @60°C.csv,5572683c,5048487,/Users/wanghaoming/Public/SOC电池数据中心/SOC电池数据中心/Battery raw data/Cycle Data/41. 60°C #5/5. CYC201-260_1C @60°C.csv,5048487,5572683c,PASS,RISK_ACCEPTED_SOURCE_BINDING; ZIP mojibake sequence ┬░ normalized to extracted ° when present
用户风险接受的候选数据审计,__MACOSX/Battery raw data/Cycle Data/41. 60┬░C #5/._5. CYC201-260_1C @60┬░C.csv,,c7702b1d,212,,,,MACOSX_METADATA_EXCLUDED,__MACOSX metadata member; excluded from data-tree binding
用户风险接受的候选数据审计,Battery raw data/Cycle Data/41. 60┬░C #5/1. CYC1-50_1C @60┬░C.csv,Cycle Data/41. 60°C #5/1. CYC1-50_1C @60°C.csv,b13b4cc8,4962033,/Users/wanghaoming/Public/SOC电池数据中心/SOC电池数据中心/Battery raw data/Cycle Data/41. 60°C #5/1. CYC1-50_1C @60°C.csv,4962033,b13b4cc8,PASS,RISK_ACCEPTED_SOURCE_BINDING; ZIP mojibake sequence ┬░ normalized to extracted ° when present
用户风险接受的候选数据审计,__MACOSX/Battery raw data/Cycle Data/41. 60┬░C #5/._1. CYC1-50_1C @60┬░C.csv,,c7702b1d,212,,,,MACOSX_METADATA_EXCLUDED,__MACOSX metadata member; excluded from data-tree binding
用户风险接受的候选数据审计,Battery raw data/Cycle Data/41. 60┬░C #5/3. CYC101-150_1C @60┬░C.csv,Cycle Data/41. 60°C #5/3. CYC101-150_1C @60°C.csv,aafd27bf,4470821,/Users/wanghaoming/Public/SOC电池数据中心/SOC电池数据中心/Battery raw data/Cycle Data/41. 60°C #5/3. CYC101-150_1C @60°C.csv,4470821,aafd27bf,PASS,RISK_ACCEPTED_SOURCE_BINDING; ZIP mojibake sequence ┬░ normalized to extracted ° when present
用户风险接受的候选数据审计,__MACOSX/Battery raw data/Cycle Data/41. 60┬░C #5/._3. CYC101-150_1C @60┬░C.csv,,c7702b1d,212,,,,MACOSX_METADATA_EXCLUDED,__MACOSX metadata member; excluded from data-tree binding
用户风险接受的候选数据审计,Battery raw data/Cycle Data/41. 60┬░C #5/4. CYC151-200_1C @60┬░C.csv,Cycle Data/41. 60°C #5/4. CYC151-200_1C @60°C.csv,79ad9b45,4384130,/Users/wanghaoming/Public/SOC电池数据中心/SOC电池数据中心/Battery raw data/Cycle Data/41. 60°C #5/4. CYC151-200_1C @60°C.csv,4384130,79ad9b45,PASS,RISK_ACCEPTED_SOURCE_BINDING; ZIP mojibake sequence ┬░ normalized to extracted ° when present
用户风险接受的候选数据审计,__MACOSX/Battery raw data/Cycle Data/41. 60┬░C #5/._4. CYC151-200_1C @60┬░C.csv,,c7702b1d,212,,,,MACOSX_METADATA_EXCLUDED,__MACOSX metadata member; excluded from data-tree binding
用户风险接受的候选数据审计,Battery raw data/Cycle Data/19. 4.35V@ 25┬░C #3/1. CYC1-50_4.35V @25┬░C.csv,Cycle Data/19. 4.35V@ 25°C #3/1. CYC1-50_4.35V @25°C.csv,80d61674,5046877,/Users/wanghaoming/Public/SOC电池数据中心/SOC电池数据中心/Battery raw data/Cycle Data/19. 4.35V@ 25°C #3/1. CYC1-50_4.35V @25°C.csv,5046877,80d61674,PASS,RISK_ACCEPTED_SOURCE_BINDING; ZIP mojibake sequence ┬░ normalized to extracted ° when present
用户风险接受的候选数据审计,__MACOSX/Battery raw data/Cycle Data/19. 4.35V@ 25┬░C #3/._1. CYC1-50_4.35V @25┬░C.csv,,c7702b1d,212,,,,MACOSX_METADATA_EXCLUDED,__MACOSX metadata member; excluded from data-tree binding
用户风险接受的候选数据审计,Battery raw data/Cycle Data/19. 4.35V@ 25┬░C #3/3. CYC101-150_4.35V @25┬░C.csv,Cycle Data/19. 4.35V@ 25°C #3/3. CYC101-150_4.35V @25°C.csv,51c10bc1,4595324,/Users/wanghaoming/Public/SOC电池数据中心/SOC电池数据中心/Battery raw data/Cycle Data/19. 4.35V@ 25°C #3/3. CYC101-150_4.35V @25°C.csv,4595324,51c10bc1,PASS,RISK_ACCEPTED_SOURCE_BINDING; ZIP mojibake sequence ┬░ normalized to extracted ° when present
用户风险接受的候选数据审计,__MACOSX/Battery raw data/Cycle Data/19. 4.35V@ 25┬░C #3/._3. CYC101-150_4.35V @25┬░C.csv,,c7702b1d,212,,,,MACOSX_METADATA_EXCLUDED,__MACOSX metadata member; excluded from data-tree binding
用户风险接受的候选数据审计,Battery raw data/Cycle Data/19. 4.35V@ 25┬░C #3/4. CYC151-205_4.35V@25┬░C.csv,Cycle Data/19. 4.35V@ 25°C #3/4. CYC151-205_4.35V@25°C.csv,302478d8,4679176,/Users/wanghaoming/Public/SOC电池数据中心/SOC电池数据中心/Battery raw data/Cycle Data/19. 4.35V@ 25°C #3/4. CYC151-205_4.35V@25°C.csv,4679176,302478d8,PASS,RISK_ACCEPTED_SOURCE_BINDING; ZIP mojibake sequence ┬░ normalized to extracted ° when present
用户风险接受的候选数据审计,__MACOSX/Battery raw data/Cycle Data/19. 4.35V@ 25┬░C #3/._4. CYC151-205_4.35V@25┬░C.csv,,c7702b1d,212,,,,MACOSX_METADATA_EXCLUDED,__MACOSX metadata member; excluded from data-tree binding
用户风险接受的候选数据审计,Battery raw data/Cycle Data/19. 4.35V@ 25┬░C #3/5. CYC206-220_4.35V @25┬░C.csv,Cycle Data/19. 4.35V@ 25°C #3/5. CYC206-220_4.35V @25°C.csv,db814c69,1170143,/Users/wanghaoming/Public/SOC电池数据中心/SOC电池数据中心/Battery raw data/Cycle Data/19. 4.35V@ 25°C #3/5. CYC206-220_4.35V @25°C.csv,1170143,db814c69,PASS,RISK_ACCEPTED_SOURCE_BINDING; ZIP mojibake sequence ┬░ normalized to extracted ° when present
用户风险接受的候选数据审计,__MACOSX/Battery raw data/Cycle Data/19. 4.35V@ 25┬░C #3/._5. CYC206-220_4.35V @25┬░C.csv,,c7702b1d,212,,,,MACOSX_METADATA_EXCLUDED,__MACOSX metadata member; excluded from data-tree binding
用户风险接受的候选数据审计,Battery raw data/Cycle Data/19. 4.35V@ 25┬░C #3/2. CYC51-100_4.35V @25┬░C.csv,Cycle Data/19. 4.35V@ 25°C #3/2. CYC51-100_4.35V @25°C.csv,2ff21bb9,4811733,/Users/wanghaoming/Public/SOC电池数据中心/SOC电池数据中心/Battery raw data/Cycle Data/19. 4.35V@ 25°C #3/2. CYC51-100_4.35V @25°C.csv,4811733,2ff21bb9,PASS,RISK_ACCEPTED_SOURCE_BINDING; ZIP mojibake sequence ┬░ normalized to extracted ° when present
用户风险接受的候选数据审计,__MACOSX/Battery raw data/Cycle Data/19. 4.35V@ 25┬░C #3/._2. CYC51-100_4.35V @25┬░C.csv,,c7702b1d,212,,,,MACOSX_METADATA_EXCLUDED,__MACOSX metadata member; excluded from data-tree binding
用户风险接受的候选数据审计,Battery raw data/Cycle Data/40. 60┬░C #4/1. CYC1-50_0.5C @60┬░C.csv,Cycle Data/40. 60°C #4/1. CYC1-50_0.5C @60°C.csv,45577061,7414253,/Users/wanghaoming/Public/SOC电池数据中心/SOC电池数据中心/Battery raw data/Cycle Data/40. 60°C #4/1. CYC1-50_0.5C @60°C.csv,7414253,45577061,PASS,RISK_ACCEPTED_SOURCE_BINDING; ZIP mojibake sequence ┬░ normalized to extracted ° when present
用户风险接受的候选数据审计,__MACOSX/Battery raw data/Cycle Data/40. 60┬░C #4/._1. CYC1-50_0.5C @60┬░C.csv,,c7702b1d,212,,,,MACOSX_METADATA_EXCLUDED,__MACOSX metadata member; excluded from data-tree binding
用户风险接受的候选数据审计,Battery raw data/Cycle Data/40. 60┬░C #4/2. CYC51-100_0.5C @60┬░C.csv,Cycle Data/40. 60°C #4/2. CYC51-100_0.5C @60°C.csv,aaa6aa3b,7007434,/Users/wanghaoming/Public/SOC电池数据中心/SOC电池数据中心/Battery raw data/Cycle Data/40. 60°C #4/2. CYC51-100_0.5C @60°C.csv,7007434,aaa6aa3b,PASS,RISK_ACCEPTED_SOURCE_BINDING; ZIP mojibake sequence ┬░ normalized to extracted ° when present
用户风险接受的候选数据审计,__MACOSX/Battery raw data/Cycle Data/40. 60┬░C #4/._2. CYC51-100_0.5C @60┬░C.csv,,c7702b1d,212,,,,MACOSX_METADATA_EXCLUDED,__MACOSX metadata member; excluded from data-tree binding
用户风险接受的候选数据审计,Battery raw data/Cycle Data/40. 60┬░C #4/4. CYC151-215_0.5C @60┬░C.csv,Cycle Data/40. 60°C #4/4. CYC151-215_0.5C @60°C.csv,648daadb,8398254,/Users/wanghaoming/Public/SOC电池数据中心/SOC电池数据中心/Battery raw data/Cycle Data/40. 60°C #4/4. CYC151-215_0.5C @60°C.csv,8398254,648daadb,PASS,RISK_ACCEPTED_SOURCE_BINDING; ZIP mojibake sequence ┬░ normalized to extracted ° when present
用户风险接受的候选数据审计,__MACOSX/Battery raw data/Cycle Data/40. 60┬░C #4/._4. CYC151-215_0.5C @60┬░C.csv,,c7702b1d,212,,,,MACOSX_METADATA_EXCLUDED,__MACOSX metadata member; excluded from data-tree binding
用户风险接受的候选数据审计,Battery raw data/Cycle Data/40. 60┬░C #4/3. CYC101-150_0.5C @60┬░C.csv,Cycle Data/40. 60°C #4/3. CYC101-150_0.5C @60°C.csv,309fc7f2,6678401,/Users/wanghaoming/Public/SOC电池数据中心/SOC电池数据中心/Battery raw data/Cycle Data/40. 60°C #4/3. CYC101-150_0.5C @60°C.csv,6678401,309fc7f2,PASS,RISK_ACCEPTED_SOURCE_BINDING; ZIP mojibake sequence ┬░ normalized to extracted ° when present
用户风险接受的候选数据审计,__MACOSX/Battery raw data/Cycle Data/40. 60┬░C #4/._3. CYC101-150_0.5C @60┬░C.csv,,c7702b1d,212,,,,MACOSX_METADATA_EXCLUDED,__MACOSX metadata member; excluded from data-tree binding
用户风险接受的候选数据审计,Battery raw data/Cycle Data/15. 1V@ 25┬░C #3/2. CYC51-100_1V @25┬░C.csv,Cycle Data/15. 1V@ 25°C #3/2. CYC51-100_1V @25°C.csv,3ed8940e,4573102,/Users/wanghaoming/Public/SOC电池数据中心/SOC电池数据中心/Battery raw data/Cycle Data/15. 1V@ 25°C #3/2. CYC51-100_1V @25°C.csv,4573102,3ed8940e,PASS,RISK_ACCEPTED_SOURCE_BINDING; ZIP mojibake sequence ┬░ normalized to extracted ° when present
用户风险接受的候选数据审计,__MACOSX/Battery raw data/Cycle Data/15. 1V@ 25┬░C #3/._2. CYC51-100_1V @25┬░C.csv,,c7702b1d,212,,,,MACOSX_METADATA_EXCLUDED,__MACOSX metadata member; excluded from data-tree binding
用户风险接受的候选数据审计,Battery raw data/Cycle Data/15. 1V@ 25┬░C #3/1. CYC1-50_1V @25┬░C.csv,Cycle Data/15. 1V@ 25°C #3/1. CYC1-50_1V @25°C.csv,19851fbc,4924036,/Users/wanghaoming/Public/SOC电池数据中心/SOC电池数据中心/Battery raw data/Cycle Data/15. 1V@ 25°C #3/1. CYC1-50_1V @25°C.csv,4924036,19851fbc,PASS,RISK_ACCEPTED_SOURCE_BINDING; ZIP mojibake sequence ┬░ normalized to extracted ° when present
用户风险接受的候选数据审计,__MACOSX/Battery raw data/Cycle Data/15. 1V@ 25┬░C #3/._1. CYC1-50_1V @25┬░C.csv,,c7702b1d,212,,,,MACOSX_METADATA_EXCLUDED,__MACOSX metadata member; excluded from data-tree binding
用户风险接受的候选数据审计,Battery raw data/Cycle Data/15. 1V@ 25┬░C #3/4. CYC151-165_1V @25┬░C.csv,Cycle Data/15. 1V@ 25°C #3/4. CYC151-165_1V @25°C.csv,4f51cf91,1109592,/Users/wanghaoming/Public/SOC电池数据中心/SOC电池数据中心/Battery raw data/Cycle Data/15. 1V@ 25°C #3/4. CYC151-165_1V @25°C.csv,1109592,4f51cf91,PASS,RISK_ACCEPTED_SOURCE_BINDING; ZIP mojibake sequence ┬░ normalized to extracted ° when present
用户风险接受的候选数据审计,__MACOSX/Battery raw data/Cycle Data/15. 1V@ 25┬░C #3/._4. CYC151-165_1V @25┬░C.csv,,c7702b1d,212,,,,MACOSX_METADATA_EXCLUDED,__MACOSX metadata member; excluded from data-tree binding
用户风险接受的候选数据审计,Battery raw data/Cycle Data/15. 1V@ 25┬░C #3/3. CYC101-150_1V @25┬░C.csv,Cycle Data/15. 1V@ 25°C #3/3. CYC101-150_1V @25°C.csv,d577e951,4253398,/Users/wanghaoming/Public/SOC电池数据中心/SOC电池数据中心/Battery raw data/Cycle Data/15. 1V@ 25°C #3/3. CYC101-150_1V @25°C.csv,4253398,d577e951,PASS,RISK_ACCEPTED_SOURCE_BINDING; ZIP mojibake sequence ┬░ normalized to extracted ° when present
用户风险接受的候选数据审计,__MACOSX/Battery raw data/Cycle Data/15. 1V@ 25┬░C #3/._3. CYC101-150_1V @25┬░C.csv,,c7702b1d,212,,,,MACOSX_METADATA_EXCLUDED,__MACOSX metadata member; excluded from data-tree binding
用户风险接受的候选数据审计,Battery raw data/Cycle Data/12. HIGH C@ 25┬░C #4/3. CYC201-300_3C @25┬░C.csv,Cycle Data/12. HIGH C@ 25°C #4/3. CYC201-300_3C @25°C.csv,1c487bd9,4697085,/Users/wanghaoming/Public/SOC电池数据中心/SOC电池数据中心/Battery raw data/Cycle Data/12. HIGH C@ 25°C #4/3. CYC201-300_3C @25°C.csv,4697085,1c487bd9,PASS,RISK_ACCEPTED_SOURCE_BINDING; ZIP mojibake sequence ┬░ normalized to extracted ° when present
用户风险接受的候选数据审计,__MACOSX/Battery raw data/Cycle Data/12. HIGH C@ 25┬░C #4/._3. CYC201-300_3C @25┬░C.csv,,c7702b1d,212,,,,MACOSX_METADATA_EXCLUDED,__MACOSX metadata member; excluded from data-tree binding
用户风险接受的候选数据审计,Battery raw data/Cycle Data/12. HIGH C@ 25┬░C #4/2. CYC101-200_3C @25┬░C.csv,Cycle Data/12. HIGH C@ 25°C #4/2. CYC101-200_3C @25°C.csv,f6fc51d1,5027086,/Users/wanghaoming/Public/SOC电池数据中心/SOC电池数据中心/Battery raw data/Cycle Data/12. HIGH C@ 25°C #4/2. CYC101-200_3C @25°C.csv,5027086,f6fc51d1,PASS,RISK_ACCEPTED_SOURCE_BINDING; ZIP mojibake sequence ┬░ normalized to extracted ° when present
用户风险接受的候选数据审计,__MACOSX/Battery raw data/Cycle Data/12. HIGH C@ 25┬░C #4/._2. CYC101-200_3C @25┬░C.csv,,c7702b1d,212,,,,MACOSX_METADATA_EXCLUDED,__MACOSX metadata member; excluded from data-tree binding
用户风险接受的候选数据审计,Battery raw data/Cycle Data/12. HIGH C@ 25┬░C #4/5. CYC401-450_3C @25┬░C.csv,Cycle Data/12. HIGH C@ 25°C #4/5. CYC401-450_3C @25°C.csv,eb2aa770,2101097,/Users/wanghaoming/Public/SOC电池数据中心/SOC电池数据中心/Battery raw data/Cycle Data/12. HIGH C@ 25°C #4/5. CYC401-450_3C @25°C.csv,2101097,eb2aa770,PASS,RISK_ACCEPTED_SOURCE_BINDING; ZIP mojibake sequence ┬░ normalized to extracted ° when present
用户风险接受的候选数据审计,__MACOSX/Battery raw data/Cycle Data/12. HIGH C@ 25┬░C #4/._5. CYC401-450_3C @25┬░C.csv,,c7702b1d,212,,,,MACOSX_METADATA_EXCLUDED,__MACOSX metadata member; excluded from data-tree binding
用户风险接受的候选数据审计,Battery raw data/Cycle Data/12. HIGH C@ 25┬░C #4/4. CYC301-400_3C @25┬░C.csv,Cycle Data/12. HIGH C@ 25°C #4/4. CYC301-400_3C @25°C.csv,bb04f63e,4481530,/Users/wanghaoming/Public/SOC电池数据中心/SOC电池数据中心/Battery raw data/Cycle Data/12. HIGH C@ 25°C #4/4. CYC301-400_3C @25°C.csv,4481530,bb04f63e,PASS,RISK_ACCEPTED_SOURCE_BINDING; ZIP mojibake sequence ┬░ normalized to extracted ° when present
用户风险接受的候选数据审计,__MACOSX/Battery raw data/Cycle Data/12. HIGH C@ 25┬░C #4/._4. CYC301-400_3C @25┬░C.csv,,c7702b1d,212,,,,MACOSX_METADATA_EXCLUDED,__MACOSX metadata member; excluded from data-tree binding
用户风险接受的候选数据审计,Battery raw data/Cycle Data/12. HIGH C@ 25┬░C #4/1. CYC1-100_3C @25┬░C.csv,Cycle Data/12. HIGH C@ 25°C #4/1. CYC1-100_3C @25°C.csv,3e0aa2b2,5441961,/Users/wanghaoming/Public/SOC电池数据中心/SOC电池数据中心/Battery raw data/Cycle Data/12. HIGH C@ 25°C #4/1. CYC1-100_3C @25°C.csv,5441961,3e0aa2b2,PASS,RISK_ACCEPTED_SOURCE_BINDING; ZIP mojibake sequence ┬░ normalized to extracted ° when present
用户风险接受的候选数据审计,__MACOSX/Battery raw data/Cycle Data/12. HIGH C@ 25┬░C #4/._1. CYC1-100_3C @25┬░C.csv,,c7702b1d,212,,,,MACOSX_METADATA_EXCLUDED,__MACOSX metadata member; excluded from data-tree binding
用户风险接受的候选数据审计,Battery raw data/Cycle Data/49. LOW C@ 10┬░C #1/3. CYC101-150_0.5C @10┬░C.csv,Cycle Data/49. LOW C@ 10°C #1/3. CYC101-150_0.5C @10°C.csv,69fa0a6b,6483592,/Users/wanghaoming/Public/SOC电池数据中心/SOC电池数据中心/Battery raw data/Cycle Data/49. LOW C@ 10°C #1/3. CYC101-150_0.5C @10°C.csv,6483592,69fa0a6b,PASS,RISK_ACCEPTED_SOURCE_BINDING; ZIP mojibake sequence ┬░ normalized to extracted ° when present
用户风险接受的候选数据审计,__MACOSX/Battery raw data/Cycle Data/49. LOW C@ 10┬░C #1/._3. CYC101-150_0.5C @10┬░C.csv,,c7702b1d,212,,,,MACOSX_METADATA_EXCLUDED,__MACOSX metadata member; excluded from data-tree binding
用户风险接受的候选数据审计,Battery raw data/Cycle Data/49. LOW C@ 10┬░C #1/4. CYC151-210_0.5C @10┬░C.csv,Cycle Data/49. LOW C@ 10°C #1/4. CYC151-210_0.5C @10°C.csv,99a16c9d,7226569,/Users/wanghaoming/Public/SOC电池数据中心/SOC电池数据中心/Battery raw data/Cycle Data/49. LOW C@ 10°C #1/4. CYC151-210_0.5C @10°C.csv,7226569,99a16c9d,PASS,RISK_ACCEPTED_SOURCE_BINDING; ZIP mojibake sequence ┬░ normalized to extracted ° when present
用户风险接受的候选数据审计,__MACOSX/Battery raw data/Cycle Data/49. LOW C@ 10┬░C #1/._4. CYC151-210_0.5C @10┬░C.csv,,c7702b1d,212,,,,MACOSX_METADATA_EXCLUDED,__MACOSX metadata member; excluded from data-tree binding
用户风险接受的候选数据审计,Battery raw data/Cycle Data/49. LOW C@ 10┬░C #1/1. CYC1-50_0.5C @10┬░C.csv,Cycle Data/49. LOW C@ 10°C #1/1. CYC1-50_0.5C @10°C.csv,47bea3db,6968437,/Users/wanghaoming/Public/SOC电池数据中心/SOC电池数据中心/Battery raw data/Cycle Data/49. LOW C@ 10°C #1/1. CYC1-50_0.5C @10°C.csv,6968437,47bea3db,PASS,RISK_ACCEPTED_SOURCE_BINDING; ZIP mojibake sequence ┬░ normalized to extracted ° when present
用户风险接受的候选数据审计,__MACOSX/Battery raw data/Cycle Data/49. LOW C@ 10┬░C #1/._1. CYC1-50_0.5C @10┬░C.csv,,c7702b1d,212,,,,MACOSX_METADATA_EXCLUDED,__MACOSX metadata member; excluded from data-tree binding
用户风险接受的候选数据审计,Battery raw data/Cycle Data/49. LOW C@ 10┬░C #1/2. CYC51-100_0.5C @10┬░C.csv,Cycle Data/49. LOW C@ 10°C #1/2. CYC51-100_0.5C @10°C.csv,5926ec95,6697487,/Users/wanghaoming/Public/SOC电池数据中心/SOC电池数据中心/Battery raw data/Cycle Data/49. LOW C@ 10°C #1/2. CYC51-100_0.5C @10°C.csv,6697487,5926ec95,PASS,RISK_ACCEPTED_SOURCE_BINDING; ZIP mojibake sequence ┬░ normalized to extracted ° when present
用户风险接受的候选数据审计,__MACOSX/Battery raw data/Cycle Data/49. LOW C@ 10┬░C #1/._2. CYC51-100_0.5C @10┬░C.csv,,c7702b1d,212,,,,MACOSX_METADATA_EXCLUDED,__MACOSX metadata member; excluded from data-tree binding
用户风险接受的候选数据审计,Battery raw data/Cycle Data/36. 45┬░C #12/3. CYC76-125_3C @45┬░C.csv,Cycle Data/36. 45°C #12/3. CYC76-125_3C @45°C.csv,632c6b0d,2697015,/Users/wanghaoming/Public/SOC电池数据中心/SOC电池数据中心/Battery raw data/Cycle Data/36. 45°C #12/3. CYC76-125_3C @45°C.csv,2697015,632c6b0d,PASS,RISK_ACCEPTED_SOURCE_BINDING; ZIP mojibake sequence ┬░ normalized to extracted ° when present
用户风险接受的候选数据审计,__MACOSX/Battery raw data/Cycle Data/36. 45┬░C #12/._3. CYC76-125_3C @45┬░C.csv,,c7702b1d,212,,,,MACOSX_METADATA_EXCLUDED,__MACOSX metadata member; excluded from data-tree binding
用户风险接受的候选数据审计,Battery raw data/Cycle Data/36. 45┬░C #12/6. CYC251-300_3C @45┬░C.csv,Cycle Data/36. 45°C #12/6. CYC251-300_3C @45°C.csv,a5f71dc1,2497054,/Users/wanghaoming/Public/SOC电池数据中心/SOC电池数据中心/Battery raw data/Cycle Data/36. 45°C #12/6. CYC251-300_3C @45°C.csv,2497054,a5f71dc1,PASS,RISK_ACCEPTED_SOURCE_BINDING; ZIP mojibake sequence ┬░ normalized to extracted ° when present
用户风险接受的候选数据审计,__MACOSX/Battery raw data/Cycle Data/36. 45┬░C #12/._6. CYC251-300_3C @45┬░C.csv,,c7702b1d,212,,,,MACOSX_METADATA_EXCLUDED,__MACOSX metadata member; excluded from data-tree binding
用户风险接受的候选数据审计,Battery raw data/Cycle Data/36. 45┬░C #12/2. CYC26-75_3C @45┬░C.csv,Cycle Data/36. 45°C #12/2. CYC26-75_3C @45°C.csv,bc730f84,2834383,/Users/wanghaoming/Public/SOC电池数据中心/SOC电池数据中心/Battery raw data/Cycle Data/36. 45°C #12/2. CYC26-75_3C @45°C.csv,2834383,bc730f84,PASS,RISK_ACCEPTED_SOURCE_BINDING; ZIP mojibake sequence ┬░ normalized to extracted ° when present
用户风险接受的候选数据审计,__MACOSX/Battery raw data/Cycle Data/36. 45┬░C #12/._2. CYC26-75_3C @45┬░C.csv,,c7702b1d,212,,,,MACOSX_METADATA_EXCLUDED,__MACOSX metadata member; excluded from data-tree binding
用户风险接受的候选数据审计,Battery raw data/Cycle Data/36. 45┬░C #12/8. CYC401-450_3C @45┬░C.csv,Cycle Data/36. 45°C #12/8. CYC401-450_3C @45°C.csv,5b6798f4,2324773,/Users/wanghaoming/Public/SOC电池数据中心/SOC电池数据中心/Battery raw data/Cycle Data/36. 45°C #12/8. CYC401-450_3C @45°C.csv,2324773,5b6798f4,PASS,RISK_ACCEPTED_SOURCE_BINDING; ZIP mojibake sequence ┬░ normalized to extracted ° when present
用户风险接受的候选数据审计,__MACOSX/Battery raw data/Cycle Data/36. 45┬░C #12/._8. CYC401-450_3C @45┬░C.csv,,c7702b1d,212,,,,MACOSX_METADATA_EXCLUDED,__MACOSX metadata member; excluded from data-tree binding
用户风险接受的候选数据审计,Battery raw data/Cycle Data/36. 45┬░C #12/1. CYC1-25_3C @45┬░C.csv,Cycle Data/36. 45°C #12/1. CYC1-25_3C @45°C.csv,4479b373,1471852,/Users/wanghaoming/Public/SOC电池数据中心/SOC电池数据中心/Battery raw data/Cycle Data/36. 45°C #12/1. CYC1-25_3C @45°C.csv,1471852,4479b373,PASS,RISK_ACCEPTED_SOURCE_BINDING; ZIP mojibake sequence ┬░ normalized to extracted ° when present
用户风险接受的候选数据审计,__MACOSX/Battery raw data/Cycle Data/36. 45┬░C #12/._1. CYC1-25_3C @45┬░C.csv,,c7702b1d,212,,,,MACOSX_METADATA_EXCLUDED,__MACOSX metadata member; excluded from data-tree binding
用户风险接受的候选数据审计,Battery raw data/Cycle Data/36. 45┬░C #12/5. CYC201-250_3C @45┬░C.csv,Cycle Data/36. 45°C #12/5. CYC201-250_3C @45°C.csv,a3d6bc74,2544207,/Users/wanghaoming/Public/SOC电池数据中心/SOC电池数据中心/Battery raw data/Cycle Data/36. 45°C #12/5. CYC201-250_3C @45°C.csv,2544207,a3d6bc74,PASS,RISK_ACCEPTED_SOURCE_BINDING; ZIP mojibake sequence ┬░ normalized to extracted ° when present
用户风险接受的候选数据审计,__MACOSX/Battery raw data/Cycle Data/36. 45┬░C #12/._5. CYC201-250_3C @45┬░C.csv,,c7702b1d,212,,,,MACOSX_METADATA_EXCLUDED,__MACOSX metadata member; excluded from data-tree binding
用户风险接受的候选数据审计,Battery raw data/Cycle Data/36. 45┬░C #12/4. CYC126-200_3C @45┬░C.csv,Cycle Data/36. 45°C #12/4. CYC126-200_3C @45°C.csv,059c30a2,3931694,/Users/wanghaoming/Public/SOC电池数据中心/SOC电池数据中心/Battery raw data/Cycle Data/36. 45°C #12/4. CYC126-200_3C @45°C.csv,3931694,059c30a2,PASS,RISK_ACCEPTED_SOURCE_BINDING; ZIP mojibake sequence ┬░ normalized to extracted ° when present
用户风险接受的候选数据审计,__MACOSX/Battery raw data/Cycle Data/36. 45┬░C #12/._4. CYC126-200_3C @45┬░C.csv,,c7702b1d,212,,,,MACOSX_METADATA_EXCLUDED,__MACOSX metadata member; excluded from data-tree binding
用户风险接受的候选数据审计,Battery raw data/Cycle Data/36. 45┬░C #12/7. CYC301-400_3C @45┬░C.csv,Cycle Data/36. 45°C #12/7. CYC301-400_3C @45°C.csv,da01f418,4835377,/Users/wanghaoming/Public/SOC电池数据中心/SOC电池数据中心/Battery raw data/Cycle Data/36. 45°C #12/7. CYC301-400_3C @45°C.csv,4835377,da01f418,PASS,RISK_ACCEPTED_SOURCE_BINDING; ZIP mojibake sequence ┬░ normalized to extracted ° when present
用户风险接受的候选数据审计,__MACOSX/Battery raw data/Cycle Data/36. 45┬░C #12/._7. CYC301-400_3C @45┬░C.csv,,c7702b1d,212,,,,MACOSX_METADATA_EXCLUDED,__MACOSX metadata member; excluded from data-tree binding
用户风险接受的候选数据审计,Battery raw data/Cycle Data/18. 4.35V@ 25┬░C #2/1. CYC1-50_4.35V @25┬░C.csv,Cycle Data/18. 4.35V@ 25°C #2/1. CYC1-50_4.35V @25°C.csv,b23e0782,5033844,/Users/wanghaoming/Public/SOC电池数据中心/SOC电池数据中心/Battery raw data/Cycle Data/18. 4.35V@ 25°C #2/1. CYC1-50_4.35V @25°C.csv,5033844,b23e0782,PASS,RISK_ACCEPTED_SOURCE_BINDING; ZIP mojibake sequence ┬░ normalized to extracted ° when present
用户风险接受的候选数据审计,__MACOSX/Battery raw data/Cycle Data/18. 4.35V@ 25┬░C #2/._1. CYC1-50_4.35V @25┬░C.csv,,c7702b1d,212,,,,MACOSX_METADATA_EXCLUDED,__MACOSX metadata member; excluded from data-tree binding
用户风险接受的候选数据审计,Battery raw data/Cycle Data/18. 4.35V@ 25┬░C #2/5. CYC206-215_4.35V@25┬░C.csv,Cycle Data/18. 4.35V@ 25°C #2/5. CYC206-215_4.35V@25°C.csv,4b649e9a,750738,/Users/wanghaoming/Public/SOC电池数据中心/SOC电池数据中心/Battery raw data/Cycle Data/18. 4.35V@ 25°C #2/5. CYC206-215_4.35V@25°C.csv,750738,4b649e9a,PASS,RISK_ACCEPTED_SOURCE_BINDING; ZIP mojibake sequence ┬░ normalized to extracted ° when present
用户风险接受的候选数据审计,__MACOSX/Battery raw data/Cycle Data/18. 4.35V@ 25┬░C #2/._5. CYC206-215_4.35V@25┬░C.csv,,c7702b1d,212,,,,MACOSX_METADATA_EXCLUDED,__MACOSX metadata member; excluded from data-tree binding
用户风险接受的候选数据审计,Battery raw data/Cycle Data/18. 4.35V@ 25┬░C #2/3. CYC101-150_4.35V @25┬░C.csv,Cycle Data/18. 4.35V@ 25°C #2/3. CYC101-150_4.35V @25°C.csv,0e93417d,4574277,/Users/wanghaoming/Public/SOC电池数据中心/SOC电池数据中心/Battery raw data/Cycle Data/18. 4.35V@ 25°C #2/3. CYC101-150_4.35V @25°C.csv,4574277,0e93417d,PASS,RISK_ACCEPTED_SOURCE_BINDING; ZIP mojibake sequence ┬░ normalized to extracted ° when present
用户风险接受的候选数据审计,__MACOSX/Battery raw data/Cycle Data/18. 4.35V@ 25┬░C #2/._3. CYC101-150_4.35V @25┬░C.csv,,c7702b1d,212,,,,MACOSX_METADATA_EXCLUDED,__MACOSX metadata member; excluded from data-tree binding
用户风险接受的候选数据审计,Battery raw data/Cycle Data/18. 4.35V@ 25┬░C #2/4. CYC151-205_4.35V@25┬░C.csv,Cycle Data/18. 4.35V@ 25°C #2/4. CYC151-205_4.35V@25°C.csv,90b60b58,4593925,/Users/wanghaoming/Public/SOC电池数据中心/SOC电池数据中心/Battery raw data/Cycle Data/18. 4.35V@ 25°C #2/4. CYC151-205_4.35V@25°C.csv,4593925,90b60b58,PASS,RISK_ACCEPTED_SOURCE_BINDING; ZIP mojibake sequence ┬░ normalized to extracted ° when present
用户风险接受的候选数据审计,__MACOSX/Battery raw data/Cycle Data/18. 4.35V@ 25┬░C #2/._4. CYC151-205_4.35V@25┬░C.csv,,c7702b1d,212,,,,MACOSX_METADATA_EXCLUDED,__MACOSX metadata member; excluded from data-tree binding
用户风险接受的候选数据审计,Battery raw data/Cycle Data/18. 4.35V@ 25┬░C #2/2. CYC51-100_4.35V @25┬░C.csv,Cycle Data/18. 4.35V@ 25°C #2/2. CYC51-100_4.35V @25°C.csv,7e76bec2,4800151,/Users/wanghaoming/Public/SOC电池数据中心/SOC电池数据中心/Battery raw data/Cycle Data/18. 4.35V@ 25°C #2/2. CYC51-100_4.35V @25°C.csv,4800151,7e76bec2,PASS,RISK_ACCEPTED_SOURCE_BINDING; ZIP mojibake sequence ┬░ normalized to extracted ° when present
用户风险接受的候选数据审计,__MACOSX/Battery raw data/Cycle Data/18. 4.35V@ 25┬░C #2/._2. CYC51-100_4.35V @25┬░C.csv,,c7702b1d,212,,,,MACOSX_METADATA_EXCLUDED,__MACOSX metadata member; excluded from data-tree binding
用户风险接受的候选数据审计,Battery raw data/Cycle Data/34. 45┬░C #10/3. CYC76-125_3C @45┬░C.csv,Cycle Data/34. 45°C #10/3. CYC76-125_3C @45°C.csv,d0da8b06,2689330,/Users/wanghaoming/Public/SOC电池数据中心/SOC电池数据中心/Battery raw data/Cycle Data/34. 45°C #10/3. CYC76-125_3C @45°C.csv,2689330,d0da8b06,PASS,RISK_ACCEPTED_SOURCE_BINDING; ZIP mojibake sequence ┬░ normalized to extracted ° when present
用户风险接受的候选数据审计,__MACOSX/Battery raw data/Cycle Data/34. 45┬░C #10/._3. CYC76-125_3C @45┬░C.csv,,c7702b1d,212,,,,MACOSX_METADATA_EXCLUDED,__MACOSX metadata member; excluded from data-tree binding
用户风险接受的候选数据审计,Battery raw data/Cycle Data/34. 45┬░C #10/6. CYC251-300_3C @45┬░C.csv,Cycle Data/34. 45°C #10/6. CYC251-300_3C @45°C.csv,c0156f41,2481688,/Users/wanghaoming/Public/SOC电池数据中心/SOC电池数据中心/Battery raw data/Cycle Data/34. 45°C #10/6. CYC251-300_3C @45°C.csv,2481688,c0156f41,PASS,RISK_ACCEPTED_SOURCE_BINDING; ZIP mojibake sequence ┬░ normalized to extracted ° when present
用户风险接受的候选数据审计,__MACOSX/Battery raw data/Cycle Data/34. 45┬░C #10/._6. CYC251-300_3C @45┬░C.csv,,c7702b1d,212,,,,MACOSX_METADATA_EXCLUDED,__MACOSX metadata member; excluded from data-tree binding
用户风险接受的候选数据审计,Battery raw data/Cycle Data/34. 45┬░C #10/2. CYC26-75_3C @45┬░C.csv,Cycle Data/34. 45°C #10/2. CYC26-75_3C @45°C.csv,ddb2955f,2831219,/Users/wanghaoming/Public/SOC电池数据中心/SOC电池数据中心/Battery raw data/Cycle Data/34. 45°C #10/2. CYC26-75_3C @45°C.csv,2831219,ddb2955f,PASS,RISK_ACCEPTED_SOURCE_BINDING; ZIP mojibake sequence ┬░ normalized to extracted ° when present
用户风险接受的候选数据审计,__MACOSX/Battery raw data/Cycle Data/34. 45┬░C #10/._2. CYC26-75_3C @45┬░C.csv,,c7702b1d,212,,,,MACOSX_METADATA_EXCLUDED,__MACOSX metadata member; excluded from data-tree binding
用户风险接受的候选数据审计,Battery raw data/Cycle Data/34. 45┬░C #10/8. CYC401-450_3C @45┬░C.csv,Cycle Data/34. 45°C #10/8. CYC401-450_3C @45°C.csv,51af74f5,2325116,/Users/wanghaoming/Public/SOC电池数据中心/SOC电池数据中心/Battery raw data/Cycle Data/34. 45°C #10/8. CYC401-450_3C @45°C.csv,2325116,51af74f5,PASS,RISK_ACCEPTED_SOURCE_BINDING; ZIP mojibake sequence ┬░ normalized to extracted ° when present
用户风险接受的候选数据审计,__MACOSX/Battery raw data/Cycle Data/34. 45┬░C #10/._8. CYC401-450_3C @45┬░C.csv,,c7702b1d,212,,,,MACOSX_METADATA_EXCLUDED,__MACOSX metadata member; excluded from data-tree binding
用户风险接受的候选数据审计,Battery raw data/Cycle Data/34. 45┬░C #10/1. CYC1-25_3C @45┬░C.csv,Cycle Data/34. 45°C #10/1. CYC1-25_3C @45°C.csv,7b95b475,1467875,/Users/wanghaoming/Public/SOC电池数据中心/SOC电池数据中心/Battery raw data/Cycle Data/34. 45°C #10/1. CYC1-25_3C @45°C.csv,1467875,7b95b475,PASS,RISK_ACCEPTED_SOURCE_BINDING; ZIP mojibake sequence ┬░ normalized to extracted ° when present
用户风险接受的候选数据审计,__MACOSX/Battery raw data/Cycle Data/34. 45┬░C #10/._1. CYC1-25_3C @45┬░C.csv,,c7702b1d,212,,,,MACOSX_METADATA_EXCLUDED,__MACOSX metadata member; excluded from data-tree binding
用户风险接受的候选数据审计,Battery raw data/Cycle Data/34. 45┬░C #10/5. CYC201-250_3C @45┬░C.csv,Cycle Data/34. 45°C #10/5. CYC201-250_3C @45°C.csv,02fe7785,2522783,/Users/wanghaoming/Public/SOC电池数据中心/SOC电池数据中心/Battery raw data/Cycle Data/34. 45°C #10/5. CYC201-250_3C @45°C.csv,2522783,02fe7785,PASS,RISK_ACCEPTED_SOURCE_BINDING; ZIP mojibake sequence ┬░ normalized to extracted ° when present
用户风险接受的候选数据审计,__MACOSX/Battery raw data/Cycle Data/34. 45┬░C #10/._5. CYC201-250_3C @45┬░C.csv,,c7702b1d,212,,,,MACOSX_METADATA_EXCLUDED,__MACOSX metadata member; excluded from data-tree binding
用户风险接受的候选数据审计,Battery raw data/Cycle Data/34. 45┬░C #10/4. CYC126-200_3C @45┬░C.csv,Cycle Data/34. 45°C #10/4. CYC126-200_3C @45°C.csv,1c88d10b,3902030,/Users/wanghaoming/Public/SOC电池数据中心/SOC电池数据中心/Battery raw data/Cycle Data/34. 45°C #10/4. CYC126-200_3C @45°C.csv,3902030,1c88d10b,PASS,RISK_ACCEPTED_SOURCE_BINDING; ZIP mojibake sequence ┬░ normalized to extracted ° when present
用户风险接受的候选数据审计,__MACOSX/Battery raw data/Cycle Data/34. 45┬░C #10/._4. CYC126-200_3C @45┬░C.csv,,c7702b1d,212,,,,MACOSX_METADATA_EXCLUDED,__MACOSX metadata member; excluded from data-tree binding
用户风险接受的候选数据审计,Battery raw data/Cycle Data/34. 45┬░C #10/7. CYC301-400_3C @45┬░C.csv,Cycle Data/34. 45°C #10/7. CYC301-400_3C @45°C.csv,4397208b,4830870,/Users/wanghaoming/Public/SOC电池数据中心/SOC电池数据中心/Battery raw data/Cycle Data/34. 45°C #10/7. CYC301-400_3C @45°C.csv,4830870,4397208b,PASS,RISK_ACCEPTED_SOURCE_BINDING; ZIP mojibake sequence ┬░ normalized to extracted ° when present
用户风险接受的候选数据审计,__MACOSX/Battery raw data/Cycle Data/34. 45┬░C #10/._7. CYC301-400_3C @45┬░C.csv,,c7702b1d,212,,,,MACOSX_METADATA_EXCLUDED,__MACOSX metadata member; excluded from data-tree binding
用户风险接受的候选数据审计,Battery raw data/Cycle Data/56 LOW C@ 10┬░C #8/4. CYC151-200_1C @10┬░C.csv,Cycle Data/56 LOW C@ 10°C #8/4. CYC151-200_1C @10°C.csv,2dc8d244,3227748,/Users/wanghaoming/Public/SOC电池数据中心/SOC电池数据中心/Battery raw data/Cycle Data/56 LOW C@ 10°C #8/4. CYC151-200_1C @10°C.csv,3227748,2dc8d244,PASS,RISK_ACCEPTED_SOURCE_BINDING; ZIP mojibake sequence ┬░ normalized to extracted ° when present
用户风险接受的候选数据审计,__MACOSX/Battery raw data/Cycle Data/56 LOW C@ 10┬░C #8/._4. CYC151-200_1C @10┬░C.csv,,c7702b1d,212,,,,MACOSX_METADATA_EXCLUDED,__MACOSX metadata member; excluded from data-tree binding
用户风险接受的候选数据审计,Battery raw data/Cycle Data/56 LOW C@ 10┬░C #8/3. CYC101-150_1C @10┬░C.csv,Cycle Data/56 LOW C@ 10°C #8/3. CYC101-150_1C @10°C.csv,8a086e27,3901945,/Users/wanghaoming/Public/SOC电池数据中心/SOC电池数据中心/Battery raw data/Cycle Data/56 LOW C@ 10°C #8/3. CYC101-150_1C @10°C.csv,3901945,8a086e27,PASS,RISK_ACCEPTED_SOURCE_BINDING; ZIP mojibake sequence ┬░ normalized to extracted ° when present
用户风险接受的候选数据审计,__MACOSX/Battery raw data/Cycle Data/56 LOW C@ 10┬░C #8/._3. CYC101-150_1C @10┬░C.csv,,c7702b1d,212,,,,MACOSX_METADATA_EXCLUDED,__MACOSX metadata member; excluded from data-tree binding
用户风险接受的候选数据审计,Battery raw data/Cycle Data/56 LOW C@ 10┬░C #8/1. CYC1-50_1C @10┬░C.csv,Cycle Data/56 LOW C@ 10°C #8/1. CYC1-50_1C @10°C.csv,97c1cb15,4359160,/Users/wanghaoming/Public/SOC电池数据中心/SOC电池数据中心/Battery raw data/Cycle Data/56 LOW C@ 10°C #8/1. CYC1-50_1C @10°C.csv,4359160,97c1cb15,PASS,RISK_ACCEPTED_SOURCE_BINDING; ZIP mojibake sequence ┬░ normalized to extracted ° when present
用户风险接受的候选数据审计,__MACOSX/Battery raw data/Cycle Data/56 LOW C@ 10┬░C #8/._1. CYC1-50_1C @10┬░C.csv,,c7702b1d,212,,,,MACOSX_METADATA_EXCLUDED,__MACOSX metadata member; excluded from data-tree binding
用户风险接受的候选数据审计,Battery raw data/Cycle Data/56 LOW C@ 10┬░C #8/2. CYC51-100_1C @10┬░C.csv,Cycle Data/56 LOW C@ 10°C #8/2. CYC51-100_1C @10°C.csv,829699a8,4155215,/Users/wanghaoming/Public/SOC电池数据中心/SOC电池数据中心/Battery raw data/Cycle Data/56 LOW C@ 10°C #8/2. CYC51-100_1C @10°C.csv,4155215,829699a8,PASS,RISK_ACCEPTED_SOURCE_BINDING; ZIP mojibake sequence ┬░ normalized to extracted ° when present
用户风险接受的候选数据审计,__MACOSX/Battery raw data/Cycle Data/56 LOW C@ 10┬░C #8/._2. CYC51-100_1C @10┬░C.csv,,c7702b1d,212,,,,MACOSX_METADATA_EXCLUDED,__MACOSX metadata member; excluded from data-tree binding
用户风险接受的候选数据审计,Battery raw data/Cycle Data/52. LOW C@ 10┬░C #4/3. CYC101-150_0.5C @10┬░C.csv,Cycle Data/52. LOW C@ 10°C #4/3. CYC101-150_0.5C @10°C.csv,ef425af2,6474419,/Users/wanghaoming/Public/SOC电池数据中心/SOC电池数据中心/Battery raw data/Cycle Data/52. LOW C@ 10°C #4/3. CYC101-150_0.5C @10°C.csv,6474419,ef425af2,PASS,RISK_ACCEPTED_SOURCE_BINDING; ZIP mojibake sequence ┬░ normalized to extracted ° when present
用户风险接受的候选数据审计,__MACOSX/Battery raw data/Cycle Data/52. LOW C@ 10┬░C #4/._3. CYC101-150_0.5C @10┬░C.csv,,c7702b1d,212,,,,MACOSX_METADATA_EXCLUDED,__MACOSX metadata member; excluded from data-tree binding
用户风险接受的候选数据审计,Battery raw data/Cycle Data/52. LOW C@ 10┬░C #4/4. CYC151-210_0.5C @10┬░C.csv,Cycle Data/52. LOW C@ 10°C #4/4. CYC151-210_0.5C @10°C.csv,68ed2130,7157073,/Users/wanghaoming/Public/SOC电池数据中心/SOC电池数据中心/Battery raw data/Cycle Data/52. LOW C@ 10°C #4/4. CYC151-210_0.5C @10°C.csv,7157073,68ed2130,PASS,RISK_ACCEPTED_SOURCE_BINDING; ZIP mojibake sequence ┬░ normalized to extracted ° when present
用户风险接受的候选数据审计,__MACOSX/Battery raw data/Cycle Data/52. LOW C@ 10┬░C #4/._4. CYC151-210_0.5C @10┬░C.csv,,c7702b1d,212,,,,MACOSX_METADATA_EXCLUDED,__MACOSX metadata member; excluded from data-tree binding
用户风险接受的候选数据审计,Battery raw data/Cycle Data/52. LOW C@ 10┬░C #4/1. CYC1-50_0.5C @10┬░C.csv,Cycle Data/52. LOW C@ 10°C #4/1. CYC1-50_0.5C @10°C.csv,8a80eee9,6977335,/Users/wanghaoming/Public/SOC电池数据中心/SOC电池数据中心/Battery raw data/Cycle Data/52. LOW C@ 10°C #4/1. CYC1-50_0.5C @10°C.csv,6977335,8a80eee9,PASS,RISK_ACCEPTED_SOURCE_BINDING; ZIP mojibake sequence ┬░ normalized to extracted ° when present
用户风险接受的候选数据审计,__MACOSX/Battery raw data/Cycle Data/52. LOW C@ 10┬░C #4/._1. CYC1-50_0.5C @10┬░C.csv,,c7702b1d,212,,,,MACOSX_METADATA_EXCLUDED,__MACOSX metadata member; excluded from data-tree binding
用户风险接受的候选数据审计,Battery raw data/Cycle Data/52. LOW C@ 10┬░C #4/2. CYC51-100_0.5C @10┬░C.csv,Cycle Data/52. LOW C@ 10°C #4/2. CYC51-100_0.5C @10°C.csv,ba042e9a,6700854,/Users/wanghaoming/Public/SOC电池数据中心/SOC电池数据中心/Battery raw data/Cycle Data/52. LOW C@ 10°C #4/2. CYC51-100_0.5C @10°C.csv,6700854,ba042e9a,PASS,RISK_ACCEPTED_SOURCE_BINDING; ZIP mojibake sequence ┬░ normalized to extracted ° when present
用户风险接受的候选数据审计,__MACOSX/Battery raw data/Cycle Data/52. LOW C@ 10┬░C #4/._2. CYC51-100_0.5C @10┬░C.csv,,c7702b1d,212,,,,MACOSX_METADATA_EXCLUDED,__MACOSX metadata member; excluded from data-tree binding
用户风险接受的候选数据审计,Battery raw data/Cycle Data/21. 4.5V@ 25┬░C #1/3. CYC 101-115_4.5V @25┬░C.csv,Cycle Data/21. 4.5V@ 25°C #1/3. CYC 101-115_4.5V @25°C.csv,27773ec8,1321980,/Users/wanghaoming/Public/SOC电池数据中心/SOC电池数据中心/Battery raw data/Cycle Data/21. 4.5V@ 25°C #1/3. CYC 101-115_4.5V @25°C.csv,1321980,27773ec8,PASS,RISK_ACCEPTED_SOURCE_BINDING; ZIP mojibake sequence ┬░ normalized to extracted ° when present
用户风险接受的候选数据审计,__MACOSX/Battery raw data/Cycle Data/21. 4.5V@ 25┬░C #1/._3. CYC 101-115_4.5V @25┬░C.csv,,c7702b1d,212,,,,MACOSX_METADATA_EXCLUDED,__MACOSX metadata member; excluded from data-tree binding
用户风险接受的候选数据审计,Battery raw data/Cycle Data/21. 4.5V@ 25┬░C #1/1. CYC 1-50_4.5V @25┬░C.csv,Cycle Data/21. 4.5V@ 25°C #1/1. CYC 1-50_4.5V @25°C.csv,0e6c01ef,5276839,/Users/wanghaoming/Public/SOC电池数据中心/SOC电池数据中心/Battery raw data/Cycle Data/21. 4.5V@ 25°C #1/1. CYC 1-50_4.5V @25°C.csv,5276839,0e6c01ef,PASS,RISK_ACCEPTED_SOURCE_BINDING; ZIP mojibake sequence ┬░ normalized to extracted ° when present
用户风险接受的候选数据审计,__MACOSX/Battery raw data/Cycle Data/21. 4.5V@ 25┬░C #1/._1. CYC 1-50_4.5V @25┬░C.csv,,c7702b1d,212,,,,MACOSX_METADATA_EXCLUDED,__MACOSX metadata member; excluded from data-tree binding
用户风险接受的候选数据审计,Battery raw data/Cycle Data/21. 4.5V@ 25┬░C #1/2. CYC 51-100_4.5V @25┬░C.csv,Cycle Data/21. 4.5V@ 25°C #1/2. CYC 51-100_4.5V @25°C.csv,532e5e69,4944615,/Users/wanghaoming/Public/SOC电池数据中心/SOC电池数据中心/Battery raw data/Cycle Data/21. 4.5V@ 25°C #1/2. CYC 51-100_4.5V @25°C.csv,4944615,532e5e69,PASS,RISK_ACCEPTED_SOURCE_BINDING; ZIP mojibake sequence ┬░ normalized to extracted ° when present
用户风险接受的候选数据审计,__MACOSX/Battery raw data/Cycle Data/21. 4.5V@ 25┬░C #1/._2. CYC 51-100_4.5V @25┬░C.csv,,c7702b1d,212,,,,MACOSX_METADATA_EXCLUDED,__MACOSX metadata member; excluded from data-tree binding
用户风险接受的候选数据审计,Battery raw data/Cycle Data/21. 4.5V@ 25┬░C #1/4. CYC 115-130_4.5V @25┬░C.csv,Cycle Data/21. 4.5V@ 25°C #1/4. CYC 115-130_4.5V @25°C.csv,65aaab6b,1216722,/Users/wanghaoming/Public/SOC电池数据中心/SOC电池数据中心/Battery raw data/Cycle Data/21. 4.5V@ 25°C #1/4. CYC 115-130_4.5V @25°C.csv,1216722,65aaab6b,PASS,RISK_ACCEPTED_SOURCE_BINDING; ZIP mojibake sequence ┬░ normalized to extracted ° when present
用户风险接受的候选数据审计,__MACOSX/Battery raw data/Cycle Data/21. 4.5V@ 25┬░C #1/._4. CYC 115-130_4.5V @25┬░C.csv,,c7702b1d,212,,,,MACOSX_METADATA_EXCLUDED,__MACOSX metadata member; excluded from data-tree binding
用户风险接受的候选数据审计,Battery raw data/Cycle Data/31. 45┬░C #7/5. CYC201-250_1C @45┬░C.csv,Cycle Data/31. 45°C #7/5. CYC201-250_1C @45°C.csv,5727d039,4364120,/Users/wanghaoming/Public/SOC电池数据中心/SOC电池数据中心/Battery raw data/Cycle Data/31. 45°C #7/5. CYC201-250_1C @45°C.csv,4364120,5727d039,PASS,RISK_ACCEPTED_SOURCE_BINDING; ZIP mojibake sequence ┬░ normalized to extracted ° when present
用户风险接受的候选数据审计,__MACOSX/Battery raw data/Cycle Data/31. 45┬░C #7/._5. CYC201-250_1C @45┬░C.csv,,c7702b1d,212,,,,MACOSX_METADATA_EXCLUDED,__MACOSX metadata member; excluded from data-tree binding
用户风险接受的候选数据审计,Battery raw data/Cycle Data/31. 45┬░C #7/7. CYC351-450_1C @45┬░C.csv,Cycle Data/31. 45°C #7/7. CYC351-450_1C @45°C.csv,1004ec4f,8281908,/Users/wanghaoming/Public/SOC电池数据中心/SOC电池数据中心/Battery raw data/Cycle Data/31. 45°C #7/7. CYC351-450_1C @45°C.csv,8281908,1004ec4f,PASS,RISK_ACCEPTED_SOURCE_BINDING; ZIP mojibake sequence ┬░ normalized to extracted ° when present
用户风险接受的候选数据审计,__MACOSX/Battery raw data/Cycle Data/31. 45┬░C #7/._7. CYC351-450_1C @45┬░C.csv,,c7702b1d,212,,,,MACOSX_METADATA_EXCLUDED,__MACOSX metadata member; excluded from data-tree binding
用户风险接受的候选数据审计,Battery raw data/Cycle Data/31. 45┬░C #7/2. CYC51-100_1C @45┬░C.csv,Cycle Data/31. 45°C #7/2. CYC51-100_1C @45°C.csv,eb700b17,4683187,/Users/wanghaoming/Public/SOC电池数据中心/SOC电池数据中心/Battery raw data/Cycle Data/31. 45°C #7/2. CYC51-100_1C @45°C.csv,4683187,eb700b17,PASS,RISK_ACCEPTED_SOURCE_BINDING; ZIP mojibake sequence ┬░ normalized to extracted ° when present
用户风险接受的候选数据审计,__MACOSX/Battery raw data/Cycle Data/31. 45┬░C #7/._2. CYC51-100_1C @45┬░C.csv,,c7702b1d,212,,,,MACOSX_METADATA_EXCLUDED,__MACOSX metadata member; excluded from data-tree binding
用户风险接受的候选数据审计,Battery raw data/Cycle Data/31. 45┬░C #7/4. CYC151-200_1C @45┬░C.csv,Cycle Data/31. 45°C #7/4. CYC151-200_1C @45°C.csv,62be0a86,4458073,/Users/wanghaoming/Public/SOC电池数据中心/SOC电池数据中心/Battery raw data/Cycle Data/31. 45°C #7/4. CYC151-200_1C @45°C.csv,4458073,62be0a86,PASS,RISK_ACCEPTED_SOURCE_BINDING; ZIP mojibake sequence ┬░ normalized to extracted ° when present
用户风险接受的候选数据审计,__MACOSX/Battery raw data/Cycle Data/31. 45┬░C #7/._4. CYC151-200_1C @45┬░C.csv,,c7702b1d,212,,,,MACOSX_METADATA_EXCLUDED,__MACOSX metadata member; excluded from data-tree binding
用户风险接受的候选数据审计,Battery raw data/Cycle Data/31. 45┬░C #7/3. CYC101-150_1C @45┬░C.csv,Cycle Data/31. 45°C #7/3. CYC101-150_1C @45°C.csv,0f24f423,4566406,/Users/wanghaoming/Public/SOC电池数据中心/SOC电池数据中心/Battery raw data/Cycle Data/31. 45°C #7/3. CYC101-150_1C @45°C.csv,4566406,0f24f423,PASS,RISK_ACCEPTED_SOURCE_BINDING; ZIP mojibake sequence ┬░ normalized to extracted ° when present
用户风险接受的候选数据审计,__MACOSX/Battery raw data/Cycle Data/31. 45┬░C #7/._3. CYC101-150_1C @45┬░C.csv,,c7702b1d,212,,,,MACOSX_METADATA_EXCLUDED,__MACOSX metadata member; excluded from data-tree binding
用户风险接受的候选数据审计,Battery raw data/Cycle Data/31. 45┬░C #7/6. CYC251-350_1C @45┬░C.csv,Cycle Data/31. 45°C #7/6. CYC251-350_1C @45°C.csv,2ee61a91,8572762,/Users/wanghaoming/Public/SOC电池数据中心/SOC电池数据中心/Battery raw data/Cycle Data/31. 45°C #7/6. CYC251-350_1C @45°C.csv,8572762,2ee61a91,PASS,RISK_ACCEPTED_SOURCE_BINDING; ZIP mojibake sequence ┬░ normalized to extracted ° when present
用户风险接受的候选数据审计,__MACOSX/Battery raw data/Cycle Data/31. 45┬░C #7/._6. CYC251-350_1C @45┬░C.csv,,c7702b1d,212,,,,MACOSX_METADATA_EXCLUDED,__MACOSX metadata member; excluded from data-tree binding
用户风险接受的候选数据审计,Battery raw data/Cycle Data/31. 45┬░C #7/1. CYC1-50_1C @45┬░C.csv,Cycle Data/31. 45°C #7/1. CYC1-50_1C @45°C.csv,41daf0e5,4895580,/Users/wanghaoming/Public/SOC电池数据中心/SOC电池数据中心/Battery raw data/Cycle Data/31. 45°C #7/1. CYC1-50_1C @45°C.csv,4895580,41daf0e5,PASS,RISK_ACCEPTED_SOURCE_BINDING; ZIP mojibake sequence ┬░ normalized to extracted ° when present
用户风险接受的候选数据审计,__MACOSX/Battery raw data/Cycle Data/31. 45┬░C #7/._1. CYC1-50_1C @45┬░C.csv,,c7702b1d,212,,,,MACOSX_METADATA_EXCLUDED,__MACOSX metadata member; excluded from data-tree binding
用户风险接受的候选数据审计,Battery raw data/Cycle Data/45. 60┬░C #9/5. CYC201-250_3C @60┬░C.csv,Cycle Data/45. 60°C #9/5. CYC201-250_3C @60°C.csv,6d077a1e,2546142,/Users/wanghaoming/Public/SOC电池数据中心/SOC电池数据中心/Battery raw data/Cycle Data/45. 60°C #9/5. CYC201-250_3C @60°C.csv,2546142,6d077a1e,PASS,RISK_ACCEPTED_SOURCE_BINDING; ZIP mojibake sequence ┬░ normalized to extracted ° when present
用户风险接受的候选数据审计,__MACOSX/Battery raw data/Cycle Data/45. 60┬░C #9/._5. CYC201-250_3C @60┬░C.csv,,c7702b1d,212,,,,MACOSX_METADATA_EXCLUDED,__MACOSX metadata member; excluded from data-tree binding
用户风险接受的候选数据审计,Battery raw data/Cycle Data/45. 60┬░C #9/2. CYC51-100_3C @60┬░C.csv,Cycle Data/45. 60°C #9/2. CYC51-100_3C @60°C.csv,fd7e1323,2797606,/Users/wanghaoming/Public/SOC电池数据中心/SOC电池数据中心/Battery raw data/Cycle Data/45. 60°C #9/2. CYC51-100_3C @60°C.csv,2797606,fd7e1323,PASS,RISK_ACCEPTED_SOURCE_BINDING; ZIP mojibake sequence ┬░ normalized to extracted ° when present
用户风险接受的候选数据审计,__MACOSX/Battery raw data/Cycle Data/45. 60┬░C #9/._2. CYC51-100_3C @60┬░C.csv,,c7702b1d,212,,,,MACOSX_METADATA_EXCLUDED,__MACOSX metadata member; excluded from data-tree binding
用户风险接受的候选数据审计,Battery raw data/Cycle Data/45. 60┬░C #9/4. CYC151-200_3C @60┬░C.csv,Cycle Data/45. 60°C #9/4. CYC151-200_3C @60°C.csv,30e13391,2611717,/Users/wanghaoming/Public/SOC电池数据中心/SOC电池数据中心/Battery raw data/Cycle Data/45. 60°C #9/4. CYC151-200_3C @60°C.csv,2611717,30e13391,PASS,RISK_ACCEPTED_SOURCE_BINDING; ZIP mojibake sequence ┬░ normalized to extracted ° when present
用户风险接受的候选数据审计,__MACOSX/Battery raw data/Cycle Data/45. 60┬░C #9/._4. CYC151-200_3C @60┬░C.csv,,c7702b1d,212,,,,MACOSX_METADATA_EXCLUDED,__MACOSX metadata member; excluded from data-tree binding
用户风险接受的候选数据审计,Battery raw data/Cycle Data/45. 60┬░C #9/3. CYC101-150_3C @60┬░C.csv,Cycle Data/45. 60°C #9/3. CYC101-150_3C @60°C.csv,6c54bf97,2670173,/Users/wanghaoming/Public/SOC电池数据中心/SOC电池数据中心/Battery raw data/Cycle Data/45. 60°C #9/3. CYC101-150_3C @60°C.csv,2670173,6c54bf97,PASS,RISK_ACCEPTED_SOURCE_BINDING; ZIP mojibake sequence ┬░ normalized to extracted ° when present
用户风险接受的候选数据审计,__MACOSX/Battery raw data/Cycle Data/45. 60┬░C #9/._3. CYC101-150_3C @60┬░C.csv,,c7702b1d,212,,,,MACOSX_METADATA_EXCLUDED,__MACOSX metadata member; excluded from data-tree binding
用户风险接受的候选数据审计,Battery raw data/Cycle Data/45. 60┬░C #9/1. CYC1-50_3C @60┬░C.csv,Cycle Data/45. 60°C #9/1. CYC1-50_3C @60°C.csv,63f94407,3004099,/Users/wanghaoming/Public/SOC电池数据中心/SOC电池数据中心/Battery raw data/Cycle Data/45. 60°C #9/1. CYC1-50_3C @60°C.csv,3004099,63f94407,PASS,RISK_ACCEPTED_SOURCE_BINDING; ZIP mojibake sequence ┬░ normalized to extracted ° when present
用户风险接受的候选数据审计,__MACOSX/Battery raw data/Cycle Data/45. 60┬░C #9/._1. CYC1-50_3C @60┬░C.csv,,c7702b1d,212,,,,MACOSX_METADATA_EXCLUDED,__MACOSX metadata member; excluded from data-tree binding
用户风险接受的候选数据审计,Battery raw data/Cycle Data/44. 60┬░C #8/2. CYC51-100_1C @60┬░C.csv,Cycle Data/44. 60°C #8/2. CYC51-100_1C @60°C.csv,4122c021,4702125,/Users/wanghaoming/Public/SOC电池数据中心/SOC电池数据中心/Battery raw data/Cycle Data/44. 60°C #8/2. CYC51-100_1C @60°C.csv,4702125,4122c021,PASS,RISK_ACCEPTED_SOURCE_BINDING; ZIP mojibake sequence ┬░ normalized to extracted ° when present
用户风险接受的候选数据审计,__MACOSX/Battery raw data/Cycle Data/44. 60┬░C #8/._2. CYC51-100_1C @60┬░C.csv,,c7702b1d,212,,,,MACOSX_METADATA_EXCLUDED,__MACOSX metadata member; excluded from data-tree binding
用户风险接受的候选数据审计,Battery raw data/Cycle Data/44. 60┬░C #8/5. CYC201-260_1C @60┬░C.csv,Cycle Data/44. 60°C #8/5. CYC201-260_1C @60°C.csv,b1b33b8a,5071241,/Users/wanghaoming/Public/SOC电池数据中心/SOC电池数据中心/Battery raw data/Cycle Data/44. 60°C #8/5. CYC201-260_1C @60°C.csv,5071241,b1b33b8a,PASS,RISK_ACCEPTED_SOURCE_BINDING; ZIP mojibake sequence ┬░ normalized to extracted ° when present
用户风险接受的候选数据审计,__MACOSX/Battery raw data/Cycle Data/44. 60┬░C #8/._5. CYC201-260_1C @60┬░C.csv,,c7702b1d,212,,,,MACOSX_METADATA_EXCLUDED,__MACOSX metadata member; excluded from data-tree binding
用户风险接受的候选数据审计,Battery raw data/Cycle Data/44. 60┬░C #8/1. CYC1-50_1C @60┬░C.csv,Cycle Data/44. 60°C #8/1. CYC1-50_1C @60°C.csv,f3879784,4970452,/Users/wanghaoming/Public/SOC电池数据中心/SOC电池数据中心/Battery raw data/Cycle Data/44. 60°C #8/1. CYC1-50_1C @60°C.csv,4970452,f3879784,PASS,RISK_ACCEPTED_SOURCE_BINDING; ZIP mojibake sequence ┬░ normalized to extracted ° when present
用户风险接受的候选数据审计,__MACOSX/Battery raw data/Cycle Data/44. 60┬░C #8/._1. CYC1-50_1C @60┬░C.csv,,c7702b1d,212,,,,MACOSX_METADATA_EXCLUDED,__MACOSX metadata member; excluded from data-tree binding
用户风险接受的候选数据审计,Battery raw data/Cycle Data/44. 60┬░C #8/3. CYC101-150_1C @60┬░C.csv,Cycle Data/44. 60°C #8/3. CYC101-150_1C @60°C.csv,6460fc74,4487063,/Users/wanghaoming/Public/SOC电池数据中心/SOC电池数据中心/Battery raw data/Cycle Data/44. 60°C #8/3. CYC101-150_1C @60°C.csv,4487063,6460fc74,PASS,RISK_ACCEPTED_SOURCE_BINDING; ZIP mojibake sequence ┬░ normalized to extracted ° when present
用户风险接受的候选数据审计,__MACOSX/Battery raw data/Cycle Data/44. 60┬░C #8/._3. CYC101-150_1C @60┬░C.csv,,c7702b1d,212,,,,MACOSX_METADATA_EXCLUDED,__MACOSX metadata member; excluded from data-tree binding
用户风险接受的候选数据审计,Battery raw data/Cycle Data/44. 60┬░C #8/4. CYC151-200_1C @60┬░C.csv,Cycle Data/44. 60°C #8/4. CYC151-200_1C @60°C.csv,5019b09c,4401633,/Users/wanghaoming/Public/SOC电池数据中心/SOC电池数据中心/Battery raw data/Cycle Data/44. 60°C #8/4. CYC151-200_1C @60°C.csv,4401633,5019b09c,PASS,RISK_ACCEPTED_SOURCE_BINDING; ZIP mojibake sequence ┬░ normalized to extracted ° when present
用户风险接受的候选数据审计,__MACOSX/Battery raw data/Cycle Data/44. 60┬░C #8/._4. CYC151-200_1C @60┬░C.csv,,c7702b1d,212,,,,MACOSX_METADATA_EXCLUDED,__MACOSX metadata member; excluded from data-tree binding
用户风险接受的候选数据审计,Battery raw data/Cycle Data/30. 45┬░C #6/5. CYC201-250_1C @45┬░C.csv,Cycle Data/30. 45°C #6/5. CYC201-250_1C @45°C.csv,a15d721d,4402449,/Users/wanghaoming/Public/SOC电池数据中心/SOC电池数据中心/Battery raw data/Cycle Data/30. 45°C #6/5. CYC201-250_1C @45°C.csv,4402449,a15d721d,PASS,RISK_ACCEPTED_SOURCE_BINDING; ZIP mojibake sequence ┬░ normalized to extracted ° when present
用户风险接受的候选数据审计,__MACOSX/Battery raw data/Cycle Data/30. 45┬░C #6/._5. CYC201-250_1C @45┬░C.csv,,c7702b1d,212,,,,MACOSX_METADATA_EXCLUDED,__MACOSX metadata member; excluded from data-tree binding
用户风险接受的候选数据审计,Battery raw data/Cycle Data/30. 45┬░C #6/7. CYC351-450_1C @45┬░C.csv,Cycle Data/30. 45°C #6/7. CYC351-450_1C @45°C.csv,9fc78df3,8341499,/Users/wanghaoming/Public/SOC电池数据中心/SOC电池数据中心/Battery raw data/Cycle Data/30. 45°C #6/7. CYC351-450_1C @45°C.csv,8341499,9fc78df3,PASS,RISK_ACCEPTED_SOURCE_BINDING; ZIP mojibake sequence ┬░ normalized to extracted ° when present
用户风险接受的候选数据审计,__MACOSX/Battery raw data/Cycle Data/30. 45┬░C #6/._7. CYC351-450_1C @45┬░C.csv,,c7702b1d,212,,,,MACOSX_METADATA_EXCLUDED,__MACOSX metadata member; excluded from data-tree binding
用户风险接受的候选数据审计,Battery raw data/Cycle Data/30. 45┬░C #6/2. CYC51-100_1C @45┬░C.csv,Cycle Data/30. 45°C #6/2. CYC51-100_1C @45°C.csv,d1350e97,4731773,/Users/wanghaoming/Public/SOC电池数据中心/SOC电池数据中心/Battery raw data/Cycle Data/30. 45°C #6/2. CYC51-100_1C @45°C.csv,4731773,d1350e97,PASS,RISK_ACCEPTED_SOURCE_BINDING; ZIP mojibake sequence ┬░ normalized to extracted ° when present
用户风险接受的候选数据审计,__MACOSX/Battery raw data/Cycle Data/30. 45┬░C #6/._2. CYC51-100_1C @45┬░C.csv,,c7702b1d,212,,,,MACOSX_METADATA_EXCLUDED,__MACOSX metadata member; excluded from data-tree binding
用户风险接受的候选数据审计,Battery raw data/Cycle Data/30. 45┬░C #6/4. CYC151-200_1C @45┬░C.csv,Cycle Data/30. 45°C #6/4. CYC151-200_1C @45°C.csv,a1d21c46,4500211,/Users/wanghaoming/Public/SOC电池数据中心/SOC电池数据中心/Battery raw data/Cycle Data/30. 45°C #6/4. CYC151-200_1C @45°C.csv,4500211,a1d21c46,PASS,RISK_ACCEPTED_SOURCE_BINDING; ZIP mojibake sequence ┬░ normalized to extracted ° when present
用户风险接受的候选数据审计,__MACOSX/Battery raw data/Cycle Data/30. 45┬░C #6/._4. CYC151-200_1C @45┬░C.csv,,c7702b1d,212,,,,MACOSX_METADATA_EXCLUDED,__MACOSX metadata member; excluded from data-tree binding
用户风险接受的候选数据审计,Battery raw data/Cycle Data/30. 45┬░C #6/3. CYC101-150_1C @45┬░C.csv,Cycle Data/30. 45°C #6/3. CYC101-150_1C @45°C.csv,684062e9,4614854,/Users/wanghaoming/Public/SOC电池数据中心/SOC电池数据中心/Battery raw data/Cycle Data/30. 45°C #6/3. CYC101-150_1C @45°C.csv,4614854,684062e9,PASS,RISK_ACCEPTED_SOURCE_BINDING; ZIP mojibake sequence ┬░ normalized to extracted ° when present
用户风险接受的候选数据审计,__MACOSX/Battery raw data/Cycle Data/30. 45┬░C #6/._3. CYC101-150_1C @45┬░C.csv,,c7702b1d,212,,,,MACOSX_METADATA_EXCLUDED,__MACOSX metadata member; excluded from data-tree binding
用户风险接受的候选数据审计,Battery raw data/Cycle Data/30. 45┬░C #6/6. CYC251-350_1C @45┬░C.csv,Cycle Data/30. 45°C #6/6. CYC251-350_1C @45°C.csv,2aa84c52,8648436,/Users/wanghaoming/Public/SOC电池数据中心/SOC电池数据中心/Battery raw data/Cycle Data/30. 45°C #6/6. CYC251-350_1C @45°C.csv,8648436,2aa84c52,PASS,RISK_ACCEPTED_SOURCE_BINDING; ZIP mojibake sequence ┬░ normalized to extracted ° when present
用户风险接受的候选数据审计,__MACOSX/Battery raw data/Cycle Data/30. 45┬░C #6/._6. CYC251-350_1C @45┬░C.csv,,c7702b1d,212,,,,MACOSX_METADATA_EXCLUDED,__MACOSX metadata member; excluded from data-tree binding
用户风险接受的候选数据审计,Battery raw data/Cycle Data/30. 45┬░C #6/1. CYC1-50_1C @45┬░C.csv,Cycle Data/30. 45°C #6/1. CYC1-50_1C @45°C.csv,12b52398,4945364,/Users/wanghaoming/Public/SOC电池数据中心/SOC电池数据中心/Battery raw data/Cycle Data/30. 45°C #6/1. CYC1-50_1C @45°C.csv,4945364,12b52398,PASS,RISK_ACCEPTED_SOURCE_BINDING; ZIP mojibake sequence ┬░ normalized to extracted ° when present
用户风险接受的候选数据审计,__MACOSX/Battery raw data/Cycle Data/30. 45┬░C #6/._1. CYC1-50_1C @45┬░C.csv,,c7702b1d,212,,,,MACOSX_METADATA_EXCLUDED,__MACOSX metadata member; excluded from data-tree binding
用户风险接受的候选数据审计,Battery raw data/Cycle Data/9. HIGH C@ 25┬░C #1/3. CYC201-300_3C @25┬░C.csv,Cycle Data/9. HIGH C@ 25°C #1/3. CYC201-300_3C @25°C.csv,7f3bbea5,4655007,/Users/wanghaoming/Public/SOC电池数据中心/SOC电池数据中心/Battery raw data/Cycle Data/9. HIGH C@ 25°C #1/3. CYC201-300_3C @25°C.csv,4655007,7f3bbea5,PASS,RISK_ACCEPTED_SOURCE_BINDING; ZIP mojibake sequence ┬░ normalized to extracted ° when present
用户风险接受的候选数据审计,__MACOSX/Battery raw data/Cycle Data/9. HIGH C@ 25┬░C #1/._3. CYC201-300_3C @25┬░C.csv,,c7702b1d,212,,,,MACOSX_METADATA_EXCLUDED,__MACOSX metadata member; excluded from data-tree binding
用户风险接受的候选数据审计,Battery raw data/Cycle Data/9. HIGH C@ 25┬░C #1/2. CYC101-200_3C @25┬░C.csv,Cycle Data/9. HIGH C@ 25°C #1/2. CYC101-200_3C @25°C.csv,f7b1c5ea,5007799,/Users/wanghaoming/Public/SOC电池数据中心/SOC电池数据中心/Battery raw data/Cycle Data/9. HIGH C@ 25°C #1/2. CYC101-200_3C @25°C.csv,5007799,f7b1c5ea,PASS,RISK_ACCEPTED_SOURCE_BINDING; ZIP mojibake sequence ┬░ normalized to extracted ° when present
用户风险接受的候选数据审计,__MACOSX/Battery raw data/Cycle Data/9. HIGH C@ 25┬░C #1/._2. CYC101-200_3C @25┬░C.csv,,c7702b1d,212,,,,MACOSX_METADATA_EXCLUDED,__MACOSX metadata member; excluded from data-tree binding
用户风险接受的候选数据审计,Battery raw data/Cycle Data/9. HIGH C@ 25┬░C #1/5. CYC401-450_3C @25┬░C.csv,Cycle Data/9. HIGH C@ 25°C #1/5. CYC401-450_3C @25°C.csv,b564cf6e,2014322,/Users/wanghaoming/Public/SOC电池数据中心/SOC电池数据中心/Battery raw data/Cycle Data/9. HIGH C@ 25°C #1/5. CYC401-450_3C @25°C.csv,2014322,b564cf6e,PASS,RISK_ACCEPTED_SOURCE_BINDING; ZIP mojibake sequence ┬░ normalized to extracted ° when present
用户风险接受的候选数据审计,__MACOSX/Battery raw data/Cycle Data/9. HIGH C@ 25┬░C #1/._5. CYC401-450_3C @25┬░C.csv,,c7702b1d,212,,,,MACOSX_METADATA_EXCLUDED,__MACOSX metadata member; excluded from data-tree binding
用户风险接受的候选数据审计,Battery raw data/Cycle Data/9. HIGH C@ 25┬░C #1/4. CYC301-400_3C @25┬░C.csv,Cycle Data/9. HIGH C@ 25°C #1/4. CYC301-400_3C @25°C.csv,64760f48,4427792,/Users/wanghaoming/Public/SOC电池数据中心/SOC电池数据中心/Battery raw data/Cycle Data/9. HIGH C@ 25°C #1/4. CYC301-400_3C @25°C.csv,4427792,64760f48,PASS,RISK_ACCEPTED_SOURCE_BINDING; ZIP mojibake sequence ┬░ normalized to extracted ° when present
用户风险接受的候选数据审计,__MACOSX/Battery raw data/Cycle Data/9. HIGH C@ 25┬░C #1/._4. CYC301-400_3C @25┬░C.csv,,c7702b1d,212,,,,MACOSX_METADATA_EXCLUDED,__MACOSX metadata member; excluded from data-tree binding
用户风险接受的候选数据审计,Battery raw data/Cycle Data/9. HIGH C@ 25┬░C #1/1. CYC1-100_3C @25┬░C.csv,Cycle Data/9. HIGH C@ 25°C #1/1. CYC1-100_3C @25°C.csv,c7bef816,5407962,/Users/wanghaoming/Public/SOC电池数据中心/SOC电池数据中心/Battery raw data/Cycle Data/9. HIGH C@ 25°C #1/1. CYC1-100_3C @25°C.csv,5407962,c7bef816,PASS,RISK_ACCEPTED_SOURCE_BINDING; ZIP mojibake sequence ┬░ normalized to extracted ° when present
用户风险接受的候选数据审计,__MACOSX/Battery raw data/Cycle Data/9. HIGH C@ 25┬░C #1/._1. CYC1-100_3C @25┬░C.csv,,c7702b1d,212,,,,MACOSX_METADATA_EXCLUDED,__MACOSX metadata member; excluded from data-tree binding
用户风险接受的候选数据审计,Battery raw data/Cycle Data/1. LOW C@ 25┬░C #1/5. CYC351-425_0.5C @25┬░C.csv,Cycle Data/1. LOW C@ 25°C #1/5. CYC351-425_0.5C @25°C.csv,1d676971,9210126,/Users/wanghaoming/Public/SOC电池数据中心/SOC电池数据中心/Battery raw data/Cycle Data/1. LOW C@ 25°C #1/5. CYC351-425_0.5C @25°C.csv,9210126,1d676971,PASS,RISK_ACCEPTED_SOURCE_BINDING; ZIP mojibake sequence ┬░ normalized to extracted ° when present
用户风险接受的候选数据审计,__MACOSX/Battery raw data/Cycle Data/1. LOW C@ 25┬░C #1/._5. CYC351-425_0.5C @25┬░C.csv,,c7702b1d,212,,,,MACOSX_METADATA_EXCLUDED,__MACOSX metadata member; excluded from data-tree binding
用户风险接受的候选数据审计,Battery raw data/Cycle Data/1. LOW C@ 25┬░C #1/6. CYC426-465_0.5C @25┬░C.csv,Cycle Data/1. LOW C@ 25°C #1/6. CYC426-465_0.5C @25°C.csv,5509d73b,4682503,/Users/wanghaoming/Public/SOC电池数据中心/SOC电池数据中心/Battery raw data/Cycle Data/1. LOW C@ 25°C #1/6. CYC426-465_0.5C @25°C.csv,4682503,5509d73b,PASS,RISK_ACCEPTED_SOURCE_BINDING; ZIP mojibake sequence ┬░ normalized to extracted ° when present
用户风险接受的候选数据审计,__MACOSX/Battery raw data/Cycle Data/1. LOW C@ 25┬░C #1/._6. CYC426-465_0.5C @25┬░C.csv,,c7702b1d,212,,,,MACOSX_METADATA_EXCLUDED,__MACOSX metadata member; excluded from data-tree binding
用户风险接受的候选数据审计,Battery raw data/Cycle Data/1. LOW C@ 25┬░C #1/3. CYC201-300_0.5C @25┬░C.csv,Cycle Data/1. LOW C@ 25°C #1/3. CYC201-300_0.5C @25°C.csv,4900dbfb,12932758,/Users/wanghaoming/Public/SOC电池数据中心/SOC电池数据中心/Battery raw data/Cycle Data/1. LOW C@ 25°C #1/3. CYC201-300_0.5C @25°C.csv,12932758,4900dbfb,PASS,RISK_ACCEPTED_SOURCE_BINDING; ZIP mojibake sequence ┬░ normalized to extracted ° when present
用户风险接受的候选数据审计,__MACOSX/Battery raw data/Cycle Data/1. LOW C@ 25┬░C #1/._3. CYC201-300_0.5C @25┬░C.csv,,c7702b1d,212,,,,MACOSX_METADATA_EXCLUDED,__MACOSX metadata member; excluded from data-tree binding
用户风险接受的候选数据审计,Battery raw data/Cycle Data/1. LOW C@ 25┬░C #1/1. CYC1-100_0.5C @25┬░C.csv,Cycle Data/1. LOW C@ 25°C #1/1. CYC1-100_0.5C @25°C.csv,c8f75d6c,14359035,/Users/wanghaoming/Public/SOC电池数据中心/SOC电池数据中心/Battery raw data/Cycle Data/1. LOW C@ 25°C #1/1. CYC1-100_0.5C @25°C.csv,14359035,c8f75d6c,PASS,RISK_ACCEPTED_SOURCE_BINDING; ZIP mojibake sequence ┬░ normalized to extracted ° when present
用户风险接受的候选数据审计,__MACOSX/Battery raw data/Cycle Data/1. LOW C@ 25┬░C #1/._1. CYC1-100_0.5C @25┬░C.csv,,c7702b1d,212,,,,MACOSX_METADATA_EXCLUDED,__MACOSX metadata member; excluded from data-tree binding
用户风险接受的候选数据审计,Battery raw data/Cycle Data/1. LOW C@ 25┬░C #1/2. CYC101-200_0.5C @25┬░C.csv,Cycle Data/1. LOW C@ 25°C #1/2. CYC101-200_0.5C @25°C.csv,f8050650,13735478,/Users/wanghaoming/Public/SOC电池数据中心/SOC电池数据中心/Battery raw data/Cycle Data/1. LOW C@ 25°C #1/2. CYC101-200_0.5C @25°C.csv,13735478,f8050650,PASS,RISK_ACCEPTED_SOURCE_BINDING; ZIP mojibake sequence ┬░ normalized to extracted ° when present
用户风险接受的候选数据审计,__MACOSX/Battery raw data/Cycle Data/1. LOW C@ 25┬░C #1/._2. CYC101-200_0.5C @25┬░C.csv,,c7702b1d,212,,,,MACOSX_METADATA_EXCLUDED,__MACOSX metadata member; excluded from data-tree binding
用户风险接受的候选数据审计,Battery raw data/Cycle Data/1. LOW C@ 25┬░C #1/4. CYC301-350_0.5C @25┬░C.csv,Cycle Data/1. LOW C@ 25°C #1/4. CYC301-350_0.5C @25°C.csv,02e000ee,6258699,/Users/wanghaoming/Public/SOC电池数据中心/SOC电池数据中心/Battery raw data/Cycle Data/1. LOW C@ 25°C #1/4. CYC301-350_0.5C @25°C.csv,6258699,02e000ee,PASS,RISK_ACCEPTED_SOURCE_BINDING; ZIP mojibake sequence ┬░ normalized to extracted ° when present
用户风险接受的候选数据审计,__MACOSX/Battery raw data/Cycle Data/1. LOW C@ 25┬░C #1/._4. CYC301-350_0.5C @25┬░C.csv,,c7702b1d,212,,,,MACOSX_METADATA_EXCLUDED,__MACOSX metadata member; excluded from data-tree binding
用户风险接受的候选数据审计,Battery raw data/Cycle Data/13. 1V@ 25┬░C #1/2. CYC51-100_1V @25┬░C.csv,Cycle Data/13. 1V@ 25°C #1/2. CYC51-100_1V @25°C.csv,7fe0b69e,4629892,/Users/wanghaoming/Public/SOC电池数据中心/SOC电池数据中心/Battery raw data/Cycle Data/13. 1V@ 25°C #1/2. CYC51-100_1V @25°C.csv,4629892,7fe0b69e,PASS,RISK_ACCEPTED_SOURCE_BINDING; ZIP mojibake sequence ┬░ normalized to extracted ° when present
用户风险接受的候选数据审计,__MACOSX/Battery raw data/Cycle Data/13. 1V@ 25┬░C #1/._2. CYC51-100_1V @25┬░C.csv,,c7702b1d,212,,,,MACOSX_METADATA_EXCLUDED,__MACOSX metadata member; excluded from data-tree binding
用户风险接受的候选数据审计,Battery raw data/Cycle Data/13. 1V@ 25┬░C #1/1. CYC1-50_1V @25┬░C.csv,Cycle Data/13. 1V@ 25°C #1/1. CYC1-50_1V @25°C.csv,50feab5b,4968892,/Users/wanghaoming/Public/SOC电池数据中心/SOC电池数据中心/Battery raw data/Cycle Data/13. 1V@ 25°C #1/1. CYC1-50_1V @25°C.csv,4968892,50feab5b,PASS,RISK_ACCEPTED_SOURCE_BINDING; ZIP mojibake sequence ┬░ normalized to extracted ° when present
用户风险接受的候选数据审计,__MACOSX/Battery raw data/Cycle Data/13. 1V@ 25┬░C #1/._1. CYC1-50_1V @25┬░C.csv,,c7702b1d,212,,,,MACOSX_METADATA_EXCLUDED,__MACOSX metadata member; excluded from data-tree binding
用户风险接受的候选数据审计,Battery raw data/Cycle Data/13. 1V@ 25┬░C #1/4. CYC151-165_1V @25┬░C.csv,Cycle Data/13. 1V@ 25°C #1/4. CYC151-165_1V @25°C.csv,70c2f44e,1119229,/Users/wanghaoming/Public/SOC电池数据中心/SOC电池数据中心/Battery raw data/Cycle Data/13. 1V@ 25°C #1/4. CYC151-165_1V @25°C.csv,1119229,70c2f44e,PASS,RISK_ACCEPTED_SOURCE_BINDING; ZIP mojibake sequence ┬░ normalized to extracted ° when present
用户风险接受的候选数据审计,__MACOSX/Battery raw data/Cycle Data/13. 1V@ 25┬░C #1/._4. CYC151-165_1V @25┬░C.csv,,c7702b1d,212,,,,MACOSX_METADATA_EXCLUDED,__MACOSX metadata member; excluded from data-tree binding
用户风险接受的候选数据审计,Battery raw data/Cycle Data/13. 1V@ 25┬░C #1/3. CYC101-150_1V @25┬░C.csv,Cycle Data/13. 1V@ 25°C #1/3. CYC101-150_1V @25°C.csv,a4d7e32c,4306593,/Users/wanghaoming/Public/SOC电池数据中心/SOC电池数据中心/Battery raw data/Cycle Data/13. 1V@ 25°C #1/3. CYC101-150_1V @25°C.csv,4306593,a4d7e32c,PASS,RISK_ACCEPTED_SOURCE_BINDING; ZIP mojibake sequence ┬░ normalized to extracted ° when present
用户风险接受的候选数据审计,__MACOSX/Battery raw data/Cycle Data/13. 1V@ 25┬░C #1/._3. CYC101-150_1V @25┬░C.csv,,c7702b1d,212,,,,MACOSX_METADATA_EXCLUDED,__MACOSX metadata member; excluded from data-tree binding
用户风险接受的候选数据审计,Battery raw data/Cycle Data/23. 4.5V@ 25┬░C #3/1. CYC 1-50_4.5V @25┬░C.csv,Cycle Data/23. 4.5V@ 25°C #3/1. CYC 1-50_4.5V @25°C.csv,e7549fbb,5312270,/Users/wanghaoming/Public/SOC电池数据中心/SOC电池数据中心/Battery raw data/Cycle Data/23. 4.5V@ 25°C #3/1. CYC 1-50_4.5V @25°C.csv,5312270,e7549fbb,PASS,RISK_ACCEPTED_SOURCE_BINDING; ZIP mojibake sequence ┬░ normalized to extracted ° when present
用户风险接受的候选数据审计,__MACOSX/Battery raw data/Cycle Data/23. 4.5V@ 25┬░C #3/._1. CYC 1-50_4.5V @25┬░C.csv,,c7702b1d,212,,,,MACOSX_METADATA_EXCLUDED,__MACOSX metadata member; excluded from data-tree binding
用户风险接受的候选数据审计,Battery raw data/Cycle Data/23. 4.5V@ 25┬░C #3/2. CYC 51-100_4.5V @25┬░C.csv,Cycle Data/23. 4.5V@ 25°C #3/2. CYC 51-100_4.5V @25°C.csv,6a32f872,4981796,/Users/wanghaoming/Public/SOC电池数据中心/SOC电池数据中心/Battery raw data/Cycle Data/23. 4.5V@ 25°C #3/2. CYC 51-100_4.5V @25°C.csv,4981796,6a32f872,PASS,RISK_ACCEPTED_SOURCE_BINDING; ZIP mojibake sequence ┬░ normalized to extracted ° when present
用户风险接受的候选数据审计,__MACOSX/Battery raw data/Cycle Data/23. 4.5V@ 25┬░C #3/._2. CYC 51-100_4.5V @25┬░C.csv,,c7702b1d,212,,,,MACOSX_METADATA_EXCLUDED,__MACOSX metadata member; excluded from data-tree binding
用户风险接受的候选数据审计,Battery raw data/Cycle Data/23. 4.5V@ 25┬░C #3/3. CYC 101-130_4.5V @25┬░C.csv,Cycle Data/23. 4.5V@ 25°C #3/3. CYC 101-130_4.5V @25°C.csv,c6b85523,2482516,/Users/wanghaoming/Public/SOC电池数据中心/SOC电池数据中心/Battery raw data/Cycle Data/23. 4.5V@ 25°C #3/3. CYC 101-130_4.5V @25°C.csv,2482516,c6b85523,PASS,RISK_ACCEPTED_SOURCE_BINDING; ZIP mojibake sequence ┬░ normalized to extracted ° when present
用户风险接受的候选数据审计,__MACOSX/Battery raw data/Cycle Data/23. 4.5V@ 25┬░C #3/._3. CYC 101-130_4.5V @25┬░C.csv,,c7702b1d,212,,,,MACOSX_METADATA_EXCLUDED,__MACOSX metadata member; excluded from data-tree binding
用户风险接受的候选数据审计,Battery raw data/Cycle Data/5. LOW C@ 25┬░C #5/5. CYC401-435_1C @25┬░C.csv,Cycle Data/5. LOW C@ 25°C #5/5. CYC401-435_1C @25°C.csv,3f10d886,2652688,/Users/wanghaoming/Public/SOC电池数据中心/SOC电池数据中心/Battery raw data/Cycle Data/5. LOW C@ 25°C #5/5. CYC401-435_1C @25°C.csv,2652688,3f10d886,PASS,RISK_ACCEPTED_SOURCE_BINDING; ZIP mojibake sequence ┬░ normalized to extracted ° when present
用户风险接受的候选数据审计,__MACOSX/Battery raw data/Cycle Data/5. LOW C@ 25┬░C #5/._5. CYC401-435_1C @25┬░C.csv,,c7702b1d,212,,,,MACOSX_METADATA_EXCLUDED,__MACOSX metadata member; excluded from data-tree binding
用户风险接受的候选数据审计,Battery raw data/Cycle Data/5. LOW C@ 25┬░C #5/2. CYC101-200_1C @25┬░C.csv,Cycle Data/5. LOW C@ 25°C #5/2. CYC101-200_1C @25°C.csv,58c04b80,9093246,/Users/wanghaoming/Public/SOC电池数据中心/SOC电池数据中心/Battery raw data/Cycle Data/5. LOW C@ 25°C #5/2. CYC101-200_1C @25°C.csv,9093246,58c04b80,PASS,RISK_ACCEPTED_SOURCE_BINDING; ZIP mojibake sequence ┬░ normalized to extracted ° when present
用户风险接受的候选数据审计,__MACOSX/Battery raw data/Cycle Data/5. LOW C@ 25┬░C #5/._2. CYC101-200_1C @25┬░C.csv,,c7702b1d,212,,,,MACOSX_METADATA_EXCLUDED,__MACOSX metadata member; excluded from data-tree binding
用户风险接受的候选数据审计,Battery raw data/Cycle Data/5. LOW C@ 25┬░C #5/4. CYC301-400_1C @25┬░C.csv,Cycle Data/5. LOW C@ 25°C #5/4. CYC301-400_1C @25°C.csv,a95577a8,8243857,/Users/wanghaoming/Public/SOC电池数据中心/SOC电池数据中心/Battery raw data/Cycle Data/5. LOW C@ 25°C #5/4. CYC301-400_1C @25°C.csv,8243857,a95577a8,PASS,RISK_ACCEPTED_SOURCE_BINDING; ZIP mojibake sequence ┬░ normalized to extracted ° when present
用户风险接受的候选数据审计,__MACOSX/Battery raw data/Cycle Data/5. LOW C@ 25┬░C #5/._4. CYC301-400_1C @25┬░C.csv,,c7702b1d,212,,,,MACOSX_METADATA_EXCLUDED,__MACOSX metadata member; excluded from data-tree binding
用户风险接受的候选数据审计,Battery raw data/Cycle Data/5. LOW C@ 25┬░C #5/3. CYC201-300_1C @25┬░C.csv,Cycle Data/5. LOW C@ 25°C #5/3. CYC201-300_1C @25°C.csv,a846da35,8654088,/Users/wanghaoming/Public/SOC电池数据中心/SOC电池数据中心/Battery raw data/Cycle Data/5. LOW C@ 25°C #5/3. CYC201-300_1C @25°C.csv,8654088,a846da35,PASS,RISK_ACCEPTED_SOURCE_BINDING; ZIP mojibake sequence ┬░ normalized to extracted ° when present
用户风险接受的候选数据审计,__MACOSX/Battery raw data/Cycle Data/5. LOW C@ 25┬░C #5/._3. CYC201-300_1C @25┬░C.csv,,c7702b1d,212,,,,MACOSX_METADATA_EXCLUDED,__MACOSX metadata member; excluded from data-tree binding
用户风险接受的候选数据审计,Battery raw data/Cycle Data/5. LOW C@ 25┬░C #5/1. CYC1-100_1C @25┬░C.csv,Cycle Data/5. LOW C@ 25°C #5/1. CYC1-100_1C @25°C.csv,651af6f1,9609196,/Users/wanghaoming/Public/SOC电池数据中心/SOC电池数据中心/Battery raw data/Cycle Data/5. LOW C@ 25°C #5/1. CYC1-100_1C @25°C.csv,9609196,651af6f1,PASS,RISK_ACCEPTED_SOURCE_BINDING; ZIP mojibake sequence ┬░ normalized to extracted ° when present
用户风险接受的候选数据审计,__MACOSX/Battery raw data/Cycle Data/5. LOW C@ 25┬░C #5/._1. CYC1-100_1C @25┬░C.csv,,c7702b1d,212,,,,MACOSX_METADATA_EXCLUDED,__MACOSX metadata member; excluded from data-tree binding
用户风险接受的候选数据审计,Battery raw data/Cycle Data/24. 4.5V@ 25┬░C #4/3. CYC101-120_4.5V @25┬░C.csv,Cycle Data/24. 4.5V@ 25°C #4/3. CYC101-120_4.5V @25°C.csv,022853b0,1684200,/Users/wanghaoming/Public/SOC电池数据中心/SOC电池数据中心/Battery raw data/Cycle Data/24. 4.5V@ 25°C #4/3. CYC101-120_4.5V @25°C.csv,1684200,022853b0,PASS,RISK_ACCEPTED_SOURCE_BINDING; ZIP mojibake sequence ┬░ normalized to extracted ° when present
用户风险接受的候选数据审计,__MACOSX/Battery raw data/Cycle Data/24. 4.5V@ 25┬░C #4/._3. CYC101-120_4.5V @25┬░C.csv,,c7702b1d,212,,,,MACOSX_METADATA_EXCLUDED,__MACOSX metadata member; excluded from data-tree binding
用户风险接受的候选数据审计,Battery raw data/Cycle Data/24. 4.5V@ 25┬░C #4/1. CYC1-50_4.5V @25┬░C.csv,Cycle Data/24. 4.5V@ 25°C #4/1. CYC1-50_4.5V @25°C.csv,fdca1867,5220557,/Users/wanghaoming/Public/SOC电池数据中心/SOC电池数据中心/Battery raw data/Cycle Data/24. 4.5V@ 25°C #4/1. CYC1-50_4.5V @25°C.csv,5220557,fdca1867,PASS,RISK_ACCEPTED_SOURCE_BINDING; ZIP mojibake sequence ┬░ normalized to extracted ° when present
用户风险接受的候选数据审计,__MACOSX/Battery raw data/Cycle Data/24. 4.5V@ 25┬░C #4/._1. CYC1-50_4.5V @25┬░C.csv,,c7702b1d,212,,,,MACOSX_METADATA_EXCLUDED,__MACOSX metadata member; excluded from data-tree binding
用户风险接受的候选数据审计,Battery raw data/Cycle Data/24. 4.5V@ 25┬░C #4/2. CYC51-100_4.5V @25┬░C.csv,Cycle Data/24. 4.5V@ 25°C #4/2. CYC51-100_4.5V @25°C.csv,b524f9da,4892774,/Users/wanghaoming/Public/SOC电池数据中心/SOC电池数据中心/Battery raw data/Cycle Data/24. 4.5V@ 25°C #4/2. CYC51-100_4.5V @25°C.csv,4892774,b524f9da,PASS,RISK_ACCEPTED_SOURCE_BINDING; ZIP mojibake sequence ┬░ normalized to extracted ° when present
用户风险接受的候选数据审计,__MACOSX/Battery raw data/Cycle Data/24. 4.5V@ 25┬░C #4/._2. CYC51-100_4.5V @25┬░C.csv,,c7702b1d,212,,,,MACOSX_METADATA_EXCLUDED,__MACOSX metadata member; excluded from data-tree binding
用户风险接受的候选数据审计,Battery raw data/Cycle Data/58. HIGH C@ 10┬░C #2/4. CYC126-135_3C @10┬░C.csv,Cycle Data/58. HIGH C@ 10°C #2/4. CYC126-135_3C @10°C.csv,08c90e71,324231,/Users/wanghaoming/Public/SOC电池数据中心/SOC电池数据中心/Battery raw data/Cycle Data/58. HIGH C@ 10°C #2/4. CYC126-135_3C @10°C.csv,324231,08c90e71,PASS,RISK_ACCEPTED_SOURCE_BINDING; ZIP mojibake sequence ┬░ normalized to extracted ° when present
用户风险接受的候选数据审计,__MACOSX/Battery raw data/Cycle Data/58. HIGH C@ 10┬░C #2/._4. CYC126-135_3C @10┬░C.csv,,c7702b1d,212,,,,MACOSX_METADATA_EXCLUDED,__MACOSX metadata member; excluded from data-tree binding
用户风险接受的候选数据审计,Battery raw data/Cycle Data/58. HIGH C@ 10┬░C #2/3. CYC76-125_3C @10┬░C.csv,Cycle Data/58. HIGH C@ 10°C #2/3. CYC76-125_3C @10°C.csv,be37d18d,1977836,/Users/wanghaoming/Public/SOC电池数据中心/SOC电池数据中心/Battery raw data/Cycle Data/58. HIGH C@ 10°C #2/3. CYC76-125_3C @10°C.csv,1977836,be37d18d,PASS,RISK_ACCEPTED_SOURCE_BINDING; ZIP mojibake sequence ┬░ normalized to extracted ° when present
用户风险接受的候选数据审计,__MACOSX/Battery raw data/Cycle Data/58. HIGH C@ 10┬░C #2/._3. CYC76-125_3C @10┬░C.csv,,c7702b1d,212,,,,MACOSX_METADATA_EXCLUDED,__MACOSX metadata member; excluded from data-tree binding
用户风险接受的候选数据审计,Battery raw data/Cycle Data/58. HIGH C@ 10┬░C #2/2. CYC26-75_3C @10┬░C.csv,Cycle Data/58. HIGH C@ 10°C #2/2. CYC26-75_3C @10°C.csv,55c616ca,2367078,/Users/wanghaoming/Public/SOC电池数据中心/SOC电池数据中心/Battery raw data/Cycle Data/58. HIGH C@ 10°C #2/2. CYC26-75_3C @10°C.csv,2367078,55c616ca,PASS,RISK_ACCEPTED_SOURCE_BINDING; ZIP mojibake sequence ┬░ normalized to extracted ° when present
用户风险接受的候选数据审计,__MACOSX/Battery raw data/Cycle Data/58. HIGH C@ 10┬░C #2/._2. CYC26-75_3C @10┬░C.csv,,c7702b1d,212,,,,MACOSX_METADATA_EXCLUDED,__MACOSX metadata member; excluded from data-tree binding
用户风险接受的候选数据审计,Battery raw data/Cycle Data/58. HIGH C@ 10┬░C #2/1. CYC1-25_3C @10┬░C.csv,Cycle Data/58. HIGH C@ 10°C #2/1. CYC1-25_3C @10°C.csv,ee2fe704,1263050,/Users/wanghaoming/Public/SOC电池数据中心/SOC电池数据中心/Battery raw data/Cycle Data/58. HIGH C@ 10°C #2/1. CYC1-25_3C @10°C.csv,1263050,ee2fe704,PASS,RISK_ACCEPTED_SOURCE_BINDING; ZIP mojibake sequence ┬░ normalized to extracted ° when present
用户风险接受的候选数据审计,__MACOSX/Battery raw data/Cycle Data/58. HIGH C@ 10┬░C #2/._1. CYC1-25_3C @10┬░C.csv,,c7702b1d,212,,,,MACOSX_METADATA_EXCLUDED,__MACOSX metadata member; excluded from data-tree binding
用户风险接受的候选数据审计,Battery raw data/Cycle Data/37. 60┬░C #1/1. CYC1-50_0.5C @60┬░C.csv,Cycle Data/37. 60°C #1/1. CYC1-50_0.5C @60°C.csv,cd1e75de,7425926,/Users/wanghaoming/Public/SOC电池数据中心/SOC电池数据中心/Battery raw data/Cycle Data/37. 60°C #1/1. CYC1-50_0.5C @60°C.csv,7425926,cd1e75de,PASS,RISK_ACCEPTED_SOURCE_BINDING; ZIP mojibake sequence ┬░ normalized to extracted ° when present
用户风险接受的候选数据审计,__MACOSX/Battery raw data/Cycle Data/37. 60┬░C #1/._1. CYC1-50_0.5C @60┬░C.csv,,c7702b1d,212,,,,MACOSX_METADATA_EXCLUDED,__MACOSX metadata member; excluded from data-tree binding
用户风险接受的候选数据审计,Battery raw data/Cycle Data/37. 60┬░C #1/2. CYC51-100_0.5C @60┬░C.csv,Cycle Data/37. 60°C #1/2. CYC51-100_0.5C @60°C.csv,91a1d406,7028356,/Users/wanghaoming/Public/SOC电池数据中心/SOC电池数据中心/Battery raw data/Cycle Data/37. 60°C #1/2. CYC51-100_0.5C @60°C.csv,7028356,91a1d406,PASS,RISK_ACCEPTED_SOURCE_BINDING; ZIP mojibake sequence ┬░ normalized to extracted ° when present
用户风险接受的候选数据审计,__MACOSX/Battery raw data/Cycle Data/37. 60┬░C #1/._2. CYC51-100_0.5C @60┬░C.csv,,c7702b1d,212,,,,MACOSX_METADATA_EXCLUDED,__MACOSX metadata member; excluded from data-tree binding
用户风险接受的候选数据审计,Battery raw data/Cycle Data/37. 60┬░C #1/4. CYC151-215_0.5C @60┬░C.csv,Cycle Data/37. 60°C #1/4. CYC151-215_0.5C @60°C.csv,3ec45940,8417934,/Users/wanghaoming/Public/SOC电池数据中心/SOC电池数据中心/Battery raw data/Cycle Data/37. 60°C #1/4. CYC151-215_0.5C @60°C.csv,8417934,3ec45940,PASS,RISK_ACCEPTED_SOURCE_BINDING; ZIP mojibake sequence ┬░ normalized to extracted ° when present
用户风险接受的候选数据审计,__MACOSX/Battery raw data/Cycle Data/37. 60┬░C #1/._4. CYC151-215_0.5C @60┬░C.csv,,c7702b1d,212,,,,MACOSX_METADATA_EXCLUDED,__MACOSX metadata member; excluded from data-tree binding
用户风险接受的候选数据审计,Battery raw data/Cycle Data/37. 60┬░C #1/3. CYC101-150_0.5C @60┬░C.csv,Cycle Data/37. 60°C #1/3. CYC101-150_0.5C @60°C.csv,58c98376,6694664,/Users/wanghaoming/Public/SOC电池数据中心/SOC电池数据中心/Battery raw data/Cycle Data/37. 60°C #1/3. CYC101-150_0.5C @60°C.csv,6694664,58c98376,PASS,RISK_ACCEPTED_SOURCE_BINDING; ZIP mojibake sequence ┬░ normalized to extracted ° when present
用户风险接受的候选数据审计,__MACOSX/Battery raw data/Cycle Data/37. 60┬░C #1/._3. CYC101-150_0.5C @60┬░C.csv,,c7702b1d,212,,,,MACOSX_METADATA_EXCLUDED,__MACOSX metadata member; excluded from data-tree binding
用户风险接受的候选数据审计,Battery raw data/Cycle Data/22. 4.5V@ 25┬░C #2/3. CYC101-130_4.5V @25┬░C.csv,Cycle Data/22. 4.5V@ 25°C #2/3. CYC101-130_4.5V @25°C.csv,09fc5ad3,2479126,/Users/wanghaoming/Public/SOC电池数据中心/SOC电池数据中心/Battery raw data/Cycle Data/22. 4.5V@ 25°C #2/3. CYC101-130_4.5V @25°C.csv,2479126,09fc5ad3,PASS,RISK_ACCEPTED_SOURCE_BINDING; ZIP mojibake sequence ┬░ normalized to extracted ° when present
用户风险接受的候选数据审计,__MACOSX/Battery raw data/Cycle Data/22. 4.5V@ 25┬░C #2/._3. CYC101-130_4.5V @25┬░C.csv,,c7702b1d,212,,,,MACOSX_METADATA_EXCLUDED,__MACOSX metadata member; excluded from data-tree binding
用户风险接受的候选数据审计,Battery raw data/Cycle Data/22. 4.5V@ 25┬░C #2/1. CYC1-50_4.5V @25┬░C.csv,Cycle Data/22. 4.5V@ 25°C #2/1. CYC1-50_4.5V @25°C.csv,ba9c925a,5184937,/Users/wanghaoming/Public/SOC电池数据中心/SOC电池数据中心/Battery raw data/Cycle Data/22. 4.5V@ 25°C #2/1. CYC1-50_4.5V @25°C.csv,5184937,ba9c925a,PASS,RISK_ACCEPTED_SOURCE_BINDING; ZIP mojibake sequence ┬░ normalized to extracted ° when present
用户风险接受的候选数据审计,__MACOSX/Battery raw data/Cycle Data/22. 4.5V@ 25┬░C #2/._1. CYC1-50_4.5V @25┬░C.csv,,c7702b1d,212,,,,MACOSX_METADATA_EXCLUDED,__MACOSX metadata member; excluded from data-tree binding
用户风险接受的候选数据审计,Battery raw data/Cycle Data/22. 4.5V@ 25┬░C #2/2. CYC51-100_4.5V @25┬░C.csv,Cycle Data/22. 4.5V@ 25°C #2/2. CYC51-100_4.5V @25°C.csv,949812c6,4871787,/Users/wanghaoming/Public/SOC电池数据中心/SOC电池数据中心/Battery raw data/Cycle Data/22. 4.5V@ 25°C #2/2. CYC51-100_4.5V @25°C.csv,4871787,949812c6,PASS,RISK_ACCEPTED_SOURCE_BINDING; ZIP mojibake sequence ┬░ normalized to extracted ° when present
用户风险接受的候选数据审计,__MACOSX/Battery raw data/Cycle Data/22. 4.5V@ 25┬░C #2/._2. CYC51-100_4.5V @25┬░C.csv,,c7702b1d,212,,,,MACOSX_METADATA_EXCLUDED,__MACOSX metadata member; excluded from data-tree binding
用户风险接受的候选数据审计,Battery raw data/Cycle Data/2. LOW C@ 25┬░C #2/5. CYC351-425_0.5C @25┬░C.csv,Cycle Data/2. LOW C@ 25°C #2/5. CYC351-425_0.5C @25°C.csv,79192436,9316027,/Users/wanghaoming/Public/SOC电池数据中心/SOC电池数据中心/Battery raw data/Cycle Data/2. LOW C@ 25°C #2/5. CYC351-425_0.5C @25°C.csv,9316027,79192436,PASS,RISK_ACCEPTED_SOURCE_BINDING; ZIP mojibake sequence ┬░ normalized to extracted ° when present
用户风险接受的候选数据审计,__MACOSX/Battery raw data/Cycle Data/2. LOW C@ 25┬░C #2/._5. CYC351-425_0.5C @25┬░C.csv,,c7702b1d,212,,,,MACOSX_METADATA_EXCLUDED,__MACOSX metadata member; excluded from data-tree binding
用户风险接受的候选数据审计,Battery raw data/Cycle Data/2. LOW C@ 25┬░C #2/6. CYC426-465_0.5C @25┬░C.csv,Cycle Data/2. LOW C@ 25°C #2/6. CYC426-465_0.5C @25°C.csv,e5759d63,4750517,/Users/wanghaoming/Public/SOC电池数据中心/SOC电池数据中心/Battery raw data/Cycle Data/2. LOW C@ 25°C #2/6. CYC426-465_0.5C @25°C.csv,4750517,e5759d63,PASS,RISK_ACCEPTED_SOURCE_BINDING; ZIP mojibake sequence ┬░ normalized to extracted ° when present
用户风险接受的候选数据审计,__MACOSX/Battery raw data/Cycle Data/2. LOW C@ 25┬░C #2/._6. CYC426-465_0.5C @25┬░C.csv,,c7702b1d,212,,,,MACOSX_METADATA_EXCLUDED,__MACOSX metadata member; excluded from data-tree binding
用户风险接受的候选数据审计,Battery raw data/Cycle Data/2. LOW C@ 25┬░C #2/3. CYC201-300_0.5C @25┬░C.csv,Cycle Data/2. LOW C@ 25°C #2/3. CYC201-300_0.5C @25°C.csv,2ce9c34e,13095453,/Users/wanghaoming/Public/SOC电池数据中心/SOC电池数据中心/Battery raw data/Cycle Data/2. LOW C@ 25°C #2/3. CYC201-300_0.5C @25°C.csv,13095453,2ce9c34e,PASS,RISK_ACCEPTED_SOURCE_BINDING; ZIP mojibake sequence ┬░ normalized to extracted ° when present
用户风险接受的候选数据审计,__MACOSX/Battery raw data/Cycle Data/2. LOW C@ 25┬░C #2/._3. CYC201-300_0.5C @25┬░C.csv,,c7702b1d,212,,,,MACOSX_METADATA_EXCLUDED,__MACOSX metadata member; excluded from data-tree binding
用户风险接受的候选数据审计,Battery raw data/Cycle Data/2. LOW C@ 25┬░C #2/1. CYC1-100_0.5C @25┬░C.csv,Cycle Data/2. LOW C@ 25°C #2/1. CYC1-100_0.5C @25°C.csv,60be20b5,14587613,/Users/wanghaoming/Public/SOC电池数据中心/SOC电池数据中心/Battery raw data/Cycle Data/2. LOW C@ 25°C #2/1. CYC1-100_0.5C @25°C.csv,14587613,60be20b5,PASS,RISK_ACCEPTED_SOURCE_BINDING; ZIP mojibake sequence ┬░ normalized to extracted ° when present
用户风险接受的候选数据审计,__MACOSX/Battery raw data/Cycle Data/2. LOW C@ 25┬░C #2/._1. CYC1-100_0.5C @25┬░C.csv,,c7702b1d,212,,,,MACOSX_METADATA_EXCLUDED,__MACOSX metadata member; excluded from data-tree binding
用户风险接受的候选数据审计,Battery raw data/Cycle Data/2. LOW C@ 25┬░C #2/2. CYC101-200_0.5C @25┬░C.csv,Cycle Data/2. LOW C@ 25°C #2/2. CYC101-200_0.5C @25°C.csv,4faaea1f,13922782,/Users/wanghaoming/Public/SOC电池数据中心/SOC电池数据中心/Battery raw data/Cycle Data/2. LOW C@ 25°C #2/2. CYC101-200_0.5C @25°C.csv,13922782,4faaea1f,PASS,RISK_ACCEPTED_SOURCE_BINDING; ZIP mojibake sequence ┬░ normalized to extracted ° when present
用户风险接受的候选数据审计,__MACOSX/Battery raw data/Cycle Data/2. LOW C@ 25┬░C #2/._2. CYC101-200_0.5C @25┬░C.csv,,c7702b1d,212,,,,MACOSX_METADATA_EXCLUDED,__MACOSX metadata member; excluded from data-tree binding
用户风险接受的候选数据审计,Battery raw data/Cycle Data/2. LOW C@ 25┬░C #2/4. CYC301-350_0.5C @25┬░C.csv,Cycle Data/2. LOW C@ 25°C #2/4. CYC301-350_0.5C @25°C.csv,1cf4be14,6332729,/Users/wanghaoming/Public/SOC电池数据中心/SOC电池数据中心/Battery raw data/Cycle Data/2. LOW C@ 25°C #2/4. CYC301-350_0.5C @25°C.csv,6332729,1cf4be14,PASS,RISK_ACCEPTED_SOURCE_BINDING; ZIP mojibake sequence ┬░ normalized to extracted ° when present
用户风险接受的候选数据审计,__MACOSX/Battery raw data/Cycle Data/2. LOW C@ 25┬░C #2/._4. CYC301-350_0.5C @25┬░C.csv,,c7702b1d,212,,,,MACOSX_METADATA_EXCLUDED,__MACOSX metadata member; excluded from data-tree binding
用户风险接受的候选数据审计,Battery raw data/Cycle Data/47. 60┬░C #11/5. CYC201-250_3C @60┬░C.csv,Cycle Data/47. 60°C #11/5. CYC201-250_3C @60°C.csv,89d80bf5,2530421,/Users/wanghaoming/Public/SOC电池数据中心/SOC电池数据中心/Battery raw data/Cycle Data/47. 60°C #11/5. CYC201-250_3C @60°C.csv,2530421,89d80bf5,PASS,RISK_ACCEPTED_SOURCE_BINDING; ZIP mojibake sequence ┬░ normalized to extracted ° when present
用户风险接受的候选数据审计,__MACOSX/Battery raw data/Cycle Data/47. 60┬░C #11/._5. CYC201-250_3C @60┬░C.csv,,c7702b1d,212,,,,MACOSX_METADATA_EXCLUDED,__MACOSX metadata member; excluded from data-tree binding
用户风险接受的候选数据审计,Battery raw data/Cycle Data/47. 60┬░C #11/2. CYC51-100_3C @60┬░C.csv,Cycle Data/47. 60°C #11/2. CYC51-100_3C @60°C.csv,3045ad2c,2783238,/Users/wanghaoming/Public/SOC电池数据中心/SOC电池数据中心/Battery raw data/Cycle Data/47. 60°C #11/2. CYC51-100_3C @60°C.csv,2783238,3045ad2c,PASS,RISK_ACCEPTED_SOURCE_BINDING; ZIP mojibake sequence ┬░ normalized to extracted ° when present
用户风险接受的候选数据审计,__MACOSX/Battery raw data/Cycle Data/47. 60┬░C #11/._2. CYC51-100_3C @60┬░C.csv,,c7702b1d,212,,,,MACOSX_METADATA_EXCLUDED,__MACOSX metadata member; excluded from data-tree binding
用户风险接受的候选数据审计,Battery raw data/Cycle Data/47. 60┬░C #11/4. CYC151-200_3C @60┬░C.csv,Cycle Data/47. 60°C #11/4. CYC151-200_3C @60°C.csv,dff14bf4,2606021,/Users/wanghaoming/Public/SOC电池数据中心/SOC电池数据中心/Battery raw data/Cycle Data/47. 60°C #11/4. CYC151-200_3C @60°C.csv,2606021,dff14bf4,PASS,RISK_ACCEPTED_SOURCE_BINDING; ZIP mojibake sequence ┬░ normalized to extracted ° when present
用户风险接受的候选数据审计,__MACOSX/Battery raw data/Cycle Data/47. 60┬░C #11/._4. CYC151-200_3C @60┬░C.csv,,c7702b1d,212,,,,MACOSX_METADATA_EXCLUDED,__MACOSX metadata member; excluded from data-tree binding
用户风险接受的候选数据审计,Battery raw data/Cycle Data/47. 60┬░C #11/3. CYC101-150_3C @60┬░C.csv,Cycle Data/47. 60°C #11/3. CYC101-150_3C @60°C.csv,afc951e1,2671966,/Users/wanghaoming/Public/SOC电池数据中心/SOC电池数据中心/Battery raw data/Cycle Data/47. 60°C #11/3. CYC101-150_3C @60°C.csv,2671966,afc951e1,PASS,RISK_ACCEPTED_SOURCE_BINDING; ZIP mojibake sequence ┬░ normalized to extracted ° when present
用户风险接受的候选数据审计,__MACOSX/Battery raw data/Cycle Data/47. 60┬░C #11/._3. CYC101-150_3C @60┬░C.csv,,c7702b1d,212,,,,MACOSX_METADATA_EXCLUDED,__MACOSX metadata member; excluded from data-tree binding
用户风险接受的候选数据审计,Battery raw data/Cycle Data/47. 60┬░C #11/1. CYC1-50_3C @60┬░C.csv,Cycle Data/47. 60°C #11/1. CYC1-50_3C @60°C.csv,cc590800,2957505,/Users/wanghaoming/Public/SOC电池数据中心/SOC电池数据中心/Battery raw data/Cycle Data/47. 60°C #11/1. CYC1-50_3C @60°C.csv,2957505,cc590800,PASS,RISK_ACCEPTED_SOURCE_BINDING; ZIP mojibake sequence ┬░ normalized to extracted ° when present
用户风险接受的候选数据审计,__MACOSX/Battery raw data/Cycle Data/47. 60┬░C #11/._1. CYC1-50_3C @60┬░C.csv,,c7702b1d,212,,,,MACOSX_METADATA_EXCLUDED,__MACOSX metadata member; excluded from data-tree binding
用户风险接受的候选数据审计,Battery raw data/Cycle Data/54. LOW C@ 10┬░C #6/4. CYC151-200_1C @10┬░C.csv,Cycle Data/54. LOW C@ 10°C #6/4. CYC151-200_1C @10°C.csv,39c6f1c0,3631336,/Users/wanghaoming/Public/SOC电池数据中心/SOC电池数据中心/Battery raw data/Cycle Data/54. LOW C@ 10°C #6/4. CYC151-200_1C @10°C.csv,3631336,39c6f1c0,PASS,RISK_ACCEPTED_SOURCE_BINDING; ZIP mojibake sequence ┬░ normalized to extracted ° when present
用户风险接受的候选数据审计,__MACOSX/Battery raw data/Cycle Data/54. LOW C@ 10┬░C #6/._4. CYC151-200_1C @10┬░C.csv,,c7702b1d,212,,,,MACOSX_METADATA_EXCLUDED,__MACOSX metadata member; excluded from data-tree binding
用户风险接受的候选数据审计,Battery raw data/Cycle Data/54. LOW C@ 10┬░C #6/3. CYC101-150_1C @10┬░C.csv,Cycle Data/54. LOW C@ 10°C #6/3. CYC101-150_1C @10°C.csv,b65bbc2a,3967489,/Users/wanghaoming/Public/SOC电池数据中心/SOC电池数据中心/Battery raw data/Cycle Data/54. LOW C@ 10°C #6/3. CYC101-150_1C @10°C.csv,3967489,b65bbc2a,PASS,RISK_ACCEPTED_SOURCE_BINDING; ZIP mojibake sequence ┬░ normalized to extracted ° when present
用户风险接受的候选数据审计,__MACOSX/Battery raw data/Cycle Data/54. LOW C@ 10┬░C #6/._3. CYC101-150_1C @10┬░C.csv,,c7702b1d,212,,,,MACOSX_METADATA_EXCLUDED,__MACOSX metadata member; excluded from data-tree binding
用户风险接受的候选数据审计,Battery raw data/Cycle Data/54. LOW C@ 10┬░C #6/1. CYC1-50_1C @10┬░C.csv,Cycle Data/54. LOW C@ 10°C #6/1. CYC1-50_1C @10°C.csv,21a55151,4414111,/Users/wanghaoming/Public/SOC电池数据中心/SOC电池数据中心/Battery raw data/Cycle Data/54. LOW C@ 10°C #6/1. CYC1-50_1C @10°C.csv,4414111,21a55151,PASS,RISK_ACCEPTED_SOURCE_BINDING; ZIP mojibake sequence ┬░ normalized to extracted ° when present
用户风险接受的候选数据审计,__MACOSX/Battery raw data/Cycle Data/54. LOW C@ 10┬░C #6/._1. CYC1-50_1C @10┬░C.csv,,c7702b1d,212,,,,MACOSX_METADATA_EXCLUDED,__MACOSX metadata member; excluded from data-tree binding
用户风险接受的候选数据审计,Battery raw data/Cycle Data/54. LOW C@ 10┬░C #6/2. CYC51-100_1C @10┬░C.csv,Cycle Data/54. LOW C@ 10°C #6/2. CYC51-100_1C @10°C.csv,3db8424a,4169695,/Users/wanghaoming/Public/SOC电池数据中心/SOC电池数据中心/Battery raw data/Cycle Data/54. LOW C@ 10°C #6/2. CYC51-100_1C @10°C.csv,4169695,3db8424a,PASS,RISK_ACCEPTED_SOURCE_BINDING; ZIP mojibake sequence ┬░ normalized to extracted ° when present
用户风险接受的候选数据审计,__MACOSX/Battery raw data/Cycle Data/54. LOW C@ 10┬░C #6/._2. CYC51-100_1C @10┬░C.csv,,c7702b1d,212,,,,MACOSX_METADATA_EXCLUDED,__MACOSX metadata member; excluded from data-tree binding
用户风险接受的候选数据审计,Battery raw data/Cycle Data/48. 60┬░C #12/5. CYC201-250_3C @60┬░C.csv,Cycle Data/48. 60°C #12/5. CYC201-250_3C @60°C.csv,37a9eec9,2527630,/Users/wanghaoming/Public/SOC电池数据中心/SOC电池数据中心/Battery raw data/Cycle Data/48. 60°C #12/5. CYC201-250_3C @60°C.csv,2527630,37a9eec9,PASS,RISK_ACCEPTED_SOURCE_BINDING; ZIP mojibake sequence ┬░ normalized to extracted ° when present
用户风险接受的候选数据审计,__MACOSX/Battery raw data/Cycle Data/48. 60┬░C #12/._5. CYC201-250_3C @60┬░C.csv,,c7702b1d,212,,,,MACOSX_METADATA_EXCLUDED,__MACOSX metadata member; excluded from data-tree binding
用户风险接受的候选数据审计,Battery raw data/Cycle Data/48. 60┬░C #12/2. CYC51-100_3C @60┬░C.csv,Cycle Data/48. 60°C #12/2. CYC51-100_3C @60°C.csv,f47078cc,2817653,/Users/wanghaoming/Public/SOC电池数据中心/SOC电池数据中心/Battery raw data/Cycle Data/48. 60°C #12/2. CYC51-100_3C @60°C.csv,2817653,f47078cc,PASS,RISK_ACCEPTED_SOURCE_BINDING; ZIP mojibake sequence ┬░ normalized to extracted ° when present
用户风险接受的候选数据审计,__MACOSX/Battery raw data/Cycle Data/48. 60┬░C #12/._2. CYC51-100_3C @60┬░C.csv,,c7702b1d,212,,,,MACOSX_METADATA_EXCLUDED,__MACOSX metadata member; excluded from data-tree binding
用户风险接受的候选数据审计,Battery raw data/Cycle Data/48. 60┬░C #12/4. CYC151-200_3C @60┬░C.csv,Cycle Data/48. 60°C #12/4. CYC151-200_3C @60°C.csv,a5224749,2611804,/Users/wanghaoming/Public/SOC电池数据中心/SOC电池数据中心/Battery raw data/Cycle Data/48. 60°C #12/4. CYC151-200_3C @60°C.csv,2611804,a5224749,PASS,RISK_ACCEPTED_SOURCE_BINDING; ZIP mojibake sequence ┬░ normalized to extracted ° when present
用户风险接受的候选数据审计,__MACOSX/Battery raw data/Cycle Data/48. 60┬░C #12/._4. CYC151-200_3C @60┬░C.csv,,c7702b1d,212,,,,MACOSX_METADATA_EXCLUDED,__MACOSX metadata member; excluded from data-tree binding
用户风险接受的候选数据审计,Battery raw data/Cycle Data/48. 60┬░C #12/3. CYC101-150_3C @60┬░C.csv,Cycle Data/48. 60°C #12/3. CYC101-150_3C @60°C.csv,ec1550ac,2682500,/Users/wanghaoming/Public/SOC电池数据中心/SOC电池数据中心/Battery raw data/Cycle Data/48. 60°C #12/3. CYC101-150_3C @60°C.csv,2682500,ec1550ac,PASS,RISK_ACCEPTED_SOURCE_BINDING; ZIP mojibake sequence ┬░ normalized to extracted ° when present
用户风险接受的候选数据审计,__MACOSX/Battery raw data/Cycle Data/48. 60┬░C #12/._3. CYC101-150_3C @60┬░C.csv,,c7702b1d,212,,,,MACOSX_METADATA_EXCLUDED,__MACOSX metadata member; excluded from data-tree binding
用户风险接受的候选数据审计,Battery raw data/Cycle Data/48. 60┬░C #12/1. CYC1-50_3C @60┬░C.csv,Cycle Data/48. 60°C #12/1. CYC1-50_3C @60°C.csv,505a97af,3026699,/Users/wanghaoming/Public/SOC电池数据中心/SOC电池数据中心/Battery raw data/Cycle Data/48. 60°C #12/1. CYC1-50_3C @60°C.csv,3026699,505a97af,PASS,RISK_ACCEPTED_SOURCE_BINDING; ZIP mojibake sequence ┬░ normalized to extracted ° when present
用户风险接受的候选数据审计,__MACOSX/Battery raw data/Cycle Data/48. 60┬░C #12/._1. CYC1-50_3C @60┬░C.csv,,c7702b1d,212,,,,MACOSX_METADATA_EXCLUDED,__MACOSX metadata member; excluded from data-tree binding
用户风险接受的候选数据审计,Battery raw data/Cycle Data/20. 4.35V@ 25┬░C #4/4. CYC151-205_4.35V @25┬░C.csv,Cycle Data/20. 4.35V@ 25°C #4/4. CYC151-205_4.35V @25°C.csv,d7a6e9c5,4623590,/Users/wanghaoming/Public/SOC电池数据中心/SOC电池数据中心/Battery raw data/Cycle Data/20. 4.35V@ 25°C #4/4. CYC151-205_4.35V @25°C.csv,4623590,d7a6e9c5,PASS,RISK_ACCEPTED_SOURCE_BINDING; ZIP mojibake sequence ┬░ normalized to extracted ° when present
用户风险接受的候选数据审计,__MACOSX/Battery raw data/Cycle Data/20. 4.35V@ 25┬░C #4/._4. CYC151-205_4.35V @25┬░C.csv,,c7702b1d,212,,,,MACOSX_METADATA_EXCLUDED,__MACOSX metadata member; excluded from data-tree binding
用户风险接受的候选数据审计,Battery raw data/Cycle Data/20. 4.35V@ 25┬░C #4/1. CYC1-50_4.35V @25┬░C.csv,Cycle Data/20. 4.35V@ 25°C #4/1. CYC1-50_4.35V @25°C.csv,e3587e10,5007669,/Users/wanghaoming/Public/SOC电池数据中心/SOC电池数据中心/Battery raw data/Cycle Data/20. 4.35V@ 25°C #4/1. CYC1-50_4.35V @25°C.csv,5007669,e3587e10,PASS,RISK_ACCEPTED_SOURCE_BINDING; ZIP mojibake sequence ┬░ normalized to extracted ° when present
用户风险接受的候选数据审计,__MACOSX/Battery raw data/Cycle Data/20. 4.35V@ 25┬░C #4/._1. CYC1-50_4.35V @25┬░C.csv,,c7702b1d,212,,,,MACOSX_METADATA_EXCLUDED,__MACOSX metadata member; excluded from data-tree binding
用户风险接受的候选数据审计,Battery raw data/Cycle Data/20. 4.35V@ 25┬░C #4/3. CYC101-150_4.35V @25┬░C.csv,Cycle Data/20. 4.35V@ 25°C #4/3. CYC101-150_4.35V @25°C.csv,4c85d746,4562432,/Users/wanghaoming/Public/SOC电池数据中心/SOC电池数据中心/Battery raw data/Cycle Data/20. 4.35V@ 25°C #4/3. CYC101-150_4.35V @25°C.csv,4562432,4c85d746,PASS,RISK_ACCEPTED_SOURCE_BINDING; ZIP mojibake sequence ┬░ normalized to extracted ° when present
用户风险接受的候选数据审计,__MACOSX/Battery raw data/Cycle Data/20. 4.35V@ 25┬░C #4/._3. CYC101-150_4.35V @25┬░C.csv,,c7702b1d,212,,,,MACOSX_METADATA_EXCLUDED,__MACOSX metadata member; excluded from data-tree binding
用户风险接受的候选数据审计,Battery raw data/Cycle Data/20. 4.35V@ 25┬░C #4/5. CYC206-215_4.35V @25┬░C.csv,Cycle Data/20. 4.35V@ 25°C #4/5. CYC206-215_4.35V @25°C.csv,abd82cbb,774776,/Users/wanghaoming/Public/SOC电池数据中心/SOC电池数据中心/Battery raw data/Cycle Data/20. 4.35V@ 25°C #4/5. CYC206-215_4.35V @25°C.csv,774776,abd82cbb,PASS,RISK_ACCEPTED_SOURCE_BINDING; ZIP mojibake sequence ┬░ normalized to extracted ° when present
用户风险接受的候选数据审计,__MACOSX/Battery raw data/Cycle Data/20. 4.35V@ 25┬░C #4/._5. CYC206-215_4.35V @25┬░C.csv,,c7702b1d,212,,,,MACOSX_METADATA_EXCLUDED,__MACOSX metadata member; excluded from data-tree binding
用户风险接受的候选数据审计,Battery raw data/Cycle Data/20. 4.35V@ 25┬░C #4/2. CYC51-100_4.35V @25┬░C.csv,Cycle Data/20. 4.35V@ 25°C #4/2. CYC51-100_4.35V @25°C.csv,5417d2b0,4788637,/Users/wanghaoming/Public/SOC电池数据中心/SOC电池数据中心/Battery raw data/Cycle Data/20. 4.35V@ 25°C #4/2. CYC51-100_4.35V @25°C.csv,4788637,5417d2b0,PASS,RISK_ACCEPTED_SOURCE_BINDING; ZIP mojibake sequence ┬░ normalized to extracted ° when present
用户风险接受的候选数据审计,__MACOSX/Battery raw data/Cycle Data/20. 4.35V@ 25┬░C #4/._2. CYC51-100_4.35V @25┬░C.csv,,c7702b1d,212,,,,MACOSX_METADATA_EXCLUDED,__MACOSX metadata member; excluded from data-tree binding
用户风险接受的候选数据审计,Battery raw data/Cycle Data/50. LOW C@ 10┬░C #2/3. CYC101-150_0.5C @10┬░C.csv,Cycle Data/50. LOW C@ 10°C #2/3. CYC101-150_0.5C @10°C.csv,83945bde,6590667,/Users/wanghaoming/Public/SOC电池数据中心/SOC电池数据中心/Battery raw data/Cycle Data/50. LOW C@ 10°C #2/3. CYC101-150_0.5C @10°C.csv,6590667,83945bde,PASS,RISK_ACCEPTED_SOURCE_BINDING; ZIP mojibake sequence ┬░ normalized to extracted ° when present
用户风险接受的候选数据审计,__MACOSX/Battery raw data/Cycle Data/50. LOW C@ 10┬░C #2/._3. CYC101-150_0.5C @10┬░C.csv,,c7702b1d,212,,,,MACOSX_METADATA_EXCLUDED,__MACOSX metadata member; excluded from data-tree binding
用户风险接受的候选数据审计,Battery raw data/Cycle Data/50. LOW C@ 10┬░C #2/4. CYC151-210_0.5C @10┬░C.csv,Cycle Data/50. LOW C@ 10°C #2/4. CYC151-210_0.5C @10°C.csv,9eaebb74,7312699,/Users/wanghaoming/Public/SOC电池数据中心/SOC电池数据中心/Battery raw data/Cycle Data/50. LOW C@ 10°C #2/4. CYC151-210_0.5C @10°C.csv,7312699,9eaebb74,PASS,RISK_ACCEPTED_SOURCE_BINDING; ZIP mojibake sequence ┬░ normalized to extracted ° when present
用户风险接受的候选数据审计,__MACOSX/Battery raw data/Cycle Data/50. LOW C@ 10┬░C #2/._4. CYC151-210_0.5C @10┬░C.csv,,c7702b1d,212,,,,MACOSX_METADATA_EXCLUDED,__MACOSX metadata member; excluded from data-tree binding
用户风险接受的候选数据审计,Battery raw data/Cycle Data/50. LOW C@ 10┬░C #2/1. CYC1-50_0.5C @10┬░C.csv,Cycle Data/50. LOW C@ 10°C #2/1. CYC1-50_0.5C @10°C.csv,17498edf,7076633,/Users/wanghaoming/Public/SOC电池数据中心/SOC电池数据中心/Battery raw data/Cycle Data/50. LOW C@ 10°C #2/1. CYC1-50_0.5C @10°C.csv,7076633,17498edf,PASS,RISK_ACCEPTED_SOURCE_BINDING; ZIP mojibake sequence ┬░ normalized to extracted ° when present
用户风险接受的候选数据审计,__MACOSX/Battery raw data/Cycle Data/50. LOW C@ 10┬░C #2/._1. CYC1-50_0.5C @10┬░C.csv,,c7702b1d,212,,,,MACOSX_METADATA_EXCLUDED,__MACOSX metadata member; excluded from data-tree binding
用户风险接受的候选数据审计,Battery raw data/Cycle Data/50. LOW C@ 10┬░C #2/2. CYC51-100_0.5C @10┬░C.csv,Cycle Data/50. LOW C@ 10°C #2/2. CYC51-100_0.5C @10°C.csv,ac1c5f92,6818441,/Users/wanghaoming/Public/SOC电池数据中心/SOC电池数据中心/Battery raw data/Cycle Data/50. LOW C@ 10°C #2/2. CYC51-100_0.5C @10°C.csv,6818441,ac1c5f92,PASS,RISK_ACCEPTED_SOURCE_BINDING; ZIP mojibake sequence ┬░ normalized to extracted ° when present
用户风险接受的候选数据审计,__MACOSX/Battery raw data/Cycle Data/50. LOW C@ 10┬░C #2/._2. CYC51-100_0.5C @10┬░C.csv,,c7702b1d,212,,,,MACOSX_METADATA_EXCLUDED,__MACOSX metadata member; excluded from data-tree binding
用户风险接受的候选数据审计,Battery raw data/Cycle Data/10. HIGH C@ 25┬░C #2/3. CYC201-300_3C @25┬░C.csv,Cycle Data/10. HIGH C@ 25°C #2/3. CYC201-300_3C @25°C.csv,c1d2d9e1,4619945,/Users/wanghaoming/Public/SOC电池数据中心/SOC电池数据中心/Battery raw data/Cycle Data/10. HIGH C@ 25°C #2/3. CYC201-300_3C @25°C.csv,4619945,c1d2d9e1,PASS,RISK_ACCEPTED_SOURCE_BINDING; ZIP mojibake sequence ┬░ normalized to extracted ° when present
用户风险接受的候选数据审计,__MACOSX/Battery raw data/Cycle Data/10. HIGH C@ 25┬░C #2/._3. CYC201-300_3C @25┬░C.csv,,c7702b1d,212,,,,MACOSX_METADATA_EXCLUDED,__MACOSX metadata member; excluded from data-tree binding
用户风险接受的候选数据审计,Battery raw data/Cycle Data/10. HIGH C@ 25┬░C #2/2. CYC101-200_3C @25┬░C.csv,Cycle Data/10. HIGH C@ 25°C #2/2. CYC101-200_3C @25°C.csv,091746d5,5066221,/Users/wanghaoming/Public/SOC电池数据中心/SOC电池数据中心/Battery raw data/Cycle Data/10. HIGH C@ 25°C #2/2. CYC101-200_3C @25°C.csv,5066221,091746d5,PASS,RISK_ACCEPTED_SOURCE_BINDING; ZIP mojibake sequence ┬░ normalized to extracted ° when present
用户风险接受的候选数据审计,__MACOSX/Battery raw data/Cycle Data/10. HIGH C@ 25┬░C #2/._2. CYC101-200_3C @25┬░C.csv,,c7702b1d,212,,,,MACOSX_METADATA_EXCLUDED,__MACOSX metadata member; excluded from data-tree binding
用户风险接受的候选数据审计,Battery raw data/Cycle Data/10. HIGH C@ 25┬░C #2/4. CYC301-375_3C @25┬░C.csv,Cycle Data/10. HIGH C@ 25°C #2/4. CYC301-375_3C @25°C.csv,b0cc04f1,3094495,/Users/wanghaoming/Public/SOC电池数据中心/SOC电池数据中心/Battery raw data/Cycle Data/10. HIGH C@ 25°C #2/4. CYC301-375_3C @25°C.csv,3094495,b0cc04f1,PASS,RISK_ACCEPTED_SOURCE_BINDING; ZIP mojibake sequence ┬░ normalized to extracted ° when present
用户风险接受的候选数据审计,__MACOSX/Battery raw data/Cycle Data/10. HIGH C@ 25┬░C #2/._4. CYC301-375_3C @25┬░C.csv,,c7702b1d,212,,,,MACOSX_METADATA_EXCLUDED,__MACOSX metadata member; excluded from data-tree binding
用户风险接受的候选数据审计,Battery raw data/Cycle Data/10. HIGH C@ 25┬░C #2/1. CYC1-100_3C @25┬░C.csv,Cycle Data/10. HIGH C@ 25°C #2/1. CYC1-100_3C @25°C.csv,d69f43d8,5478816,/Users/wanghaoming/Public/SOC电池数据中心/SOC电池数据中心/Battery raw data/Cycle Data/10. HIGH C@ 25°C #2/1. CYC1-100_3C @25°C.csv,5478816,d69f43d8,PASS,RISK_ACCEPTED_SOURCE_BINDING; ZIP mojibake sequence ┬░ normalized to extracted ° when present
用户风险接受的候选数据审计,__MACOSX/Battery raw data/Cycle Data/10. HIGH C@ 25┬░C #2/._1. CYC1-100_3C @25┬░C.csv,,c7702b1d,212,,,,MACOSX_METADATA_EXCLUDED,__MACOSX metadata member; excluded from data-tree binding
用户风险接受的候选数据审计,Battery raw data/Cycle Data/6. LOW C@ 25┬░C #6/5. CYC401-435_1C @25┬░C.csv,Cycle Data/6. LOW C@ 25°C #6/5. CYC401-435_1C @25°C.csv,f96f4e56,2712991,/Users/wanghaoming/Public/SOC电池数据中心/SOC电池数据中心/Battery raw data/Cycle Data/6. LOW C@ 25°C #6/5. CYC401-435_1C @25°C.csv,2712991,f96f4e56,PASS,RISK_ACCEPTED_SOURCE_BINDING; ZIP mojibake sequence ┬░ normalized to extracted ° when present
用户风险接受的候选数据审计,__MACOSX/Battery raw data/Cycle Data/6. LOW C@ 25┬░C #6/._5. CYC401-435_1C @25┬░C.csv,,c7702b1d,212,,,,MACOSX_METADATA_EXCLUDED,__MACOSX metadata member; excluded from data-tree binding
用户风险接受的候选数据审计,Battery raw data/Cycle Data/6. LOW C@ 25┬░C #6/2. CYC101-200_1C @25┬░C.csv,Cycle Data/6. LOW C@ 25°C #6/2. CYC101-200_1C @25°C.csv,52041bc6,8960656,/Users/wanghaoming/Public/SOC电池数据中心/SOC电池数据中心/Battery raw data/Cycle Data/6. LOW C@ 25°C #6/2. CYC101-200_1C @25°C.csv,8960656,52041bc6,PASS,RISK_ACCEPTED_SOURCE_BINDING; ZIP mojibake sequence ┬░ normalized to extracted ° when present
用户风险接受的候选数据审计,__MACOSX/Battery raw data/Cycle Data/6. LOW C@ 25┬░C #6/._2. CYC101-200_1C @25┬░C.csv,,c7702b1d,212,,,,MACOSX_METADATA_EXCLUDED,__MACOSX metadata member; excluded from data-tree binding
用户风险接受的候选数据审计,Battery raw data/Cycle Data/6. LOW C@ 25┬░C #6/4. CYC301-400_1C @25┬░C.csv,Cycle Data/6. LOW C@ 25°C #6/4. CYC301-400_1C @25°C.csv,a1262291,8210878,/Users/wanghaoming/Public/SOC电池数据中心/SOC电池数据中心/Battery raw data/Cycle Data/6. LOW C@ 25°C #6/4. CYC301-400_1C @25°C.csv,8210878,a1262291,PASS,RISK_ACCEPTED_SOURCE_BINDING; ZIP mojibake sequence ┬░ normalized to extracted ° when present
用户风险接受的候选数据审计,__MACOSX/Battery raw data/Cycle Data/6. LOW C@ 25┬░C #6/._4. CYC301-400_1C @25┬░C.csv,,c7702b1d,212,,,,MACOSX_METADATA_EXCLUDED,__MACOSX metadata member; excluded from data-tree binding
用户风险接受的候选数据审计,Battery raw data/Cycle Data/6. LOW C@ 25┬░C #6/3. CYC201-300_1C @25┬░C.csv,Cycle Data/6. LOW C@ 25°C #6/3. CYC201-300_1C @25°C.csv,90a54d13,8543259,/Users/wanghaoming/Public/SOC电池数据中心/SOC电池数据中心/Battery raw data/Cycle Data/6. LOW C@ 25°C #6/3. CYC201-300_1C @25°C.csv,8543259,90a54d13,PASS,RISK_ACCEPTED_SOURCE_BINDING; ZIP mojibake sequence ┬░ normalized to extracted ° when present
用户风险接受的候选数据审计,__MACOSX/Battery raw data/Cycle Data/6. LOW C@ 25┬░C #6/._3. CYC201-300_1C @25┬░C.csv,,c7702b1d,212,,,,MACOSX_METADATA_EXCLUDED,__MACOSX metadata member; excluded from data-tree binding
用户风险接受的候选数据审计,Battery raw data/Cycle Data/6. LOW C@ 25┬░C #6/1. CYC1-100_1C @25┬░C.csv,Cycle Data/6. LOW C@ 25°C #6/1. CYC1-100_1C @25°C.csv,75ae5748,9493647,/Users/wanghaoming/Public/SOC电池数据中心/SOC电池数据中心/Battery raw data/Cycle Data/6. LOW C@ 25°C #6/1. CYC1-100_1C @25°C.csv,9493647,75ae5748,PASS,RISK_ACCEPTED_SOURCE_BINDING; ZIP mojibake sequence ┬░ normalized to extracted ° when present
用户风险接受的候选数据审计,__MACOSX/Battery raw data/Cycle Data/6. LOW C@ 25┬░C #6/._1. CYC1-100_1C @25┬░C.csv,,c7702b1d,212,,,,MACOSX_METADATA_EXCLUDED,__MACOSX metadata member; excluded from data-tree binding
用户风险接受的候选数据审计,Battery raw data/Cycle Data/6. LOW C@ 25┬░C #6/6. CYC436-470_1C @25┬░C.csv,Cycle Data/6. LOW C@ 25°C #6/6. CYC436-470_1C @25°C.csv,2cf8f4fa,2604609,/Users/wanghaoming/Public/SOC电池数据中心/SOC电池数据中心/Battery raw data/Cycle Data/6. LOW C@ 25°C #6/6. CYC436-470_1C @25°C.csv,2604609,2cf8f4fa,PASS,RISK_ACCEPTED_SOURCE_BINDING; ZIP mojibake sequence ┬░ normalized to extracted ° when present
用户风险接受的候选数据审计,__MACOSX/Battery raw data/Cycle Data/6. LOW C@ 25┬░C #6/._6. CYC436-470_1C @25┬░C.csv,,c7702b1d,212,,,,MACOSX_METADATA_EXCLUDED,__MACOSX metadata member; excluded from data-tree binding
用户风险接受的候选数据审计,Battery raw data/Cycle Data/8. LOW C@ 25┬░C #8/5. CYC401-435_1C @25┬░C.csv,Cycle Data/8. LOW C@ 25°C #8/5. CYC401-435_1C @25°C.csv,3f8dc9a1,2648601,/Users/wanghaoming/Public/SOC电池数据中心/SOC电池数据中心/Battery raw data/Cycle Data/8. LOW C@ 25°C #8/5. CYC401-435_1C @25°C.csv,2648601,3f8dc9a1,PASS,RISK_ACCEPTED_SOURCE_BINDING; ZIP mojibake sequence ┬░ normalized to extracted ° when present
用户风险接受的候选数据审计,__MACOSX/Battery raw data/Cycle Data/8. LOW C@ 25┬░C #8/._5. CYC401-435_1C @25┬░C.csv,,c7702b1d,212,,,,MACOSX_METADATA_EXCLUDED,__MACOSX metadata member; excluded from data-tree binding
用户风险接受的候选数据审计,Battery raw data/Cycle Data/8. LOW C@ 25┬░C #8/2. CYC101-200_1C @25┬░C.csv,Cycle Data/8. LOW C@ 25°C #8/2. CYC101-200_1C @25°C.csv,711d0337,8912699,/Users/wanghaoming/Public/SOC电池数据中心/SOC电池数据中心/Battery raw data/Cycle Data/8. LOW C@ 25°C #8/2. CYC101-200_1C @25°C.csv,8912699,711d0337,PASS,RISK_ACCEPTED_SOURCE_BINDING; ZIP mojibake sequence ┬░ normalized to extracted ° when present
用户风险接受的候选数据审计,__MACOSX/Battery raw data/Cycle Data/8. LOW C@ 25┬░C #8/._2. CYC101-200_1C @25┬░C.csv,,c7702b1d,212,,,,MACOSX_METADATA_EXCLUDED,__MACOSX metadata member; excluded from data-tree binding
用户风险接受的候选数据审计,Battery raw data/Cycle Data/8. LOW C@ 25┬░C #8/4. CYC301-400_1C @25┬░C.csv,Cycle Data/8. LOW C@ 25°C #8/4. CYC301-400_1C @25°C.csv,3db6d6b5,8131223,/Users/wanghaoming/Public/SOC电池数据中心/SOC电池数据中心/Battery raw data/Cycle Data/8. LOW C@ 25°C #8/4. CYC301-400_1C @25°C.csv,8131223,3db6d6b5,PASS,RISK_ACCEPTED_SOURCE_BINDING; ZIP mojibake sequence ┬░ normalized to extracted ° when present
用户风险接受的候选数据审计,__MACOSX/Battery raw data/Cycle Data/8. LOW C@ 25┬░C #8/._4. CYC301-400_1C @25┬░C.csv,,c7702b1d,212,,,,MACOSX_METADATA_EXCLUDED,__MACOSX metadata member; excluded from data-tree binding
用户风险接受的候选数据审计,Battery raw data/Cycle Data/8. LOW C@ 25┬░C #8/3. CYC201-300_1C @25┬░C.csv,Cycle Data/8. LOW C@ 25°C #8/3. CYC201-300_1C @25°C.csv,ff5792d8,8497651,/Users/wanghaoming/Public/SOC电池数据中心/SOC电池数据中心/Battery raw data/Cycle Data/8. LOW C@ 25°C #8/3. CYC201-300_1C @25°C.csv,8497651,ff5792d8,PASS,RISK_ACCEPTED_SOURCE_BINDING; ZIP mojibake sequence ┬░ normalized to extracted ° when present
用户风险接受的候选数据审计,__MACOSX/Battery raw data/Cycle Data/8. LOW C@ 25┬░C #8/._3. CYC201-300_1C @25┬░C.csv,,c7702b1d,212,,,,MACOSX_METADATA_EXCLUDED,__MACOSX metadata member; excluded from data-tree binding
用户风险接受的候选数据审计,Battery raw data/Cycle Data/8. LOW C@ 25┬░C #8/1. CYC1-100_1C @25┬░C.csv,Cycle Data/8. LOW C@ 25°C #8/1. CYC1-100_1C @25°C.csv,d92cb50e,9452612,/Users/wanghaoming/Public/SOC电池数据中心/SOC电池数据中心/Battery raw data/Cycle Data/8. LOW C@ 25°C #8/1. CYC1-100_1C @25°C.csv,9452612,d92cb50e,PASS,RISK_ACCEPTED_SOURCE_BINDING; ZIP mojibake sequence ┬░ normalized to extracted ° when present
用户风险接受的候选数据审计,__MACOSX/Battery raw data/Cycle Data/8. LOW C@ 25┬░C #8/._1. CYC1-100_1C @25┬░C.csv,,c7702b1d,212,,,,MACOSX_METADATA_EXCLUDED,__MACOSX metadata member; excluded from data-tree binding
用户风险接受的候选数据审计,Battery raw data/Cycle Data/27. 45┬░C #3/1. CYC1-50_0.5C @45┬░C.csv,Cycle Data/27. 45°C #3/1. CYC1-50_0.5C @45°C.csv,3372f404,7336814,/Users/wanghaoming/Public/SOC电池数据中心/SOC电池数据中心/Battery raw data/Cycle Data/27. 45°C #3/1. CYC1-50_0.5C @45°C.csv,7336814,3372f404,PASS,RISK_ACCEPTED_SOURCE_BINDING; ZIP mojibake sequence ┬░ normalized to extracted ° when present
用户风险接受的候选数据审计,__MACOSX/Battery raw data/Cycle Data/27. 45┬░C #3/._1. CYC1-50_0.5C @45┬░C.csv,,c7702b1d,212,,,,MACOSX_METADATA_EXCLUDED,__MACOSX metadata member; excluded from data-tree binding
用户风险接受的候选数据审计,Battery raw data/Cycle Data/27. 45┬░C #3/7. CYC351-450 0.5C @45┬░C.csv,Cycle Data/27. 45°C #3/7. CYC351-450 0.5C @45°C.csv,40616443,12534045,/Users/wanghaoming/Public/SOC电池数据中心/SOC电池数据中心/Battery raw data/Cycle Data/27. 45°C #3/7. CYC351-450 0.5C @45°C.csv,12534045,40616443,PASS,RISK_ACCEPTED_SOURCE_BINDING; ZIP mojibake sequence ┬░ normalized to extracted ° when present
用户风险接受的候选数据审计,__MACOSX/Battery raw data/Cycle Data/27. 45┬░C #3/._7. CYC351-450 0.5C @45┬░C.csv,,c7702b1d,212,,,,MACOSX_METADATA_EXCLUDED,__MACOSX metadata member; excluded from data-tree binding
用户风险接受的候选数据审计,Battery raw data/Cycle Data/27. 45┬░C #3/2. CYC51-100_0.5C @45┬░C.csv,Cycle Data/27. 45°C #3/2. CYC51-100_0.5C @45°C.csv,d50fe470,7019430,/Users/wanghaoming/Public/SOC电池数据中心/SOC电池数据中心/Battery raw data/Cycle Data/27. 45°C #3/2. CYC51-100_0.5C @45°C.csv,7019430,d50fe470,PASS,RISK_ACCEPTED_SOURCE_BINDING; ZIP mojibake sequence ┬░ normalized to extracted ° when present
用户风险接受的候选数据审计,__MACOSX/Battery raw data/Cycle Data/27. 45┬░C #3/._2. CYC51-100_0.5C @45┬░C.csv,,c7702b1d,212,,,,MACOSX_METADATA_EXCLUDED,__MACOSX metadata member; excluded from data-tree binding
用户风险接受的候选数据审计,Battery raw data/Cycle Data/27. 45┬░C #3/4. CYC151-200_0.5C @45┬░C.csv,Cycle Data/27. 45°C #3/4. CYC151-200_0.5C @45°C.csv,574c1014,6720132,/Users/wanghaoming/Public/SOC电池数据中心/SOC电池数据中心/Battery raw data/Cycle Data/27. 45°C #3/4. CYC151-200_0.5C @45°C.csv,6720132,574c1014,PASS,RISK_ACCEPTED_SOURCE_BINDING; ZIP mojibake sequence ┬░ normalized to extracted ° when present
用户风险接受的候选数据审计,__MACOSX/Battery raw data/Cycle Data/27. 45┬░C #3/._4. CYC151-200_0.5C @45┬░C.csv,,c7702b1d,212,,,,MACOSX_METADATA_EXCLUDED,__MACOSX metadata member; excluded from data-tree binding
用户风险接受的候选数据审计,Battery raw data/Cycle Data/27. 45┬░C #3/3. CYC101-150_0.5C @45┬░C.csv,Cycle Data/27. 45°C #3/3. CYC101-150_0.5C @45°C.csv,74aad433,6872887,/Users/wanghaoming/Public/SOC电池数据中心/SOC电池数据中心/Battery raw data/Cycle Data/27. 45°C #3/3. CYC101-150_0.5C @45°C.csv,6872887,74aad433,PASS,RISK_ACCEPTED_SOURCE_BINDING; ZIP mojibake sequence ┬░ normalized to extracted ° when present
用户风险接受的候选数据审计,__MACOSX/Battery raw data/Cycle Data/27. 45┬░C #3/._3. CYC101-150_0.5C @45┬░C.csv,,c7702b1d,212,,,,MACOSX_METADATA_EXCLUDED,__MACOSX metadata member; excluded from data-tree binding
用户风险接受的候选数据审计,Battery raw data/Cycle Data/27. 45┬░C #3/6. CYC251-350 0.5C @45┬░C.csv,Cycle Data/27. 45°C #3/6. CYC251-350 0.5C @45°C.csv,bdb3a199,12919679,/Users/wanghaoming/Public/SOC电池数据中心/SOC电池数据中心/Battery raw data/Cycle Data/27. 45°C #3/6. CYC251-350 0.5C @45°C.csv,12919679,bdb3a199,PASS,RISK_ACCEPTED_SOURCE_BINDING; ZIP mojibake sequence ┬░ normalized to extracted ° when present
用户风险接受的候选数据审计,__MACOSX/Battery raw data/Cycle Data/27. 45┬░C #3/._6. CYC251-350 0.5C @45┬░C.csv,,c7702b1d,212,,,,MACOSX_METADATA_EXCLUDED,__MACOSX metadata member; excluded from data-tree binding
用户风险接受的候选数据审计,Battery raw data/Cycle Data/27. 45┬░C #3/5. CYC201-250_0.5C @45┬░C.csv,Cycle Data/27. 45°C #3/5. CYC201-250_0.5C @45°C.csv,c7fae304,6584815,/Users/wanghaoming/Public/SOC电池数据中心/SOC电池数据中心/Battery raw data/Cycle Data/27. 45°C #3/5. CYC201-250_0.5C @45°C.csv,6584815,c7fae304,PASS,RISK_ACCEPTED_SOURCE_BINDING; ZIP mojibake sequence ┬░ normalized to extracted ° when present
用户风险接受的候选数据审计,__MACOSX/Battery raw data/Cycle Data/27. 45┬░C #3/._5. CYC201-250_0.5C @45┬░C.csv,,c7702b1d,212,,,,MACOSX_METADATA_EXCLUDED,__MACOSX metadata member; excluded from data-tree binding
用户风险接受的候选数据审计,Battery raw data/Cycle Data/17. 4.35V@ 25┬░C #1/4. CYC151-205_4.35V @25┬░C.csv,Cycle Data/17. 4.35V@ 25°C #1/4. CYC151-205_4.35V @25°C.csv,f2c686f0,4742259,/Users/wanghaoming/Public/SOC电池数据中心/SOC电池数据中心/Battery raw data/Cycle Data/17. 4.35V@ 25°C #1/4. CYC151-205_4.35V @25°C.csv,4742259,f2c686f0,PASS,RISK_ACCEPTED_SOURCE_BINDING; ZIP mojibake sequence ┬░ normalized to extracted ° when present
用户风险接受的候选数据审计,__MACOSX/Battery raw data/Cycle Data/17. 4.35V@ 25┬░C #1/._4. CYC151-205_4.35V @25┬░C.csv,,c7702b1d,212,,,,MACOSX_METADATA_EXCLUDED,__MACOSX metadata member; excluded from data-tree binding
用户风险接受的候选数据审计,Battery raw data/Cycle Data/17. 4.35V@ 25┬░C #1/1. CYC1-50_4.35V @25┬░C.csv,Cycle Data/17. 4.35V@ 25°C #1/1. CYC1-50_4.35V @25°C.csv,5bd7ea91,5067153,/Users/wanghaoming/Public/SOC电池数据中心/SOC电池数据中心/Battery raw data/Cycle Data/17. 4.35V@ 25°C #1/1. CYC1-50_4.35V @25°C.csv,5067153,5bd7ea91,PASS,RISK_ACCEPTED_SOURCE_BINDING; ZIP mojibake sequence ┬░ normalized to extracted ° when present
用户风险接受的候选数据审计,__MACOSX/Battery raw data/Cycle Data/17. 4.35V@ 25┬░C #1/._1. CYC1-50_4.35V @25┬░C.csv,,c7702b1d,212,,,,MACOSX_METADATA_EXCLUDED,__MACOSX metadata member; excluded from data-tree binding
用户风险接受的候选数据审计,Battery raw data/Cycle Data/17. 4.35V@ 25┬░C #1/3. CYC101-150_4.35V @25┬░C.csv,Cycle Data/17. 4.35V@ 25°C #1/3. CYC101-150_4.35V @25°C.csv,afedb153,4619009,/Users/wanghaoming/Public/SOC电池数据中心/SOC电池数据中心/Battery raw data/Cycle Data/17. 4.35V@ 25°C #1/3. CYC101-150_4.35V @25°C.csv,4619009,afedb153,PASS,RISK_ACCEPTED_SOURCE_BINDING; ZIP mojibake sequence ┬░ normalized to extracted ° when present
用户风险接受的候选数据审计,__MACOSX/Battery raw data/Cycle Data/17. 4.35V@ 25┬░C #1/._3. CYC101-150_4.35V @25┬░C.csv,,c7702b1d,212,,,,MACOSX_METADATA_EXCLUDED,__MACOSX metadata member; excluded from data-tree binding
用户风险接受的候选数据审计,Battery raw data/Cycle Data/17. 4.35V@ 25┬░C #1/5. CYC206-225_4.35V @25┬░C.csv,Cycle Data/17. 4.35V@ 25°C #1/5. CYC206-225_4.35V @25°C.csv,0af66153,1589440,/Users/wanghaoming/Public/SOC电池数据中心/SOC电池数据中心/Battery raw data/Cycle Data/17. 4.35V@ 25°C #1/5. CYC206-225_4.35V @25°C.csv,1589440,0af66153,PASS,RISK_ACCEPTED_SOURCE_BINDING; ZIP mojibake sequence ┬░ normalized to extracted ° when present
用户风险接受的候选数据审计,__MACOSX/Battery raw data/Cycle Data/17. 4.35V@ 25┬░C #1/._5. CYC206-225_4.35V @25┬░C.csv,,c7702b1d,212,,,,MACOSX_METADATA_EXCLUDED,__MACOSX metadata member; excluded from data-tree binding
用户风险接受的候选数据审计,Battery raw data/Cycle Data/17. 4.35V@ 25┬░C #1/2. CYC51-100_4.35V @25┬░C.csv,Cycle Data/17. 4.35V@ 25°C #1/2. CYC51-100_4.35V @25°C.csv,cc979fb1,4835590,/Users/wanghaoming/Public/SOC电池数据中心/SOC电池数据中心/Battery raw data/Cycle Data/17. 4.35V@ 25°C #1/2. CYC51-100_4.35V @25°C.csv,4835590,cc979fb1,PASS,RISK_ACCEPTED_SOURCE_BINDING; ZIP mojibake sequence ┬░ normalized to extracted ° when present
用户风险接受的候选数据审计,__MACOSX/Battery raw data/Cycle Data/17. 4.35V@ 25┬░C #1/._2. CYC51-100_4.35V @25┬░C.csv,,c7702b1d,212,,,,MACOSX_METADATA_EXCLUDED,__MACOSX metadata member; excluded from data-tree binding
用户风险接受的候选数据审计,Battery raw data/Cycle Data/32. 45┬░C #8/5. CYC201-250_1C @45┬░C.csv,Cycle Data/32. 45°C #8/5. CYC201-250_1C @45°C.csv,bec70d1b,4388258,/Users/wanghaoming/Public/SOC电池数据中心/SOC电池数据中心/Battery raw data/Cycle Data/32. 45°C #8/5. CYC201-250_1C @45°C.csv,4388258,bec70d1b,PASS,RISK_ACCEPTED_SOURCE_BINDING; ZIP mojibake sequence ┬░ normalized to extracted ° when present
用户风险接受的候选数据审计,__MACOSX/Battery raw data/Cycle Data/32. 45┬░C #8/._5. CYC201-250_1C @45┬░C.csv,,c7702b1d,212,,,,MACOSX_METADATA_EXCLUDED,__MACOSX metadata member; excluded from data-tree binding
用户风险接受的候选数据审计,Battery raw data/Cycle Data/32. 45┬░C #8/7. CYC351-450_1C @45┬░C.csv,Cycle Data/32. 45°C #8/7. CYC351-450_1C @45°C.csv,4bf7e6d6,8333529,/Users/wanghaoming/Public/SOC电池数据中心/SOC电池数据中心/Battery raw data/Cycle Data/32. 45°C #8/7. CYC351-450_1C @45°C.csv,8333529,4bf7e6d6,PASS,RISK_ACCEPTED_SOURCE_BINDING; ZIP mojibake sequence ┬░ normalized to extracted ° when present
用户风险接受的候选数据审计,__MACOSX/Battery raw data/Cycle Data/32. 45┬░C #8/._7. CYC351-450_1C @45┬░C.csv,,c7702b1d,212,,,,MACOSX_METADATA_EXCLUDED,__MACOSX metadata member; excluded from data-tree binding
用户风险接受的候选数据审计,Battery raw data/Cycle Data/32. 45┬░C #8/2. CYC51-100_1C @45┬░C.csv,Cycle Data/32. 45°C #8/2. CYC51-100_1C @45°C.csv,2d043064,4717463,/Users/wanghaoming/Public/SOC电池数据中心/SOC电池数据中心/Battery raw data/Cycle Data/32. 45°C #8/2. CYC51-100_1C @45°C.csv,4717463,2d043064,PASS,RISK_ACCEPTED_SOURCE_BINDING; ZIP mojibake sequence ┬░ normalized to extracted ° when present
用户风险接受的候选数据审计,__MACOSX/Battery raw data/Cycle Data/32. 45┬░C #8/._2. CYC51-100_1C @45┬░C.csv,,c7702b1d,212,,,,MACOSX_METADATA_EXCLUDED,__MACOSX metadata member; excluded from data-tree binding
用户风险接受的候选数据审计,Battery raw data/Cycle Data/32. 45┬░C #8/4. CYC151-200_1C @45┬░C.csv,Cycle Data/32. 45°C #8/4. CYC151-200_1C @45°C.csv,7a940d90,4486145,/Users/wanghaoming/Public/SOC电池数据中心/SOC电池数据中心/Battery raw data/Cycle Data/32. 45°C #8/4. CYC151-200_1C @45°C.csv,4486145,7a940d90,PASS,RISK_ACCEPTED_SOURCE_BINDING; ZIP mojibake sequence ┬░ normalized to extracted ° when present
用户风险接受的候选数据审计,__MACOSX/Battery raw data/Cycle Data/32. 45┬░C #8/._4. CYC151-200_1C @45┬░C.csv,,c7702b1d,212,,,,MACOSX_METADATA_EXCLUDED,__MACOSX metadata member; excluded from data-tree binding
用户风险接受的候选数据审计,Battery raw data/Cycle Data/32. 45┬░C #8/3. CYC101-150_1C @45┬░C.csv,Cycle Data/32. 45°C #8/3. CYC101-150_1C @45°C.csv,60bd1219,4598910,/Users/wanghaoming/Public/SOC电池数据中心/SOC电池数据中心/Battery raw data/Cycle Data/32. 45°C #8/3. CYC101-150_1C @45°C.csv,4598910,60bd1219,PASS,RISK_ACCEPTED_SOURCE_BINDING; ZIP mojibake sequence ┬░ normalized to extracted ° when present
用户风险接受的候选数据审计,__MACOSX/Battery raw data/Cycle Data/32. 45┬░C #8/._3. CYC101-150_1C @45┬░C.csv,,c7702b1d,212,,,,MACOSX_METADATA_EXCLUDED,__MACOSX metadata member; excluded from data-tree binding
用户风险接受的候选数据审计,Battery raw data/Cycle Data/32. 45┬░C #8/6. CYC251-350_1C @45┬░C.csv,Cycle Data/32. 45°C #8/6. CYC251-350_1C @45°C.csv,ff310848,8631159,/Users/wanghaoming/Public/SOC电池数据中心/SOC电池数据中心/Battery raw data/Cycle Data/32. 45°C #8/6. CYC251-350_1C @45°C.csv,8631159,ff310848,PASS,RISK_ACCEPTED_SOURCE_BINDING; ZIP mojibake sequence ┬░ normalized to extracted ° when present
用户风险接受的候选数据审计,__MACOSX/Battery raw data/Cycle Data/32. 45┬░C #8/._6. CYC251-350_1C @45┬░C.csv,,c7702b1d,212,,,,MACOSX_METADATA_EXCLUDED,__MACOSX metadata member; excluded from data-tree binding
用户风险接受的候选数据审计,Battery raw data/Cycle Data/32. 45┬░C #8/1. CYC1-50_1C @45┬░C.csv,Cycle Data/32. 45°C #8/1. CYC1-50_1C @45°C.csv,3723292d,4935376,/Users/wanghaoming/Public/SOC电池数据中心/SOC电池数据中心/Battery raw data/Cycle Data/32. 45°C #8/1. CYC1-50_1C @45°C.csv,4935376,3723292d,PASS,RISK_ACCEPTED_SOURCE_BINDING; ZIP mojibake sequence ┬░ normalized to extracted ° when present
用户风险接受的候选数据审计,__MACOSX/Battery raw data/Cycle Data/32. 45┬░C #8/._1. CYC1-50_1C @45┬░C.csv,,c7702b1d,212,,,,MACOSX_METADATA_EXCLUDED,__MACOSX metadata member; excluded from data-tree binding
用户风险接受的候选数据审计,Battery raw data/Cycle Data/7. LOW C@ 25┬░C #7/2. CYC101-200_1C @25┬░C.csv,Cycle Data/7. LOW C@ 25°C #7/2. CYC101-200_1C @25°C.csv,dab128ee,9013493,/Users/wanghaoming/Public/SOC电池数据中心/SOC电池数据中心/Battery raw data/Cycle Data/7. LOW C@ 25°C #7/2. CYC101-200_1C @25°C.csv,9013493,dab128ee,PASS,RISK_ACCEPTED_SOURCE_BINDING; ZIP mojibake sequence ┬░ normalized to extracted ° when present
用户风险接受的候选数据审计,__MACOSX/Battery raw data/Cycle Data/7. LOW C@ 25┬░C #7/._2. CYC101-200_1C @25┬░C.csv,,c7702b1d,212,,,,MACOSX_METADATA_EXCLUDED,__MACOSX metadata member; excluded from data-tree binding
用户风险接受的候选数据审计,Battery raw data/Cycle Data/7. LOW C@ 25┬░C #7/5. CYC351-425_1C @25┬░C.csv,Cycle Data/7. LOW C@ 25°C #7/5. CYC351-425_1C @25°C.csv,40d1f487,5855681,/Users/wanghaoming/Public/SOC电池数据中心/SOC电池数据中心/Battery raw data/Cycle Data/7. LOW C@ 25°C #7/5. CYC351-425_1C @25°C.csv,5855681,40d1f487,PASS,RISK_ACCEPTED_SOURCE_BINDING; ZIP mojibake sequence ┬░ normalized to extracted ° when present
用户风险接受的候选数据审计,__MACOSX/Battery raw data/Cycle Data/7. LOW C@ 25┬░C #7/._5. CYC351-425_1C @25┬░C.csv,,c7702b1d,212,,,,MACOSX_METADATA_EXCLUDED,__MACOSX metadata member; excluded from data-tree binding
用户风险接受的候选数据审计,Battery raw data/Cycle Data/7. LOW C@ 25┬░C #7/3. CYC201-300_1C @25┬░C.csv,Cycle Data/7. LOW C@ 25°C #7/3. CYC201-300_1C @25°C.csv,fc49b310,8533861,/Users/wanghaoming/Public/SOC电池数据中心/SOC电池数据中心/Battery raw data/Cycle Data/7. LOW C@ 25°C #7/3. CYC201-300_1C @25°C.csv,8533861,fc49b310,PASS,RISK_ACCEPTED_SOURCE_BINDING; ZIP mojibake sequence ┬░ normalized to extracted ° when present
用户风险接受的候选数据审计,__MACOSX/Battery raw data/Cycle Data/7. LOW C@ 25┬░C #7/._3. CYC201-300_1C @25┬░C.csv,,c7702b1d,212,,,,MACOSX_METADATA_EXCLUDED,__MACOSX metadata member; excluded from data-tree binding
用户风险接受的候选数据审计,Battery raw data/Cycle Data/7. LOW C@ 25┬░C #7/1. CYC1-100_1C @25┬░C.csv,Cycle Data/7. LOW C@ 25°C #7/1. CYC1-100_1C @25°C.csv,b4420d7b,9566687,/Users/wanghaoming/Public/SOC电池数据中心/SOC电池数据中心/Battery raw data/Cycle Data/7. LOW C@ 25°C #7/1. CYC1-100_1C @25°C.csv,9566687,b4420d7b,PASS,RISK_ACCEPTED_SOURCE_BINDING; ZIP mojibake sequence ┬░ normalized to extracted ° when present
用户风险接受的候选数据审计,__MACOSX/Battery raw data/Cycle Data/7. LOW C@ 25┬░C #7/._1. CYC1-100_1C @25┬░C.csv,,c7702b1d,212,,,,MACOSX_METADATA_EXCLUDED,__MACOSX metadata member; excluded from data-tree binding
用户风险接受的候选数据审计,Battery raw data/Cycle Data/7. LOW C@ 25┬░C #7/4. CYC301-350_1C @25┬░C.csv,Cycle Data/7. LOW C@ 25°C #7/4. CYC301-350_1C @25°C.csv,f0cac2b4,4114868,/Users/wanghaoming/Public/SOC电池数据中心/SOC电池数据中心/Battery raw data/Cycle Data/7. LOW C@ 25°C #7/4. CYC301-350_1C @25°C.csv,4114868,f0cac2b4,PASS,RISK_ACCEPTED_SOURCE_BINDING; ZIP mojibake sequence ┬░ normalized to extracted ° when present
用户风险接受的候选数据审计,__MACOSX/Battery raw data/Cycle Data/7. LOW C@ 25┬░C #7/._4. CYC301-350_1C @25┬░C.csv,,c7702b1d,212,,,,MACOSX_METADATA_EXCLUDED,__MACOSX metadata member; excluded from data-tree binding
用户风险接受的候选数据审计,Battery raw data/Cycle Data/51. LOW C@ 10┬░C #3/3. CYC101-150_0.5C @10┬░C.csv,Cycle Data/51. LOW C@ 10°C #3/3. CYC101-150_0.5C @10°C.csv,74ffbbec,6522800,/Users/wanghaoming/Public/SOC电池数据中心/SOC电池数据中心/Battery raw data/Cycle Data/51. LOW C@ 10°C #3/3. CYC101-150_0.5C @10°C.csv,6522800,74ffbbec,PASS,RISK_ACCEPTED_SOURCE_BINDING; ZIP mojibake sequence ┬░ normalized to extracted ° when present
用户风险接受的候选数据审计,__MACOSX/Battery raw data/Cycle Data/51. LOW C@ 10┬░C #3/._3. CYC101-150_0.5C @10┬░C.csv,,c7702b1d,212,,,,MACOSX_METADATA_EXCLUDED,__MACOSX metadata member; excluded from data-tree binding
用户风险接受的候选数据审计,Battery raw data/Cycle Data/51. LOW C@ 10┬░C #3/4. CYC151-210_0.5C @10┬░C.csv,Cycle Data/51. LOW C@ 10°C #3/4. CYC151-210_0.5C @10°C.csv,ba1ae23d,7264882,/Users/wanghaoming/Public/SOC电池数据中心/SOC电池数据中心/Battery raw data/Cycle Data/51. LOW C@ 10°C #3/4. CYC151-210_0.5C @10°C.csv,7264882,ba1ae23d,PASS,RISK_ACCEPTED_SOURCE_BINDING; ZIP mojibake sequence ┬░ normalized to extracted ° when present
用户风险接受的候选数据审计,__MACOSX/Battery raw data/Cycle Data/51. LOW C@ 10┬░C #3/._4. CYC151-210_0.5C @10┬░C.csv,,c7702b1d,212,,,,MACOSX_METADATA_EXCLUDED,__MACOSX metadata member; excluded from data-tree binding
用户风险接受的候选数据审计,Battery raw data/Cycle Data/51. LOW C@ 10┬░C #3/1. CYC1-50_0.5C @10┬░C.csv,Cycle Data/51. LOW C@ 10°C #3/1. CYC1-50_0.5C @10°C.csv,e46c6c13,7035178,/Users/wanghaoming/Public/SOC电池数据中心/SOC电池数据中心/Battery raw data/Cycle Data/51. LOW C@ 10°C #3/1. CYC1-50_0.5C @10°C.csv,7035178,e46c6c13,PASS,RISK_ACCEPTED_SOURCE_BINDING; ZIP mojibake sequence ┬░ normalized to extracted ° when present
用户风险接受的候选数据审计,__MACOSX/Battery raw data/Cycle Data/51. LOW C@ 10┬░C #3/._1. CYC1-50_0.5C @10┬░C.csv,,c7702b1d,212,,,,MACOSX_METADATA_EXCLUDED,__MACOSX metadata member; excluded from data-tree binding
用户风险接受的候选数据审计,Battery raw data/Cycle Data/51. LOW C@ 10┬░C #3/2. CYC51-100_0.5C @10┬░C.csv,Cycle Data/51. LOW C@ 10°C #3/2. CYC51-100_0.5C @10°C.csv,f453da89,6753707,/Users/wanghaoming/Public/SOC电池数据中心/SOC电池数据中心/Battery raw data/Cycle Data/51. LOW C@ 10°C #3/2. CYC51-100_0.5C @10°C.csv,6753707,f453da89,PASS,RISK_ACCEPTED_SOURCE_BINDING; ZIP mojibake sequence ┬░ normalized to extracted ° when present
用户风险接受的候选数据审计,__MACOSX/Battery raw data/Cycle Data/51. LOW C@ 10┬░C #3/._2. CYC51-100_0.5C @10┬░C.csv,,c7702b1d,212,,,,MACOSX_METADATA_EXCLUDED,__MACOSX metadata member; excluded from data-tree binding
用户风险接受的候选数据审计,Battery raw data/Cycle Data/26. 45┬░C #2/1. CYC1-50_0.5C @45┬░C.csv,Cycle Data/26. 45°C #2/1. CYC1-50_0.5C @45°C.csv,8734c648,7371778,/Users/wanghaoming/Public/SOC电池数据中心/SOC电池数据中心/Battery raw data/Cycle Data/26. 45°C #2/1. CYC1-50_0.5C @45°C.csv,7371778,8734c648,PASS,RISK_ACCEPTED_SOURCE_BINDING; ZIP mojibake sequence ┬░ normalized to extracted ° when present
用户风险接受的候选数据审计,__MACOSX/Battery raw data/Cycle Data/26. 45┬░C #2/._1. CYC1-50_0.5C @45┬░C.csv,,c7702b1d,212,,,,MACOSX_METADATA_EXCLUDED,__MACOSX metadata member; excluded from data-tree binding
用户风险接受的候选数据审计,Battery raw data/Cycle Data/26. 45┬░C #2/7. CYC351-450 0.5C @45┬░C.csv,Cycle Data/26. 45°C #2/7. CYC351-450 0.5C @45°C.csv,bf585089,12581412,/Users/wanghaoming/Public/SOC电池数据中心/SOC电池数据中心/Battery raw data/Cycle Data/26. 45°C #2/7. CYC351-450 0.5C @45°C.csv,12581412,bf585089,PASS,RISK_ACCEPTED_SOURCE_BINDING; ZIP mojibake sequence ┬░ normalized to extracted ° when present
用户风险接受的候选数据审计,__MACOSX/Battery raw data/Cycle Data/26. 45┬░C #2/._7. CYC351-450 0.5C @45┬░C.csv,,c7702b1d,212,,,,MACOSX_METADATA_EXCLUDED,__MACOSX metadata member; excluded from data-tree binding
用户风险接受的候选数据审计,Battery raw data/Cycle Data/26. 45┬░C #2/2. CYC51-100_0.5C @45┬░C.csv,Cycle Data/26. 45°C #2/2. CYC51-100_0.5C @45°C.csv,35d59cc1,7060034,/Users/wanghaoming/Public/SOC电池数据中心/SOC电池数据中心/Battery raw data/Cycle Data/26. 45°C #2/2. CYC51-100_0.5C @45°C.csv,7060034,35d59cc1,PASS,RISK_ACCEPTED_SOURCE_BINDING; ZIP mojibake sequence ┬░ normalized to extracted ° when present
用户风险接受的候选数据审计,__MACOSX/Battery raw data/Cycle Data/26. 45┬░C #2/._2. CYC51-100_0.5C @45┬░C.csv,,c7702b1d,212,,,,MACOSX_METADATA_EXCLUDED,__MACOSX metadata member; excluded from data-tree binding
用户风险接受的候选数据审计,Battery raw data/Cycle Data/26. 45┬░C #2/4. CYC151-200_0.5C @45┬░C.csv,Cycle Data/26. 45°C #2/4. CYC151-200_0.5C @45°C.csv,490f328d,6753084,/Users/wanghaoming/Public/SOC电池数据中心/SOC电池数据中心/Battery raw data/Cycle Data/26. 45°C #2/4. CYC151-200_0.5C @45°C.csv,6753084,490f328d,PASS,RISK_ACCEPTED_SOURCE_BINDING; ZIP mojibake sequence ┬░ normalized to extracted ° when present
用户风险接受的候选数据审计,__MACOSX/Battery raw data/Cycle Data/26. 45┬░C #2/._4. CYC151-200_0.5C @45┬░C.csv,,c7702b1d,212,,,,MACOSX_METADATA_EXCLUDED,__MACOSX metadata member; excluded from data-tree binding
用户风险接受的候选数据审计,Battery raw data/Cycle Data/26. 45┬░C #2/3. CYC101-150_0.5C @45┬░C.csv,Cycle Data/26. 45°C #2/3. CYC101-150_0.5C @45°C.csv,bade023e,6911550,/Users/wanghaoming/Public/SOC电池数据中心/SOC电池数据中心/Battery raw data/Cycle Data/26. 45°C #2/3. CYC101-150_0.5C @45°C.csv,6911550,bade023e,PASS,RISK_ACCEPTED_SOURCE_BINDING; ZIP mojibake sequence ┬░ normalized to extracted ° when present
用户风险接受的候选数据审计,__MACOSX/Battery raw data/Cycle Data/26. 45┬░C #2/._3. CYC101-150_0.5C @45┬░C.csv,,c7702b1d,212,,,,MACOSX_METADATA_EXCLUDED,__MACOSX metadata member; excluded from data-tree binding
用户风险接受的候选数据审计,Battery raw data/Cycle Data/26. 45┬░C #2/6. CYC251-350 0.5C @45┬░C.csv,Cycle Data/26. 45°C #2/6. CYC251-350 0.5C @45°C.csv,16a606fd,12972719,/Users/wanghaoming/Public/SOC电池数据中心/SOC电池数据中心/Battery raw data/Cycle Data/26. 45°C #2/6. CYC251-350 0.5C @45°C.csv,12972719,16a606fd,PASS,RISK_ACCEPTED_SOURCE_BINDING; ZIP mojibake sequence ┬░ normalized to extracted ° when present
用户风险接受的候选数据审计,__MACOSX/Battery raw data/Cycle Data/26. 45┬░C #2/._6. CYC251-350 0.5C @45┬░C.csv,,c7702b1d,212,,,,MACOSX_METADATA_EXCLUDED,__MACOSX metadata member; excluded from data-tree binding
用户风险接受的候选数据审计,Battery raw data/Cycle Data/26. 45┬░C #2/5. CYC201-250_0.5C @45┬░C.csv,Cycle Data/26. 45°C #2/5. CYC201-250_0.5C @45°C.csv,d2887cf2,6612154,/Users/wanghaoming/Public/SOC电池数据中心/SOC电池数据中心/Battery raw data/Cycle Data/26. 45°C #2/5. CYC201-250_0.5C @45°C.csv,6612154,d2887cf2,PASS,RISK_ACCEPTED_SOURCE_BINDING; ZIP mojibake sequence ┬░ normalized to extracted ° when present
用户风险接受的候选数据审计,__MACOSX/Battery raw data/Cycle Data/26. 45┬░C #2/._5. CYC201-250_0.5C @45┬░C.csv,,c7702b1d,212,,,,MACOSX_METADATA_EXCLUDED,__MACOSX metadata member; excluded from data-tree binding
用户风险接受的候选数据审计,Battery raw data/Cycle Data/55. LOW C@ 10┬░C #7/4. CYC151-200_1C @10┬░C.csv,Cycle Data/55. LOW C@ 10°C #7/4. CYC151-200_1C @10°C.csv,137bb39d,3519057,/Users/wanghaoming/Public/SOC电池数据中心/SOC电池数据中心/Battery raw data/Cycle Data/55. LOW C@ 10°C #7/4. CYC151-200_1C @10°C.csv,3519057,137bb39d,PASS,RISK_ACCEPTED_SOURCE_BINDING; ZIP mojibake sequence ┬░ normalized to extracted ° when present
用户风险接受的候选数据审计,__MACOSX/Battery raw data/Cycle Data/55. LOW C@ 10┬░C #7/._4. CYC151-200_1C @10┬░C.csv,,c7702b1d,212,,,,MACOSX_METADATA_EXCLUDED,__MACOSX metadata member; excluded from data-tree binding
用户风险接受的候选数据审计,Battery raw data/Cycle Data/55. LOW C@ 10┬░C #7/3. CYC101-150_1C @10┬░C.csv,Cycle Data/55. LOW C@ 10°C #7/3. CYC101-150_1C @10°C.csv,3d0e69d1,3931831,/Users/wanghaoming/Public/SOC电池数据中心/SOC电池数据中心/Battery raw data/Cycle Data/55. LOW C@ 10°C #7/3. CYC101-150_1C @10°C.csv,3931831,3d0e69d1,PASS,RISK_ACCEPTED_SOURCE_BINDING; ZIP mojibake sequence ┬░ normalized to extracted ° when present
用户风险接受的候选数据审计,__MACOSX/Battery raw data/Cycle Data/55. LOW C@ 10┬░C #7/._3. CYC101-150_1C @10┬░C.csv,,c7702b1d,212,,,,MACOSX_METADATA_EXCLUDED,__MACOSX metadata member; excluded from data-tree binding
用户风险接受的候选数据审计,Battery raw data/Cycle Data/55. LOW C@ 10┬░C #7/1. CYC1-50_1C @10┬░C.csv,Cycle Data/55. LOW C@ 10°C #7/1. CYC1-50_1C @10°C.csv,cb189af2,4314162,/Users/wanghaoming/Public/SOC电池数据中心/SOC电池数据中心/Battery raw data/Cycle Data/55. LOW C@ 10°C #7/1. CYC1-50_1C @10°C.csv,4314162,cb189af2,PASS,RISK_ACCEPTED_SOURCE_BINDING; ZIP mojibake sequence ┬░ normalized to extracted ° when present
用户风险接受的候选数据审计,__MACOSX/Battery raw data/Cycle Data/55. LOW C@ 10┬░C #7/._1. CYC1-50_1C @10┬░C.csv,,c7702b1d,212,,,,MACOSX_METADATA_EXCLUDED,__MACOSX metadata member; excluded from data-tree binding
用户风险接受的候选数据审计,Battery raw data/Cycle Data/55. LOW C@ 10┬░C #7/2. CYC51-100_1C @10┬░C.csv,Cycle Data/55. LOW C@ 10°C #7/2. CYC51-100_1C @10°C.csv,287a9973,4123442,/Users/wanghaoming/Public/SOC电池数据中心/SOC电池数据中心/Battery raw data/Cycle Data/55. LOW C@ 10°C #7/2. CYC51-100_1C @10°C.csv,4123442,287a9973,PASS,RISK_ACCEPTED_SOURCE_BINDING; ZIP mojibake sequence ┬░ normalized to extracted ° when present
用户风险接受的候选数据审计,__MACOSX/Battery raw data/Cycle Data/55. LOW C@ 10┬░C #7/._2. CYC51-100_1C @10┬░C.csv,,c7702b1d,212,,,,MACOSX_METADATA_EXCLUDED,__MACOSX metadata member; excluded from data-tree binding
用户风险接受的候选数据审计,Battery raw data/Cycle Data/3. LOW C@ 25┬░C #3/5. CYC351-425_0.5C @25┬░C.csv,Cycle Data/3. LOW C@ 25°C #3/5. CYC351-425_0.5C @25°C.csv,6f262445,9421812,/Users/wanghaoming/Public/SOC电池数据中心/SOC电池数据中心/Battery raw data/Cycle Data/3. LOW C@ 25°C #3/5. CYC351-425_0.5C @25°C.csv,9421812,6f262445,PASS,RISK_ACCEPTED_SOURCE_BINDING; ZIP mojibake sequence ┬░ normalized to extracted ° when present
用户风险接受的候选数据审计,__MACOSX/Battery raw data/Cycle Data/3. LOW C@ 25┬░C #3/._5. CYC351-425_0.5C @25┬░C.csv,,c7702b1d,212,,,,MACOSX_METADATA_EXCLUDED,__MACOSX metadata member; excluded from data-tree binding
用户风险接受的候选数据审计,Battery raw data/Cycle Data/3. LOW C@ 25┬░C #3/6. CYC426-465_0.5C @25┬░C.csv,Cycle Data/3. LOW C@ 25°C #3/6. CYC426-465_0.5C @25°C.csv,2bbe7ca2,4866259,/Users/wanghaoming/Public/SOC电池数据中心/SOC电池数据中心/Battery raw data/Cycle Data/3. LOW C@ 25°C #3/6. CYC426-465_0.5C @25°C.csv,4866259,2bbe7ca2,PASS,RISK_ACCEPTED_SOURCE_BINDING; ZIP mojibake sequence ┬░ normalized to extracted ° when present
用户风险接受的候选数据审计,__MACOSX/Battery raw data/Cycle Data/3. LOW C@ 25┬░C #3/._6. CYC426-465_0.5C @25┬░C.csv,,c7702b1d,212,,,,MACOSX_METADATA_EXCLUDED,__MACOSX metadata member; excluded from data-tree binding
用户风险接受的候选数据审计,Battery raw data/Cycle Data/3. LOW C@ 25┬░C #3/3. CYC201-300_0.5C @25┬░C.csv,Cycle Data/3. LOW C@ 25°C #3/3. CYC201-300_0.5C @25°C.csv,955ac46d,13141005,/Users/wanghaoming/Public/SOC电池数据中心/SOC电池数据中心/Battery raw data/Cycle Data/3. LOW C@ 25°C #3/3. CYC201-300_0.5C @25°C.csv,13141005,955ac46d,PASS,RISK_ACCEPTED_SOURCE_BINDING; ZIP mojibake sequence ┬░ normalized to extracted ° when present
用户风险接受的候选数据审计,__MACOSX/Battery raw data/Cycle Data/3. LOW C@ 25┬░C #3/._3. CYC201-300_0.5C @25┬░C.csv,,c7702b1d,212,,,,MACOSX_METADATA_EXCLUDED,__MACOSX metadata member; excluded from data-tree binding
用户风险接受的候选数据审计,Battery raw data/Cycle Data/3. LOW C@ 25┬░C #3/1. CYC1-100_0.5C @25┬░C.csv,Cycle Data/3. LOW C@ 25°C #3/1. CYC1-100_0.5C @25°C.csv,f5b3e06b,14567725,/Users/wanghaoming/Public/SOC电池数据中心/SOC电池数据中心/Battery raw data/Cycle Data/3. LOW C@ 25°C #3/1. CYC1-100_0.5C @25°C.csv,14567725,f5b3e06b,PASS,RISK_ACCEPTED_SOURCE_BINDING; ZIP mojibake sequence ┬░ normalized to extracted ° when present
用户风险接受的候选数据审计,__MACOSX/Battery raw data/Cycle Data/3. LOW C@ 25┬░C #3/._1. CYC1-100_0.5C @25┬░C.csv,,c7702b1d,212,,,,MACOSX_METADATA_EXCLUDED,__MACOSX metadata member; excluded from data-tree binding
用户风险接受的候选数据审计,Battery raw data/Cycle Data/3. LOW C@ 25┬░C #3/2. CYC101-200_0.5C @25┬░C.csv,Cycle Data/3. LOW C@ 25°C #3/2. CYC101-200_0.5C @25°C.csv,f253b87a,13953072,/Users/wanghaoming/Public/SOC电池数据中心/SOC电池数据中心/Battery raw data/Cycle Data/3. LOW C@ 25°C #3/2. CYC101-200_0.5C @25°C.csv,13953072,f253b87a,PASS,RISK_ACCEPTED_SOURCE_BINDING; ZIP mojibake sequence ┬░ normalized to extracted ° when present
用户风险接受的候选数据审计,__MACOSX/Battery raw data/Cycle Data/3. LOW C@ 25┬░C #3/._2. CYC101-200_0.5C @25┬░C.csv,,c7702b1d,212,,,,MACOSX_METADATA_EXCLUDED,__MACOSX metadata member; excluded from data-tree binding
用户风险接受的候选数据审计,Battery raw data/Cycle Data/3. LOW C@ 25┬░C #3/4. CYC301-350_0.5C @25┬░C.csv,Cycle Data/3. LOW C@ 25°C #3/4. CYC301-350_0.5C @25°C.csv,9b7471a7,6377100,/Users/wanghaoming/Public/SOC电池数据中心/SOC电池数据中心/Battery raw data/Cycle Data/3. LOW C@ 25°C #3/4. CYC301-350_0.5C @25°C.csv,6377100,9b7471a7,PASS,RISK_ACCEPTED_SOURCE_BINDING; ZIP mojibake sequence ┬░ normalized to extracted ° when present
用户风险接受的候选数据审计,__MACOSX/Battery raw data/Cycle Data/3. LOW C@ 25┬░C #3/._4. CYC301-350_0.5C @25┬░C.csv,,c7702b1d,212,,,,MACOSX_METADATA_EXCLUDED,__MACOSX metadata member; excluded from data-tree binding
用户风险接受的候选数据审计,Battery raw data/Cycle Data/33. 45┬░C #9/3. CYC76-125_3C @45┬░C.csv,Cycle Data/33. 45°C #9/3. CYC76-125_3C @45°C.csv,83cd6b67,2689248,/Users/wanghaoming/Public/SOC电池数据中心/SOC电池数据中心/Battery raw data/Cycle Data/33. 45°C #9/3. CYC76-125_3C @45°C.csv,2689248,83cd6b67,PASS,RISK_ACCEPTED_SOURCE_BINDING; ZIP mojibake sequence ┬░ normalized to extracted ° when present
用户风险接受的候选数据审计,__MACOSX/Battery raw data/Cycle Data/33. 45┬░C #9/._3. CYC76-125_3C @45┬░C.csv,,c7702b1d,212,,,,MACOSX_METADATA_EXCLUDED,__MACOSX metadata member; excluded from data-tree binding
用户风险接受的候选数据审计,Battery raw data/Cycle Data/33. 45┬░C #9/6. CYC251-300_3C @45┬░C.csv,Cycle Data/33. 45°C #9/6. CYC251-300_3C @45°C.csv,59d1fdea,2482426,/Users/wanghaoming/Public/SOC电池数据中心/SOC电池数据中心/Battery raw data/Cycle Data/33. 45°C #9/6. CYC251-300_3C @45°C.csv,2482426,59d1fdea,PASS,RISK_ACCEPTED_SOURCE_BINDING; ZIP mojibake sequence ┬░ normalized to extracted ° when present
用户风险接受的候选数据审计,__MACOSX/Battery raw data/Cycle Data/33. 45┬░C #9/._6. CYC251-300_3C @45┬░C.csv,,c7702b1d,212,,,,MACOSX_METADATA_EXCLUDED,__MACOSX metadata member; excluded from data-tree binding
用户风险接受的候选数据审计,Battery raw data/Cycle Data/33. 45┬░C #9/2. CYC26-75_3C @45┬░C.csv,Cycle Data/33. 45°C #9/2. CYC26-75_3C @45°C.csv,89300123,2824587,/Users/wanghaoming/Public/SOC电池数据中心/SOC电池数据中心/Battery raw data/Cycle Data/33. 45°C #9/2. CYC26-75_3C @45°C.csv,2824587,89300123,PASS,RISK_ACCEPTED_SOURCE_BINDING; ZIP mojibake sequence ┬░ normalized to extracted ° when present
用户风险接受的候选数据审计,__MACOSX/Battery raw data/Cycle Data/33. 45┬░C #9/._2. CYC26-75_3C @45┬░C.csv,,c7702b1d,212,,,,MACOSX_METADATA_EXCLUDED,__MACOSX metadata member; excluded from data-tree binding
用户风险接受的候选数据审计,Battery raw data/Cycle Data/33. 45┬░C #9/8. CYC401-450_3C @45┬░C.csv,Cycle Data/33. 45°C #9/8. CYC401-450_3C @45°C.csv,30e71494,2315369,/Users/wanghaoming/Public/SOC电池数据中心/SOC电池数据中心/Battery raw data/Cycle Data/33. 45°C #9/8. CYC401-450_3C @45°C.csv,2315369,30e71494,PASS,RISK_ACCEPTED_SOURCE_BINDING; ZIP mojibake sequence ┬░ normalized to extracted ° when present
用户风险接受的候选数据审计,__MACOSX/Battery raw data/Cycle Data/33. 45┬░C #9/._8. CYC401-450_3C @45┬░C.csv,,c7702b1d,212,,,,MACOSX_METADATA_EXCLUDED,__MACOSX metadata member; excluded from data-tree binding
用户风险接受的候选数据审计,Battery raw data/Cycle Data/33. 45┬░C #9/1. CYC1-25_3C @45┬░C.csv,Cycle Data/33. 45°C #9/1. CYC1-25_3C @45°C.csv,ceb2f9c5,1462117,/Users/wanghaoming/Public/SOC电池数据中心/SOC电池数据中心/Battery raw data/Cycle Data/33. 45°C #9/1. CYC1-25_3C @45°C.csv,1462117,ceb2f9c5,PASS,RISK_ACCEPTED_SOURCE_BINDING; ZIP mojibake sequence ┬░ normalized to extracted ° when present
用户风险接受的候选数据审计,__MACOSX/Battery raw data/Cycle Data/33. 45┬░C #9/._1. CYC1-25_3C @45┬░C.csv,,c7702b1d,212,,,,MACOSX_METADATA_EXCLUDED,__MACOSX metadata member; excluded from data-tree binding
用户风险接受的候选数据审计,Battery raw data/Cycle Data/33. 45┬░C #9/5. CYC201-250_3C @45┬░C.csv,Cycle Data/33. 45°C #9/5. CYC201-250_3C @45°C.csv,0c79512f,2544673,/Users/wanghaoming/Public/SOC电池数据中心/SOC电池数据中心/Battery raw data/Cycle Data/33. 45°C #9/5. CYC201-250_3C @45°C.csv,2544673,0c79512f,PASS,RISK_ACCEPTED_SOURCE_BINDING; ZIP mojibake sequence ┬░ normalized to extracted ° when present
用户风险接受的候选数据审计,__MACOSX/Battery raw data/Cycle Data/33. 45┬░C #9/._5. CYC201-250_3C @45┬░C.csv,,c7702b1d,212,,,,MACOSX_METADATA_EXCLUDED,__MACOSX metadata member; excluded from data-tree binding
用户风险接受的候选数据审计,Battery raw data/Cycle Data/33. 45┬░C #9/4. CYC126-200_3C @45┬░C.csv,Cycle Data/33. 45°C #9/4. CYC126-200_3C @45°C.csv,fdc1e290,3921370,/Users/wanghaoming/Public/SOC电池数据中心/SOC电池数据中心/Battery raw data/Cycle Data/33. 45°C #9/4. CYC126-200_3C @45°C.csv,3921370,fdc1e290,PASS,RISK_ACCEPTED_SOURCE_BINDING; ZIP mojibake sequence ┬░ normalized to extracted ° when present
用户风险接受的候选数据审计,__MACOSX/Battery raw data/Cycle Data/33. 45┬░C #9/._4. CYC126-200_3C @45┬░C.csv,,c7702b1d,212,,,,MACOSX_METADATA_EXCLUDED,__MACOSX metadata member; excluded from data-tree binding
用户风险接受的候选数据审计,Battery raw data/Cycle Data/33. 45┬░C #9/7. CYC301-400_3C @45┬░C.csv,Cycle Data/33. 45°C #9/7. CYC301-400_3C @45°C.csv,b85a463f,4851911,/Users/wanghaoming/Public/SOC电池数据中心/SOC电池数据中心/Battery raw data/Cycle Data/33. 45°C #9/7. CYC301-400_3C @45°C.csv,4851911,b85a463f,PASS,RISK_ACCEPTED_SOURCE_BINDING; ZIP mojibake sequence ┬░ normalized to extracted ° when present
用户风险接受的候选数据审计,__MACOSX/Battery raw data/Cycle Data/33. 45┬░C #9/._7. CYC301-400_3C @45┬░C.csv,,c7702b1d,212,,,,MACOSX_METADATA_EXCLUDED,__MACOSX metadata member; excluded from data-tree binding
用户风险接受的候选数据审计,Battery raw data/Cycle Data/11. HIGH C@ 25┬░C #3/3. CYC201-300_3C @25┬░C.csv,Cycle Data/11. HIGH C@ 25°C #3/3. CYC201-300_3C @25°C.csv,8ff9e4e7,4675113,/Users/wanghaoming/Public/SOC电池数据中心/SOC电池数据中心/Battery raw data/Cycle Data/11. HIGH C@ 25°C #3/3. CYC201-300_3C @25°C.csv,4675113,8ff9e4e7,PASS,RISK_ACCEPTED_SOURCE_BINDING; ZIP mojibake sequence ┬░ normalized to extracted ° when present
用户风险接受的候选数据审计,__MACOSX/Battery raw data/Cycle Data/11. HIGH C@ 25┬░C #3/._3. CYC201-300_3C @25┬░C.csv,,c7702b1d,212,,,,MACOSX_METADATA_EXCLUDED,__MACOSX metadata member; excluded from data-tree binding
用户风险接受的候选数据审计,Battery raw data/Cycle Data/11. HIGH C@ 25┬░C #3/2. CYC101-200_3C @25┬░C.csv,Cycle Data/11. HIGH C@ 25°C #3/2. CYC101-200_3C @25°C.csv,4ed5e51a,5045277,/Users/wanghaoming/Public/SOC电池数据中心/SOC电池数据中心/Battery raw data/Cycle Data/11. HIGH C@ 25°C #3/2. CYC101-200_3C @25°C.csv,5045277,4ed5e51a,PASS,RISK_ACCEPTED_SOURCE_BINDING; ZIP mojibake sequence ┬░ normalized to extracted ° when present
用户风险接受的候选数据审计,__MACOSX/Battery raw data/Cycle Data/11. HIGH C@ 25┬░C #3/._2. CYC101-200_3C @25┬░C.csv,,c7702b1d,212,,,,MACOSX_METADATA_EXCLUDED,__MACOSX metadata member; excluded from data-tree binding
用户风险接受的候选数据审计,Battery raw data/Cycle Data/11. HIGH C@ 25┬░C #3/4. CYC301-400_3C @25┬░C.csv,Cycle Data/11. HIGH C@ 25°C #3/4. CYC301-400_3C @25°C.csv,509f479d,4270902,/Users/wanghaoming/Public/SOC电池数据中心/SOC电池数据中心/Battery raw data/Cycle Data/11. HIGH C@ 25°C #3/4. CYC301-400_3C @25°C.csv,4270902,509f479d,PASS,RISK_ACCEPTED_SOURCE_BINDING; ZIP mojibake sequence ┬░ normalized to extracted ° when present
用户风险接受的候选数据审计,__MACOSX/Battery raw data/Cycle Data/11. HIGH C@ 25┬░C #3/._4. CYC301-400_3C @25┬░C.csv,,c7702b1d,212,,,,MACOSX_METADATA_EXCLUDED,__MACOSX metadata member; excluded from data-tree binding
用户风险接受的候选数据审计,Battery raw data/Cycle Data/11. HIGH C@ 25┬░C #3/1. CYC1-100_3C @25┬░C.csv,Cycle Data/11. HIGH C@ 25°C #3/1. CYC1-100_3C @25°C.csv,8bc64709,5459168,/Users/wanghaoming/Public/SOC电池数据中心/SOC电池数据中心/Battery raw data/Cycle Data/11. HIGH C@ 25°C #3/1. CYC1-100_3C @25°C.csv,5459168,8bc64709,PASS,RISK_ACCEPTED_SOURCE_BINDING; ZIP mojibake sequence ┬░ normalized to extracted ° when present
用户风险接受的候选数据审计,__MACOSX/Battery raw data/Cycle Data/11. HIGH C@ 25┬░C #3/._1. CYC1-100_3C @25┬░C.csv,,c7702b1d,212,,,,MACOSX_METADATA_EXCLUDED,__MACOSX metadata member; excluded from data-tree binding
用户风险接受的候选数据审计,Battery raw data/Cycle Data/25. 45┬░C #1/1. CYC1-50_0.5C @45┬░C.csv,Cycle Data/25. 45°C #1/1. CYC1-50_0.5C @45°C.csv,6832c674,7341676,/Users/wanghaoming/Public/SOC电池数据中心/SOC电池数据中心/Battery raw data/Cycle Data/25. 45°C #1/1. CYC1-50_0.5C @45°C.csv,7341676,6832c674,PASS,RISK_ACCEPTED_SOURCE_BINDING; ZIP mojibake sequence ┬░ normalized to extracted ° when present
用户风险接受的候选数据审计,__MACOSX/Battery raw data/Cycle Data/25. 45┬░C #1/._1. CYC1-50_0.5C @45┬░C.csv,,c7702b1d,212,,,,MACOSX_METADATA_EXCLUDED,__MACOSX metadata member; excluded from data-tree binding
用户风险接受的候选数据审计,Battery raw data/Cycle Data/25. 45┬░C #1/7. CYC351-450 0.5C @45┬░C.csv,Cycle Data/25. 45°C #1/7. CYC351-450 0.5C @45°C.csv,e4caf131,12510650,/Users/wanghaoming/Public/SOC电池数据中心/SOC电池数据中心/Battery raw data/Cycle Data/25. 45°C #1/7. CYC351-450 0.5C @45°C.csv,12510650,e4caf131,PASS,RISK_ACCEPTED_SOURCE_BINDING; ZIP mojibake sequence ┬░ normalized to extracted ° when present
用户风险接受的候选数据审计,__MACOSX/Battery raw data/Cycle Data/25. 45┬░C #1/._7. CYC351-450 0.5C @45┬░C.csv,,c7702b1d,212,,,,MACOSX_METADATA_EXCLUDED,__MACOSX metadata member; excluded from data-tree binding
用户风险接受的候选数据审计,Battery raw data/Cycle Data/25. 45┬░C #1/2. CYC51-100_0.5C @45┬░C.csv,Cycle Data/25. 45°C #1/2. CYC51-100_0.5C @45°C.csv,6b827fab,7024636,/Users/wanghaoming/Public/SOC电池数据中心/SOC电池数据中心/Battery raw data/Cycle Data/25. 45°C #1/2. CYC51-100_0.5C @45°C.csv,7024636,6b827fab,PASS,RISK_ACCEPTED_SOURCE_BINDING; ZIP mojibake sequence ┬░ normalized to extracted ° when present
用户风险接受的候选数据审计,__MACOSX/Battery raw data/Cycle Data/25. 45┬░C #1/._2. CYC51-100_0.5C @45┬░C.csv,,c7702b1d,212,,,,MACOSX_METADATA_EXCLUDED,__MACOSX metadata member; excluded from data-tree binding
用户风险接受的候选数据审计,Battery raw data/Cycle Data/25. 45┬░C #1/4. CYC151-200_0.5C @45┬░C.csv,Cycle Data/25. 45°C #1/4. CYC151-200_0.5C @45°C.csv,37ffcf9b,6716595,/Users/wanghaoming/Public/SOC电池数据中心/SOC电池数据中心/Battery raw data/Cycle Data/25. 45°C #1/4. CYC151-200_0.5C @45°C.csv,6716595,37ffcf9b,PASS,RISK_ACCEPTED_SOURCE_BINDING; ZIP mojibake sequence ┬░ normalized to extracted ° when present
用户风险接受的候选数据审计,__MACOSX/Battery raw data/Cycle Data/25. 45┬░C #1/._4. CYC151-200_0.5C @45┬░C.csv,,c7702b1d,212,,,,MACOSX_METADATA_EXCLUDED,__MACOSX metadata member; excluded from data-tree binding
用户风险接受的候选数据审计,Battery raw data/Cycle Data/25. 45┬░C #1/3. CYC101-150_0.5C @45┬░C.csv,Cycle Data/25. 45°C #1/3. CYC101-150_0.5C @45°C.csv,c02d921b,6875977,/Users/wanghaoming/Public/SOC电池数据中心/SOC电池数据中心/Battery raw data/Cycle Data/25. 45°C #1/3. CYC101-150_0.5C @45°C.csv,6875977,c02d921b,PASS,RISK_ACCEPTED_SOURCE_BINDING; ZIP mojibake sequence ┬░ normalized to extracted ° when present
用户风险接受的候选数据审计,__MACOSX/Battery raw data/Cycle Data/25. 45┬░C #1/._3. CYC101-150_0.5C @45┬░C.csv,,c7702b1d,212,,,,MACOSX_METADATA_EXCLUDED,__MACOSX metadata member; excluded from data-tree binding
用户风险接受的候选数据审计,Battery raw data/Cycle Data/25. 45┬░C #1/6. CYC251-350 0.5C @45┬░C.csv,Cycle Data/25. 45°C #1/6. CYC251-350 0.5C @45°C.csv,af07bd0a,12898545,/Users/wanghaoming/Public/SOC电池数据中心/SOC电池数据中心/Battery raw data/Cycle Data/25. 45°C #1/6. CYC251-350 0.5C @45°C.csv,12898545,af07bd0a,PASS,RISK_ACCEPTED_SOURCE_BINDING; ZIP mojibake sequence ┬░ normalized to extracted ° when present
用户风险接受的候选数据审计,__MACOSX/Battery raw data/Cycle Data/25. 45┬░C #1/._6. CYC251-350 0.5C @45┬░C.csv,,c7702b1d,212,,,,MACOSX_METADATA_EXCLUDED,__MACOSX metadata member; excluded from data-tree binding
用户风险接受的候选数据审计,Battery raw data/Cycle Data/25. 45┬░C #1/5. CYC201-250_0.5C @45┬░C.csv,Cycle Data/25. 45°C #1/5. CYC201-250_0.5C @45°C.csv,6dc51c55,6576605,/Users/wanghaoming/Public/SOC电池数据中心/SOC电池数据中心/Battery raw data/Cycle Data/25. 45°C #1/5. CYC201-250_0.5C @45°C.csv,6576605,6dc51c55,PASS,RISK_ACCEPTED_SOURCE_BINDING; ZIP mojibake sequence ┬░ normalized to extracted ° when present
用户风险接受的候选数据审计,__MACOSX/Battery raw data/Cycle Data/25. 45┬░C #1/._5. CYC201-250_0.5C @45┬░C.csv,,c7702b1d,212,,,,MACOSX_METADATA_EXCLUDED,__MACOSX metadata member; excluded from data-tree binding
用户风险接受的候选数据审计,Battery raw data/Cycle Data/4. LOW C@ 25┬░C #4/5. CYC351-425_0.5C @25┬░C.csv,Cycle Data/4. LOW C@ 25°C #4/5. CYC351-425_0.5C @25°C.csv,d1775c5e,9422371,/Users/wanghaoming/Public/SOC电池数据中心/SOC电池数据中心/Battery raw data/Cycle Data/4. LOW C@ 25°C #4/5. CYC351-425_0.5C @25°C.csv,9422371,d1775c5e,PASS,RISK_ACCEPTED_SOURCE_BINDING; ZIP mojibake sequence ┬░ normalized to extracted ° when present
用户风险接受的候选数据审计,__MACOSX/Battery raw data/Cycle Data/4. LOW C@ 25┬░C #4/._5. CYC351-425_0.5C @25┬░C.csv,,c7702b1d,212,,,,MACOSX_METADATA_EXCLUDED,__MACOSX metadata member; excluded from data-tree binding
用户风险接受的候选数据审计,Battery raw data/Cycle Data/4. LOW C@ 25┬░C #4/4. CYC301-350_0.5C @25┬░.csv,Cycle Data/4. LOW C@ 25°C #4/4. CYC301-350_0.5C @25°.csv,3da7a2e5,6368476,/Users/wanghaoming/Public/SOC电池数据中心/SOC电池数据中心/Battery raw data/Cycle Data/4. LOW C@ 25°C #4/4. CYC301-350_0.5C @25°.csv,6368476,3da7a2e5,PASS,RISK_ACCEPTED_SOURCE_BINDING; ZIP mojibake sequence ┬░ normalized to extracted ° when present
用户风险接受的候选数据审计,__MACOSX/Battery raw data/Cycle Data/4. LOW C@ 25┬░C #4/._4. CYC301-350_0.5C @25┬░.csv,,c7702b1d,212,,,,MACOSX_METADATA_EXCLUDED,__MACOSX metadata member; excluded from data-tree binding
用户风险接受的候选数据审计,Battery raw data/Cycle Data/4. LOW C@ 25┬░C #4/6. CYC426-465_0.5C @25┬░C.csv,Cycle Data/4. LOW C@ 25°C #4/6. CYC426-465_0.5C @25°C.csv,fe2be7d8,4888795,/Users/wanghaoming/Public/SOC电池数据中心/SOC电池数据中心/Battery raw data/Cycle Data/4. LOW C@ 25°C #4/6. CYC426-465_0.5C @25°C.csv,4888795,fe2be7d8,PASS,RISK_ACCEPTED_SOURCE_BINDING; ZIP mojibake sequence ┬░ normalized to extracted ° when present
用户风险接受的候选数据审计,__MACOSX/Battery raw data/Cycle Data/4. LOW C@ 25┬░C #4/._6. CYC426-465_0.5C @25┬░C.csv,,c7702b1d,212,,,,MACOSX_METADATA_EXCLUDED,__MACOSX metadata member; excluded from data-tree binding
用户风险接受的候选数据审计,Battery raw data/Cycle Data/4. LOW C@ 25┬░C #4/3. CYC201-300_0.5C @25┬░C.csv,Cycle Data/4. LOW C@ 25°C #4/3. CYC201-300_0.5C @25°C.csv,0306efad,13116781,/Users/wanghaoming/Public/SOC电池数据中心/SOC电池数据中心/Battery raw data/Cycle Data/4. LOW C@ 25°C #4/3. CYC201-300_0.5C @25°C.csv,13116781,0306efad,PASS,RISK_ACCEPTED_SOURCE_BINDING; ZIP mojibake sequence ┬░ normalized to extracted ° when present
用户风险接受的候选数据审计,__MACOSX/Battery raw data/Cycle Data/4. LOW C@ 25┬░C #4/._3. CYC201-300_0.5C @25┬░C.csv,,c7702b1d,212,,,,MACOSX_METADATA_EXCLUDED,__MACOSX metadata member; excluded from data-tree binding
用户风险接受的候选数据审计,Battery raw data/Cycle Data/4. LOW C@ 25┬░C #4/1. CYC1-100_0.5C @25┬░C.csv,Cycle Data/4. LOW C@ 25°C #4/1. CYC1-100_0.5C @25°C.csv,fdb33d6f,14551772,/Users/wanghaoming/Public/SOC电池数据中心/SOC电池数据中心/Battery raw data/Cycle Data/4. LOW C@ 25°C #4/1. CYC1-100_0.5C @25°C.csv,14551772,fdb33d6f,PASS,RISK_ACCEPTED_SOURCE_BINDING; ZIP mojibake sequence ┬░ normalized to extracted ° when present
用户风险接受的候选数据审计,__MACOSX/Battery raw data/Cycle Data/4. LOW C@ 25┬░C #4/._1. CYC1-100_0.5C @25┬░C.csv,,c7702b1d,212,,,,MACOSX_METADATA_EXCLUDED,__MACOSX metadata member; excluded from data-tree binding
用户风险接受的候选数据审计,Battery raw data/Cycle Data/4. LOW C@ 25┬░C #4/2. CYC101-200_0.5C @25┬░C.csv,Cycle Data/4. LOW C@ 25°C #4/2. CYC101-200_0.5C @25°C.csv,db11e334,13911545,/Users/wanghaoming/Public/SOC电池数据中心/SOC电池数据中心/Battery raw data/Cycle Data/4. LOW C@ 25°C #4/2. CYC101-200_0.5C @25°C.csv,13911545,db11e334,PASS,RISK_ACCEPTED_SOURCE_BINDING; ZIP mojibake sequence ┬░ normalized to extracted ° when present
用户风险接受的候选数据审计,__MACOSX/Battery raw data/Cycle Data/4. LOW C@ 25┬░C #4/._2. CYC101-200_0.5C @25┬░C.csv,,c7702b1d,212,,,,MACOSX_METADATA_EXCLUDED,__MACOSX metadata member; excluded from data-tree binding
用户风险接受的候选数据审计,Battery raw data/Cycle Data/38. 60┬░C #2/1. CYC1-50_0.5C @60┬░C.csv,Cycle Data/38. 60°C #2/1. CYC1-50_0.5C @60°C.csv,cb37df17,7394857,/Users/wanghaoming/Public/SOC电池数据中心/SOC电池数据中心/Battery raw data/Cycle Data/38. 60°C #2/1. CYC1-50_0.5C @60°C.csv,7394857,cb37df17,PASS,RISK_ACCEPTED_SOURCE_BINDING; ZIP mojibake sequence ┬░ normalized to extracted ° when present
用户风险接受的候选数据审计,__MACOSX/Battery raw data/Cycle Data/38. 60┬░C #2/._1. CYC1-50_0.5C @60┬░C.csv,,c7702b1d,212,,,,MACOSX_METADATA_EXCLUDED,__MACOSX metadata member; excluded from data-tree binding
用户风险接受的候选数据审计,Battery raw data/Cycle Data/38. 60┬░C #2/2. CYC51-100_0.5C @60┬░C.csv,Cycle Data/38. 60°C #2/2. CYC51-100_0.5C @60°C.csv,4ae5dc6f,7006368,/Users/wanghaoming/Public/SOC电池数据中心/SOC电池数据中心/Battery raw data/Cycle Data/38. 60°C #2/2. CYC51-100_0.5C @60°C.csv,7006368,4ae5dc6f,PASS,RISK_ACCEPTED_SOURCE_BINDING; ZIP mojibake sequence ┬░ normalized to extracted ° when present
用户风险接受的候选数据审计,__MACOSX/Battery raw data/Cycle Data/38. 60┬░C #2/._2. CYC51-100_0.5C @60┬░C.csv,,c7702b1d,212,,,,MACOSX_METADATA_EXCLUDED,__MACOSX metadata member; excluded from data-tree binding
用户风险接受的候选数据审计,Battery raw data/Cycle Data/38. 60┬░C #2/4. CYC151-215_0.5C @60┬░C.csv,Cycle Data/38. 60°C #2/4. CYC151-215_0.5C @60°C.csv,5a16342c,8402548,/Users/wanghaoming/Public/SOC电池数据中心/SOC电池数据中心/Battery raw data/Cycle Data/38. 60°C #2/4. CYC151-215_0.5C @60°C.csv,8402548,5a16342c,PASS,RISK_ACCEPTED_SOURCE_BINDING; ZIP mojibake sequence ┬░ normalized to extracted ° when present
用户风险接受的候选数据审计,__MACOSX/Battery raw data/Cycle Data/38. 60┬░C #2/._4. CYC151-215_0.5C @60┬░C.csv,,c7702b1d,212,,,,MACOSX_METADATA_EXCLUDED,__MACOSX metadata member; excluded from data-tree binding
用户风险接受的候选数据审计,Battery raw data/Cycle Data/38. 60┬░C #2/3. CYC101-150_0.5C @60┬░C.csv,Cycle Data/38. 60°C #2/3. CYC101-150_0.5C @60°C.csv,9206cd6b,6682350,/Users/wanghaoming/Public/SOC电池数据中心/SOC电池数据中心/Battery raw data/Cycle Data/38. 60°C #2/3. CYC101-150_0.5C @60°C.csv,6682350,9206cd6b,PASS,RISK_ACCEPTED_SOURCE_BINDING; ZIP mojibake sequence ┬░ normalized to extracted ° when present
用户风险接受的候选数据审计,__MACOSX/Battery raw data/Cycle Data/38. 60┬░C #2/._3. CYC101-150_0.5C @60┬░C.csv,,c7702b1d,212,,,,MACOSX_METADATA_EXCLUDED,__MACOSX metadata member; excluded from data-tree binding
用户风险接受的候选数据审计,Battery raw data/Cycle Data/46. 60┬░C #10/5. CYC201-250_3C @60┬░C.csv,Cycle Data/46. 60°C #10/5. CYC201-250_3C @60°C.csv,120b8b09,2565388,/Users/wanghaoming/Public/SOC电池数据中心/SOC电池数据中心/Battery raw data/Cycle Data/46. 60°C #10/5. CYC201-250_3C @60°C.csv,2565388,120b8b09,PASS,RISK_ACCEPTED_SOURCE_BINDING; ZIP mojibake sequence ┬░ normalized to extracted ° when present
用户风险接受的候选数据审计,__MACOSX/Battery raw data/Cycle Data/46. 60┬░C #10/._5. CYC201-250_3C @60┬░C.csv,,c7702b1d,212,,,,MACOSX_METADATA_EXCLUDED,__MACOSX metadata member; excluded from data-tree binding
用户风险接受的候选数据审计,Battery raw data/Cycle Data/46. 60┬░C #10/2. CYC51-100_3C @60┬░C.csv,Cycle Data/46. 60°C #10/2. CYC51-100_3C @60°C.csv,1b2a93a8,2823464,/Users/wanghaoming/Public/SOC电池数据中心/SOC电池数据中心/Battery raw data/Cycle Data/46. 60°C #10/2. CYC51-100_3C @60°C.csv,2823464,1b2a93a8,PASS,RISK_ACCEPTED_SOURCE_BINDING; ZIP mojibake sequence ┬░ normalized to extracted ° when present
用户风险接受的候选数据审计,__MACOSX/Battery raw data/Cycle Data/46. 60┬░C #10/._2. CYC51-100_3C @60┬░C.csv,,c7702b1d,212,,,,MACOSX_METADATA_EXCLUDED,__MACOSX metadata member; excluded from data-tree binding
用户风险接受的候选数据审计,Battery raw data/Cycle Data/46. 60┬░C #10/4. CYC151-200_3C @60┬░C.csv,Cycle Data/46. 60°C #10/4. CYC151-200_3C @60°C.csv,c718267d,2648915,/Users/wanghaoming/Public/SOC电池数据中心/SOC电池数据中心/Battery raw data/Cycle Data/46. 60°C #10/4. CYC151-200_3C @60°C.csv,2648915,c718267d,PASS,RISK_ACCEPTED_SOURCE_BINDING; ZIP mojibake sequence ┬░ normalized to extracted ° when present
用户风险接受的候选数据审计,__MACOSX/Battery raw data/Cycle Data/46. 60┬░C #10/._4. CYC151-200_3C @60┬░C.csv,,c7702b1d,212,,,,MACOSX_METADATA_EXCLUDED,__MACOSX metadata member; excluded from data-tree binding
用户风险接受的候选数据审计,Battery raw data/Cycle Data/46. 60┬░C #10/3. CYC101-150_3C @60┬░C.csv,Cycle Data/46. 60°C #10/3. CYC101-150_3C @60°C.csv,de55c4ae,2704303,/Users/wanghaoming/Public/SOC电池数据中心/SOC电池数据中心/Battery raw data/Cycle Data/46. 60°C #10/3. CYC101-150_3C @60°C.csv,2704303,de55c4ae,PASS,RISK_ACCEPTED_SOURCE_BINDING; ZIP mojibake sequence ┬░ normalized to extracted ° when present
用户风险接受的候选数据审计,__MACOSX/Battery raw data/Cycle Data/46. 60┬░C #10/._3. CYC101-150_3C @60┬░C.csv,,c7702b1d,212,,,,MACOSX_METADATA_EXCLUDED,__MACOSX metadata member; excluded from data-tree binding
用户风险接受的候选数据审计,Battery raw data/Cycle Data/46. 60┬░C #10/1. CYC1-50_3C @60┬░C.csv,Cycle Data/46. 60°C #10/1. CYC1-50_3C @60°C.csv,4e81e5ff,3015576,/Users/wanghaoming/Public/SOC电池数据中心/SOC电池数据中心/Battery raw data/Cycle Data/46. 60°C #10/1. CYC1-50_3C @60°C.csv,3015576,4e81e5ff,PASS,RISK_ACCEPTED_SOURCE_BINDING; ZIP mojibake sequence ┬░ normalized to extracted ° when present
用户风险接受的候选数据审计,__MACOSX/Battery raw data/Cycle Data/46. 60┬░C #10/._1. CYC1-50_3C @60┬░C.csv,,c7702b1d,212,,,,MACOSX_METADATA_EXCLUDED,__MACOSX metadata member; excluded from data-tree binding
用户风险接受的候选数据审计,Battery raw data/Cycle Data/59. HIGH C@ 10┬░C #3/4. CYC126-150_3C @10┬░C.csv,Cycle Data/59. HIGH C@ 10°C #3/4. CYC126-150_3C @10°C.csv,57ae42d3,840812,/Users/wanghaoming/Public/SOC电池数据中心/SOC电池数据中心/Battery raw data/Cycle Data/59. HIGH C@ 10°C #3/4. CYC126-150_3C @10°C.csv,840812,57ae42d3,PASS,RISK_ACCEPTED_SOURCE_BINDING; ZIP mojibake sequence ┬░ normalized to extracted ° when present
用户风险接受的候选数据审计,__MACOSX/Battery raw data/Cycle Data/59. HIGH C@ 10┬░C #3/._4. CYC126-150_3C @10┬░C.csv,,c7702b1d,212,,,,MACOSX_METADATA_EXCLUDED,__MACOSX metadata member; excluded from data-tree binding
用户风险接受的候选数据审计,Battery raw data/Cycle Data/59. HIGH C@ 10┬░C #3/3. CYC76-125_3C @10┬░C.csv,Cycle Data/59. HIGH C@ 10°C #3/3. CYC76-125_3C @10°C.csv,61e6cf58,2080834,/Users/wanghaoming/Public/SOC电池数据中心/SOC电池数据中心/Battery raw data/Cycle Data/59. HIGH C@ 10°C #3/3. CYC76-125_3C @10°C.csv,2080834,61e6cf58,PASS,RISK_ACCEPTED_SOURCE_BINDING; ZIP mojibake sequence ┬░ normalized to extracted ° when present
用户风险接受的候选数据审计,__MACOSX/Battery raw data/Cycle Data/59. HIGH C@ 10┬░C #3/._3. CYC76-125_3C @10┬░C.csv,,c7702b1d,212,,,,MACOSX_METADATA_EXCLUDED,__MACOSX metadata member; excluded from data-tree binding
用户风险接受的候选数据审计,Battery raw data/Cycle Data/59. HIGH C@ 10┬░C #3/2. CYC26-75_3C @10┬░C.csv,Cycle Data/59. HIGH C@ 10°C #3/2. CYC26-75_3C @10°C.csv,59c81807,2405685,/Users/wanghaoming/Public/SOC电池数据中心/SOC电池数据中心/Battery raw data/Cycle Data/59. HIGH C@ 10°C #3/2. CYC26-75_3C @10°C.csv,2405685,59c81807,PASS,RISK_ACCEPTED_SOURCE_BINDING; ZIP mojibake sequence ┬░ normalized to extracted ° when present
用户风险接受的候选数据审计,__MACOSX/Battery raw data/Cycle Data/59. HIGH C@ 10┬░C #3/._2. CYC26-75_3C @10┬░C.csv,,c7702b1d,212,,,,MACOSX_METADATA_EXCLUDED,__MACOSX metadata member; excluded from data-tree binding
用户风险接受的候选数据审计,Battery raw data/Cycle Data/59. HIGH C@ 10┬░C #3/1. CYC1-25_3C @10┬░C.csv,Cycle Data/59. HIGH C@ 10°C #3/1. CYC1-25_3C @10°C.csv,d4914d01,1284230,/Users/wanghaoming/Public/SOC电池数据中心/SOC电池数据中心/Battery raw data/Cycle Data/59. HIGH C@ 10°C #3/1. CYC1-25_3C @10°C.csv,1284230,d4914d01,PASS,RISK_ACCEPTED_SOURCE_BINDING; ZIP mojibake sequence ┬░ normalized to extracted ° when present
用户风险接受的候选数据审计,__MACOSX/Battery raw data/Cycle Data/59. HIGH C@ 10┬░C #3/._1. CYC1-25_3C @10┬░C.csv,,c7702b1d,212,,,,MACOSX_METADATA_EXCLUDED,__MACOSX metadata member; excluded from data-tree binding
用户风险接受的候选数据审计,Battery raw data/Cycle Data/39. 60┬░C #3/1. CYC1-50_0.5C @60┬░C.csv,Cycle Data/39. 60°C #3/1. CYC1-50_0.5C @60°C.csv,9de2871a,7396998,/Users/wanghaoming/Public/SOC电池数据中心/SOC电池数据中心/Battery raw data/Cycle Data/39. 60°C #3/1. CYC1-50_0.5C @60°C.csv,7396998,9de2871a,PASS,RISK_ACCEPTED_SOURCE_BINDING; ZIP mojibake sequence ┬░ normalized to extracted ° when present
用户风险接受的候选数据审计,__MACOSX/Battery raw data/Cycle Data/39. 60┬░C #3/._1. CYC1-50_0.5C @60┬░C.csv,,c7702b1d,212,,,,MACOSX_METADATA_EXCLUDED,__MACOSX metadata member; excluded from data-tree binding
用户风险接受的候选数据审计,Battery raw data/Cycle Data/39. 60┬░C #3/2. CYC51-100_0.5C @60┬░C.csv,Cycle Data/39. 60°C #3/2. CYC51-100_0.5C @60°C.csv,6056a463,6986325,/Users/wanghaoming/Public/SOC电池数据中心/SOC电池数据中心/Battery raw data/Cycle Data/39. 60°C #3/2. CYC51-100_0.5C @60°C.csv,6986325,6056a463,PASS,RISK_ACCEPTED_SOURCE_BINDING; ZIP mojibake sequence ┬░ normalized to extracted ° when present
用户风险接受的候选数据审计,__MACOSX/Battery raw data/Cycle Data/39. 60┬░C #3/._2. CYC51-100_0.5C @60┬░C.csv,,c7702b1d,212,,,,MACOSX_METADATA_EXCLUDED,__MACOSX metadata member; excluded from data-tree binding
用户风险接受的候选数据审计,Battery raw data/Cycle Data/39. 60┬░C #3/4. CYC151-215_0.5C @60┬░C.csv,Cycle Data/39. 60°C #3/4. CYC151-215_0.5C @60°C.csv,4d51ee1b,8351010,/Users/wanghaoming/Public/SOC电池数据中心/SOC电池数据中心/Battery raw data/Cycle Data/39. 60°C #3/4. CYC151-215_0.5C @60°C.csv,8351010,4d51ee1b,PASS,RISK_ACCEPTED_SOURCE_BINDING; ZIP mojibake sequence ┬░ normalized to extracted ° when present
用户风险接受的候选数据审计,__MACOSX/Battery raw data/Cycle Data/39. 60┬░C #3/._4. CYC151-215_0.5C @60┬░C.csv,,c7702b1d,212,,,,MACOSX_METADATA_EXCLUDED,__MACOSX metadata member; excluded from data-tree binding
用户风险接受的候选数据审计,Battery raw data/Cycle Data/39. 60┬░C #3/3. CYC101-150_0.5C @60┬░C.csv,Cycle Data/39. 60°C #3/3. CYC101-150_0.5C @60°C.csv,261f4b4e,6646632,/Users/wanghaoming/Public/SOC电池数据中心/SOC电池数据中心/Battery raw data/Cycle Data/39. 60°C #3/3. CYC101-150_0.5C @60°C.csv,6646632,261f4b4e,PASS,RISK_ACCEPTED_SOURCE_BINDING; ZIP mojibake sequence ┬░ normalized to extracted ° when present
用户风险接受的候选数据审计,__MACOSX/Battery raw data/Cycle Data/39. 60┬░C #3/._3. CYC101-150_0.5C @60┬░C.csv,,c7702b1d,212,,,,MACOSX_METADATA_EXCLUDED,__MACOSX metadata member; excluded from data-tree binding
用户风险接受的候选数据审计,Battery raw data/Cycle Data/16. 1V@ 25┬░C #4/2. CYC51-100_1V @25┬░C.csv,Cycle Data/16. 1V@ 25°C #4/2. CYC51-100_1V @25°C.csv,6d4d108b,4579145,/Users/wanghaoming/Public/SOC电池数据中心/SOC电池数据中心/Battery raw data/Cycle Data/16. 1V@ 25°C #4/2. CYC51-100_1V @25°C.csv,4579145,6d4d108b,PASS,RISK_ACCEPTED_SOURCE_BINDING; ZIP mojibake sequence ┬░ normalized to extracted ° when present
用户风险接受的候选数据审计,__MACOSX/Battery raw data/Cycle Data/16. 1V@ 25┬░C #4/._2. CYC51-100_1V @25┬░C.csv,,c7702b1d,212,,,,MACOSX_METADATA_EXCLUDED,__MACOSX metadata member; excluded from data-tree binding
用户风险接受的候选数据审计,Battery raw data/Cycle Data/16. 1V@ 25┬░C #4/1. CYC1-50_1V @25┬░C.csv,Cycle Data/16. 1V@ 25°C #4/1. CYC1-50_1V @25°C.csv,bf53a527,4941149,/Users/wanghaoming/Public/SOC电池数据中心/SOC电池数据中心/Battery raw data/Cycle Data/16. 1V@ 25°C #4/1. CYC1-50_1V @25°C.csv,4941149,bf53a527,PASS,RISK_ACCEPTED_SOURCE_BINDING; ZIP mojibake sequence ┬░ normalized to extracted ° when present
用户风险接受的候选数据审计,__MACOSX/Battery raw data/Cycle Data/16. 1V@ 25┬░C #4/._1. CYC1-50_1V @25┬░C.csv,,c7702b1d,212,,,,MACOSX_METADATA_EXCLUDED,__MACOSX metadata member; excluded from data-tree binding
用户风险接受的候选数据审计,Battery raw data/Cycle Data/16. 1V@ 25┬░C #4/4. CYC151-165_1V @25┬░C.csv,Cycle Data/16. 1V@ 25°C #4/4. CYC151-165_1V @25°C.csv,3de98d2d,1099064,/Users/wanghaoming/Public/SOC电池数据中心/SOC电池数据中心/Battery raw data/Cycle Data/16. 1V@ 25°C #4/4. CYC151-165_1V @25°C.csv,1099064,3de98d2d,PASS,RISK_ACCEPTED_SOURCE_BINDING; ZIP mojibake sequence ┬░ normalized to extracted ° when present
用户风险接受的候选数据审计,__MACOSX/Battery raw data/Cycle Data/16. 1V@ 25┬░C #4/._4. CYC151-165_1V @25┬░C.csv,,c7702b1d,212,,,,MACOSX_METADATA_EXCLUDED,__MACOSX metadata member; excluded from data-tree binding
用户风险接受的候选数据审计,Battery raw data/Cycle Data/16. 1V@ 25┬░C #4/3. CYC101-150_1V @25┬░C.csv,Cycle Data/16. 1V@ 25°C #4/3. CYC101-150_1V @25°C.csv,8d2896c7,4253419,/Users/wanghaoming/Public/SOC电池数据中心/SOC电池数据中心/Battery raw data/Cycle Data/16. 1V@ 25°C #4/3. CYC101-150_1V @25°C.csv,4253419,8d2896c7,PASS,RISK_ACCEPTED_SOURCE_BINDING; ZIP mojibake sequence ┬░ normalized to extracted ° when present
用户风险接受的候选数据审计,__MACOSX/Battery raw data/Cycle Data/16. 1V@ 25┬░C #4/._3. CYC101-150_1V @25┬░C.csv,,c7702b1d,212,,,,MACOSX_METADATA_EXCLUDED,__MACOSX metadata member; excluded from data-tree binding
